1	2	11909511	English	\N	\N	2015-08-11 19:12:20	2015-08-11 19:12:20
1	4	16980585	English	\N	\N	2015-08-11 19:12:21	2015-08-11 19:12:21
1	5	16980607	English	\N	\N	2015-08-11 19:12:21	2015-08-11 19:12:21
1	6	11913067	English	\N	\N	2015-08-11 19:12:21	2015-08-11 19:12:21
1	7	11913071	English	\N	\N	2015-08-11 19:12:21	2015-08-11 19:12:21
1	10	11911053	French	\N	\N	2015-08-11 19:12:22	2015-08-11 19:12:22
1	11	11911053	English	\N	\N	2015-08-11 19:12:22	2015-08-11 19:12:22
1	12	11909758	English	\N	\N	2015-08-11 19:12:22	2015-08-11 19:12:22
1	13	11913039	English	\N	\N	2015-08-11 19:12:24	2015-08-11 19:12:24
1	14	11909865	English	\N	\N	2015-08-11 19:12:25	2015-08-11 19:12:25
1	15	11910486	French	\N	\N	2015-08-11 19:12:25	2015-08-11 19:12:25
1	16	11910486	English	\N	\N	2015-08-11 19:12:25	2015-08-11 19:12:25
1	17	11910486	English	\N	\N	2015-08-11 19:12:25	2015-08-11 19:12:25
1	18	11910486	French	\N	\N	2015-08-11 19:12:25	2015-08-11 19:12:25
1	20	11909350	French	\N	\N	2015-08-11 19:12:27	2015-08-11 19:12:27
1	21	11909350	English	\N	\N	2015-08-11 19:12:27	2015-08-11 19:12:27
1	22	11909350	English	\N	\N	2015-08-11 19:12:27	2015-08-11 19:12:27
1	23	11909350	Spanish	\N	\N	2015-08-11 19:12:27	2015-08-11 19:12:27
1	24	11909359	Spanish	\N	\N	2015-08-11 19:12:27	2015-08-11 19:12:27
1	25	11909359	English	\N	\N	2015-08-11 19:12:27	2015-08-11 19:12:27
1	26	11909359	French	\N	\N	2015-08-11 19:12:27	2015-08-11 19:12:27
1	27	11909345	Spanish	\N	\N	2015-08-11 19:12:27	2015-08-11 19:12:27
1	28	11909345	English	\N	\N	2015-08-11 19:12:27	2015-08-11 19:12:27
1	29	11909345	French	\N	\N	2015-08-11 19:12:27	2015-08-11 19:12:27
1	30	11909307	French	\N	\N	2015-08-11 19:12:28	2015-08-11 19:12:28
1	31	11909307	English	\N	\N	2015-08-11 19:12:28	2015-08-11 19:12:28
1	32	11909307	Spanish	\N	\N	2015-08-11 19:12:28	2015-08-11 19:12:28
1	33	11909314	English	\N	\N	2015-08-11 19:12:28	2015-08-11 19:12:28
1	34	11910041	English	\N	\N	2015-08-11 19:12:28	2015-08-11 19:12:28
1	35	16980788	English	\N	\N	2015-08-11 19:12:28	2015-08-11 19:12:28
1	36	16980803	English	\N	\N	2015-08-11 19:12:29	2015-08-11 19:12:29
1	38	11909176	English	\N	\N	2015-08-11 19:12:30	2015-08-11 19:12:30
1	39	11909176	English	\N	\N	2015-08-11 19:12:30	2015-08-11 19:12:30
1	40	11909176	French	\N	\N	2015-08-11 19:12:30	2015-08-11 19:12:30
1	42	16979287	English	\N	\N	2015-08-11 19:12:30	2015-08-11 19:12:30
1	43	16979287	Spanish	\N	\N	2015-08-11 19:12:30	2015-08-11 19:12:30
1	44	19752060	English	\N	\N	2015-08-11 19:12:31	2015-08-11 19:12:31
1	45	19752060	Spanish	\N	\N	2015-08-11 19:12:31	2015-08-11 19:12:31
1	46	19752060	French	\N	\N	2015-08-11 19:12:31	2015-08-11 19:12:31
1	48	11909807	English	\N	\N	2015-08-11 19:12:32	2015-08-11 19:12:32
1	49	11909807	French	\N	\N	2015-08-11 19:12:32	2015-08-11 19:12:32
1	50	11909302	English	\N	\N	2015-08-11 19:12:33	2015-08-11 19:12:33
1	51	11909302	Spanish	\N	\N	2015-08-11 19:12:33	2015-08-11 19:12:33
1	52	11909302	English	\N	\N	2015-08-11 19:12:33	2015-08-11 19:12:33
1	53	11909302	English	\N	\N	2015-08-11 19:12:33	2015-08-11 19:12:33
1	54	11909302	French	\N	\N	2015-08-11 19:12:33	2015-08-11 19:12:33
1	56	11909188	Spanish	\N	\N	2015-08-11 19:12:33	2015-08-11 19:12:33
1	57	11909188	English	\N	\N	2015-08-11 19:12:33	2015-08-11 19:12:33
1	58	11909188	English	\N	\N	2015-08-11 19:12:33	2015-08-11 19:12:33
1	59	11909188	French	\N	\N	2015-08-11 19:12:33	2015-08-11 19:12:33
1	60	11909397	Spanish	\N	\N	2015-08-11 19:12:34	2015-08-11 19:12:34
1	61	11909397	French	\N	\N	2015-08-11 19:12:34	2015-08-11 19:12:34
1	62	11909397	English	\N	\N	2015-08-11 19:12:34	2015-08-11 19:12:34
1	64	11910383	English	\N	\N	2015-08-11 19:12:35	2015-08-11 19:12:35
1	65	11909558	English	\N	\N	2015-08-11 19:12:35	2015-08-11 19:12:35
1	66	11930531	English	\N	\N	2015-08-11 19:12:37	2015-08-11 19:12:37
1	67	16980176	English	\N	\N	2015-08-11 19:12:39	2015-08-11 19:12:39
1	68	16980176	Spanish	\N	\N	2015-08-11 19:12:39	2015-08-11 19:12:39
1	69	16980176	French	\N	\N	2015-08-11 19:12:39	2015-08-11 19:12:39
1	71	11910332	English	\N	\N	2015-08-11 19:12:39	2015-08-11 19:12:39
1	72	11910332	Spanish	\N	\N	2015-08-11 19:12:39	2015-08-11 19:12:39
1	73	11910332	French	\N	\N	2015-08-11 19:12:39	2015-08-11 19:12:39
1	74	11910325	Spanish	\N	\N	2015-08-11 19:12:39	2015-08-11 19:12:39
1	75	11910325	English	\N	\N	2015-08-11 19:12:39	2015-08-11 19:12:39
1	76	11910325	French	\N	\N	2015-08-11 19:12:39	2015-08-11 19:12:39
1	77	11930567	English	\N	\N	2015-08-11 19:12:40	2015-08-11 19:12:40
1	78	11912668	English	\N	\N	2015-08-11 19:12:40	2015-08-11 19:12:40
1	79	11912668	Spanish	\N	\N	2015-08-11 19:12:40	2015-08-11 19:12:40
1	80	11912668	French	\N	\N	2015-08-11 19:12:40	2015-08-11 19:12:40
1	81	11910317	Spanish	\N	\N	2015-08-11 19:12:40	2015-08-11 19:12:40
1	82	11910317	English	\N	\N	2015-08-11 19:12:41	2015-08-11 19:12:41
1	83	11910317	French	\N	\N	2015-08-11 19:12:41	2015-08-11 19:12:41
1	84	11910309	English	\N	\N	2015-08-11 19:12:41	2015-08-11 19:12:41
1	85	11910309	French	\N	\N	2015-08-11 19:12:41	2015-08-11 19:12:41
1	86	11909851	English	\N	\N	2015-08-11 19:12:41	2015-08-11 19:12:41
1	87	11909851	Spanish	\N	\N	2015-08-11 19:12:41	2015-08-11 19:12:41
1	88	11920890	English	\N	\N	2015-08-11 19:12:44	2015-08-11 19:12:44
1	90	11920898	English	\N	\N	2015-08-11 19:12:47	2015-08-11 19:12:47
1	91	11913043	English	\N	\N	2015-08-11 19:12:47	2015-08-11 19:12:47
1	92	16979632	English	\N	\N	2015-08-11 19:12:48	2015-08-11 19:12:48
1	93	16979641	English	\N	\N	2015-08-11 19:12:48	2015-08-11 19:12:48
1	94	16979641	Spanish	\N	\N	2015-08-11 19:12:48	2015-08-11 19:12:48
1	95	11909788	English	\N	\N	2015-08-11 19:12:48	2015-08-11 19:12:48
1	96	11910243	English	\N	\N	2015-08-11 19:12:49	2015-08-11 19:12:49
1	97	11910243	English	\N	\N	2015-08-11 19:12:49	2015-08-11 19:12:49
1	98	11910243	French	\N	\N	2015-08-11 19:12:49	2015-08-11 19:12:49
1	99	11910249	English	\N	\N	2015-08-11 19:12:49	2015-08-11 19:12:49
1	100	11913086	Spanish	\N	\N	2015-08-11 19:12:50	2015-08-11 19:12:50
1	101	11913086	English	\N	\N	2015-08-11 19:12:50	2015-08-11 19:12:50
1	102	11909247	English	\N	\N	2015-08-11 19:12:51	2015-08-11 19:12:51
1	105	11913120	English	\N	\N	2015-08-11 19:12:52	2015-08-11 19:12:52
1	107	11913050	English	\N	\N	2015-08-11 19:12:52	2015-08-11 19:12:52
1	108	16979537	English	\N	\N	2015-08-11 19:12:52	2015-08-11 19:12:52
1	109	16981443	English	\N	\N	2015-08-11 19:12:53	2015-08-11 19:12:53
1	110	16981447	English	\N	\N	2015-08-11 19:12:53	2015-08-11 19:12:53
1	111	16979879	English	\N	\N	2015-08-11 19:12:53	2015-08-11 19:12:53
1	112	16981451	English	\N	\N	2015-08-11 19:12:53	2015-08-11 19:12:53
1	113	11909844	English	\N	\N	2015-08-11 19:12:54	2015-08-11 19:12:54
1	114	11913117	English	\N	\N	2015-08-11 19:12:54	2015-08-11 19:12:54
1	115	16981458	English	\N	\N	2015-08-11 19:12:54	2015-08-11 19:12:54
1	116	11910532	English	\N	\N	2015-08-11 19:12:54	2015-08-11 19:12:54
1	117	11910532	English	\N	\N	2015-08-11 19:12:54	2015-08-11 19:12:54
1	118	11910532	French	\N	\N	2015-08-11 19:12:54	2015-08-11 19:12:54
1	119	11910532	Spanish	\N	\N	2015-08-11 19:12:55	2015-08-11 19:12:55
1	120	11910532	English	\N	\N	2015-08-11 19:12:55	2015-08-11 19:12:55
1	121	11914915	English	\N	\N	2015-08-11 19:12:55	2015-08-11 19:12:55
1	122	16981464	English	\N	\N	2015-08-11 19:12:55	2015-08-11 19:12:55
1	123	16981468	English	\N	\N	2015-08-11 19:12:55	2015-08-11 19:12:55
1	124	16981472	English	\N	\N	2015-08-11 19:12:55	2015-08-11 19:12:55
1	125	16981487	English	\N	\N	2015-08-11 19:12:56	2015-08-11 19:12:56
1	126	16981490	English	\N	\N	2015-08-11 19:12:56	2015-08-11 19:12:56
1	127	16981494	English	\N	\N	2015-08-11 19:12:56	2015-08-11 19:12:56
1	128	16981498	English	\N	\N	2015-08-11 19:12:56	2015-08-11 19:12:56
1	129	16981502	English	\N	\N	2015-08-11 19:12:56	2015-08-11 19:12:56
1	132	16981506	English	\N	\N	2015-08-11 19:12:57	2015-08-11 19:12:57
1	133	16981510	English	\N	\N	2015-08-11 19:12:58	2015-08-11 19:12:58
1	134	16981514	English	\N	\N	2015-08-11 19:12:58	2015-08-11 19:12:58
1	135	16981518	English	\N	\N	2015-08-11 19:12:58	2015-08-11 19:12:58
1	136	16981525	English	\N	\N	2015-08-11 19:12:58	2015-08-11 19:12:58
1	137	16981529	English	\N	\N	2015-08-11 19:12:58	2015-08-11 19:12:58
1	138	16981537	English	\N	\N	2015-08-11 19:12:59	2015-08-11 19:12:59
1	139	16981545	English	\N	\N	2015-08-11 19:12:59	2015-08-11 19:12:59
1	140	16980302	English	\N	\N	2015-08-11 19:12:59	2015-08-11 19:12:59
1	141	16980302	French	\N	\N	2015-08-11 19:12:59	2015-08-11 19:12:59
1	142	16980302	Spanish	\N	\N	2015-08-11 19:12:59	2015-08-11 19:12:59
1	143	16980302	English	\N	\N	2015-08-11 19:12:59	2015-08-11 19:12:59
1	145	11909796	English	\N	\N	2015-08-11 19:12:59	2015-08-11 19:12:59
1	149	11913128	English	\N	\N	2015-08-11 19:13:00	2015-08-11 19:13:00
1	150	11910391	English	\N	\N	2015-08-11 19:13:01	2015-08-11 19:13:01
1	151	11909291	English	\N	\N	2015-08-11 19:13:02	2015-08-11 19:13:02
1	152	11913046	English	\N	\N	2015-08-11 19:13:02	2015-08-11 19:13:02
1	159	11909200	English	\N	\N	2015-08-11 19:13:08	2015-08-11 19:13:08
1	160	11909475	English	\N	\N	2015-08-11 19:13:08	2015-08-11 19:13:08
1	162	16982073	English	\N	\N	2015-08-11 19:13:08	2015-08-11 19:13:08
1	163	16980190	English	\N	\N	2015-08-11 19:13:09	2015-08-11 19:13:09
1	164	16982092	English	\N	\N	2015-08-11 19:13:09	2015-08-11 19:13:09
1	165	16980516	English	\N	\N	2015-08-11 19:13:10	2015-08-11 19:13:10
1	166	16980516	French	\N	\N	2015-08-11 19:13:10	2015-08-11 19:13:10
1	167	16980516	Spanish	\N	\N	2015-08-11 19:13:10	2015-08-11 19:13:10
1	168	11930132	English	\N	\N	2015-08-11 19:13:10	2015-08-11 19:13:10
1	169	11909726	English	\N	\N	2015-08-11 19:13:11	2015-08-11 19:13:11
1	170	11909730	English	\N	\N	2015-08-11 19:13:11	2015-08-11 19:13:11
1	171	11909730	French	\N	\N	2015-08-11 19:13:11	2015-08-11 19:13:11
1	173	11910509	English	\N	\N	2015-08-11 19:13:12	2015-08-11 19:13:12
1	174	11910509	French	\N	\N	2015-08-11 19:13:12	2015-08-11 19:13:12
1	175	11909019	English	\N	\N	2015-08-11 19:13:13	2015-08-11 19:13:13
1	176	11909019	Spanish	\N	\N	2015-08-11 19:13:13	2015-08-11 19:13:13
1	177	11909019	French	\N	\N	2015-08-11 19:13:13	2015-08-11 19:13:13
1	178	11910354	English	\N	\N	2015-08-11 19:13:14	2015-08-11 19:13:14
1	180	11910398	English	\N	\N	2015-08-11 19:13:14	2015-08-11 19:13:14
1	182	11913064	English	\N	\N	2015-08-11 19:13:15	2015-08-11 19:13:15
1	183	11913057	English	\N	\N	2015-08-11 19:13:16	2015-08-11 19:13:16
1	184	11910373	French	\N	\N	2015-08-11 19:13:16	2015-08-11 19:13:16
1	185	11910373	Spanish	\N	\N	2015-08-11 19:13:16	2015-08-11 19:13:16
1	186	11910373	English	\N	\N	2015-08-11 19:13:16	2015-08-11 19:13:16
1	187	11910373	French	\N	\N	2015-08-11 19:13:16	2015-08-11 19:13:16
1	188	16982555	English	\N	\N	2015-08-11 19:13:17	2015-08-11 19:13:17
1	189	16982559	English	\N	\N	2015-08-11 19:13:17	2015-08-11 19:13:17
1	190	11909403	Spanish	\N	\N	2015-08-11 19:13:17	2015-08-11 19:13:17
1	191	11909403	English	\N	\N	2015-08-11 19:13:17	2015-08-11 19:13:17
1	192	11909403	French	\N	\N	2015-08-11 19:13:17	2015-08-11 19:13:17
1	193	19752023	English	\N	\N	2015-08-11 19:13:18	2015-08-11 19:13:18
1	194	19752023	Spanish	\N	\N	2015-08-11 19:13:18	2015-08-11 19:13:18
1	195	19752023	French	\N	\N	2015-08-11 19:13:18	2015-08-11 19:13:18
1	200	11911164	English	\N	\N	2015-08-11 19:13:20	2015-08-11 19:13:20
1	201	16982819	English	\N	\N	2015-08-11 19:13:21	2015-08-11 19:13:21
1	202	16981753	English	\N	\N	2015-08-11 19:13:21	2015-08-11 19:13:21
1	203	16981757	English	\N	\N	2015-08-11 19:13:21	2015-08-11 19:13:21
1	206	11916218	English	\N	\N	2015-08-11 19:13:22	2015-08-11 19:13:22
1	207	11912784	English	\N	\N	2015-08-11 19:13:22	2015-08-11 19:13:22
1	208	11912784	English	\N	\N	2015-08-11 19:13:22	2015-08-11 19:13:22
1	209	11910415	English	\N	\N	2015-08-11 19:13:22	2015-08-11 19:13:22
1	210	11910415	Spanish	\N	\N	2015-08-11 19:13:22	2015-08-11 19:13:22
1	211	11910415	French	\N	\N	2015-08-11 19:13:22	2015-08-11 19:13:22
1	212	11916220	English	\N	\N	2015-08-11 19:13:23	2015-08-11 19:13:23
1	213	11909754	English	\N	\N	2015-08-11 19:13:23	2015-08-11 19:13:23
1	214	16982821	English	\N	\N	2015-08-11 19:13:24	2015-08-11 19:13:24
1	215	16982826	English	\N	\N	2015-08-11 19:13:24	2015-08-11 19:13:24
1	216	16982833	English	\N	\N	2015-08-11 19:13:24	2015-08-11 19:13:24
1	217	11916242	English	\N	\N	2015-08-11 19:13:24	2015-08-11 19:13:24
1	218	16982840	English	\N	\N	2015-08-11 19:13:25	2015-08-11 19:13:25
1	219	11916250	English	\N	\N	2015-08-11 19:13:25	2015-08-11 19:13:25
1	220	16982847	English	\N	\N	2015-08-11 19:13:26	2015-08-11 19:13:26
1	221	16982847	English	\N	\N	2015-08-11 19:13:26	2015-08-11 19:13:26
1	222	16982850	English	\N	\N	2015-08-11 19:13:27	2015-08-11 19:13:27
1	223	16982852	English	\N	\N	2015-08-11 19:13:27	2015-08-11 19:13:27
1	224	16982855	English	\N	\N	2015-08-11 19:13:27	2015-08-11 19:13:27
1	225	16982859	English	\N	\N	2015-08-11 19:13:27	2015-08-11 19:13:27
1	226	16982863	English	\N	\N	2015-08-11 19:13:27	2015-08-11 19:13:27
1	227	16982866	English	\N	\N	2015-08-11 19:13:28	2015-08-11 19:13:28
1	228	16982870	English	\N	\N	2015-08-11 19:13:28	2015-08-11 19:13:28
1	229	16982874	English	\N	\N	2015-08-11 19:13:28	2015-08-11 19:13:28
1	230	16982879	English	\N	\N	2015-08-11 19:13:28	2015-08-11 19:13:28
1	232	11910367	English	\N	\N	2015-08-11 19:13:28	2015-08-11 19:13:28
1	233	11910367	French	\N	\N	2015-08-11 19:13:28	2015-08-11 19:13:28
1	234	11910339	English	\N	\N	2015-08-11 19:13:29	2015-08-11 19:13:29
1	235	11910339	Spanish	\N	\N	2015-08-11 19:13:29	2015-08-11 19:13:29
1	236	11910339	French	\N	\N	2015-08-11 19:13:29	2015-08-11 19:13:29
1	237	11910343	Spanish	\N	\N	2015-08-11 19:13:29	2015-08-11 19:13:29
1	238	11910343	English	\N	\N	2015-08-11 19:13:29	2015-08-11 19:13:29
1	239	11910343	French	\N	\N	2015-08-11 19:13:29	2015-08-11 19:13:29
1	240	16982886	English	\N	\N	2015-08-11 19:13:29	2015-08-11 19:13:29
1	241	16982903	English	\N	\N	2015-08-11 19:13:30	2015-08-11 19:13:30
1	242	11909416	Spanish	\N	\N	2015-08-11 19:13:33	2015-08-11 19:13:33
1	243	11909416	French	\N	\N	2015-08-11 19:13:33	2015-08-11 19:13:33
1	244	11909416	English	\N	\N	2015-08-11 19:13:33	2015-08-11 19:13:33
1	246	11909432	English	\N	\N	2015-08-11 19:13:34	2015-08-11 19:13:34
1	247	11909432	French	\N	\N	2015-08-11 19:13:34	2015-08-11 19:13:34
1	248	11909428	English	\N	\N	2015-08-11 19:13:34	2015-08-11 19:13:34
1	249	11909428	Spanish	\N	\N	2015-08-11 19:13:34	2015-08-11 19:13:34
1	250	11909428	French	\N	\N	2015-08-11 19:13:34	2015-08-11 19:13:34
1	251	11913113	English	\N	\N	2015-08-11 19:13:35	2015-08-11 19:13:35
1	252	11913098	English	\N	\N	2015-08-11 19:13:35	2015-08-11 19:13:35
1	253	11913109	English	\N	\N	2015-08-11 19:13:36	2015-08-11 19:13:36
1	254	11913101	English	\N	\N	2015-08-11 19:13:37	2015-08-11 19:13:37
1	255	11913105	English	\N	\N	2015-08-11 19:13:37	2015-08-11 19:13:37
1	256	11909742	English	\N	\N	2015-08-11 19:13:38	2015-08-11 19:13:38
1	257	11909750	English	\N	\N	2015-08-11 19:13:38	2015-08-11 19:13:38
1	258	11909738	English	\N	\N	2015-08-11 19:13:38	2015-08-11 19:13:38
1	259	16979637	English	\N	\N	2015-08-11 19:13:39	2015-08-11 19:13:39
1	260	11909136	English	\N	\N	2015-08-11 19:13:39	2015-08-11 19:13:39
1	261	11909136	Spanish	\N	\N	2015-08-11 19:13:39	2015-08-11 19:13:39
1	262	11909136	French	\N	\N	2015-08-11 19:13:39	2015-08-11 19:13:39
1	263	16980527	English	\N	\N	2015-08-11 19:13:39	2015-08-11 19:13:39
1	264	16979541	English	\N	\N	2015-08-11 19:13:40	2015-08-11 19:13:40
1	265	19752027	English	\N	\N	2015-08-11 19:13:40	2015-08-11 19:13:40
1	266	19752027	English	\N	\N	2015-08-11 19:13:40	2015-08-11 19:13:40
1	267	19752027	Spanish	\N	\N	2015-08-11 19:13:40	2015-08-11 19:13:40
1	268	19752027	French	\N	\N	2015-08-11 19:13:40	2015-08-11 19:13:40
1	269	11909792	English	\N	\N	2015-08-11 19:13:41	2015-08-11 19:13:41
1	270	16983621	English	\N	\N	2015-08-11 19:13:41	2015-08-11 19:13:41
1	272	11909203	Spanish	\N	\N	2015-08-11 19:13:41	2015-08-11 19:13:41
1	273	11909203	English	\N	\N	2015-08-11 19:13:41	2015-08-11 19:13:41
1	274	11909203	English	\N	\N	2015-08-11 19:13:41	2015-08-11 19:13:41
1	275	11909203	French	\N	\N	2015-08-11 19:13:41	2015-08-11 19:13:41
1	276	11913090	English	\N	\N	2015-08-11 19:13:42	2015-08-11 19:13:42
1	278	11909874	English	\N	\N	2015-08-11 19:13:44	2015-08-11 19:13:44
1	279	11909878	English	\N	\N	2015-08-11 19:13:44	2015-08-11 19:13:44
1	280	11909878	English	\N	\N	2015-08-11 19:13:44	2015-08-11 19:13:44
1	281	16983638	English	\N	\N	2015-08-11 19:13:44	2015-08-11 19:13:44
1	282	16983642	English	\N	\N	2015-08-11 19:13:44	2015-08-11 19:13:44
1	283	16983654	English	\N	\N	2015-08-11 19:13:45	2015-08-11 19:13:45
1	285	16983698	English	\N	\N	2015-08-11 19:13:45	2015-08-11 19:13:45
1	286	11909764	English	\N	\N	2015-08-11 19:13:45	2015-08-11 19:13:45
1	287	11909768	English	\N	\N	2015-08-11 19:13:45	2015-08-11 19:13:45
1	288	11910166	English	\N	\N	2015-08-11 19:13:46	2015-08-11 19:13:46
1	289	11921800	English	\N	\N	2015-08-11 19:13:46	2015-08-11 19:13:46
1	290	11921797	English	\N	\N	2015-08-11 19:13:46	2015-08-11 19:13:46
1	291	16983793	English	\N	\N	2015-08-11 19:13:47	2015-08-11 19:13:47
1	293	16979308	French	\N	\N	2015-08-11 19:13:48	2015-08-11 19:13:48
1	294	16979308	English	\N	\N	2015-08-11 19:13:48	2015-08-11 19:13:48
1	295	16979308	Spanish	\N	\N	2015-08-11 19:13:48	2015-08-11 19:13:48
1	296	11913053	English	\N	\N	2015-08-11 19:13:49	2015-08-11 19:13:49
1	297	11909772	English	\N	\N	2015-08-11 19:13:49	2015-08-11 19:13:49
1	298	11909776	English	\N	\N	2015-08-11 19:13:50	2015-08-11 19:13:50
1	299	11909780	English	\N	\N	2015-08-11 19:13:50	2015-08-11 19:13:50
1	300	11909784	English	\N	\N	2015-08-11 19:13:50	2015-08-11 19:13:50
1	301	11909869	French	\N	\N	2015-08-11 19:13:50	2015-08-11 19:13:50
1	302	11909869	English	\N	\N	2015-08-11 19:13:50	2015-08-11 19:13:50
1	303	11909869	English	\N	\N	2015-08-11 19:13:50	2015-08-11 19:13:50
1	304	11910379	English	\N	\N	2015-08-11 19:13:51	2015-08-11 19:13:51
1	305	11910379	Spanish	\N	\N	2015-08-11 19:13:51	2015-08-11 19:13:51
1	306	11910379	French	\N	\N	2015-08-11 19:13:51	2015-08-11 19:13:51
1	308	11909861	English	\N	\N	2015-08-11 19:13:51	2015-08-11 19:13:51
1	309	11909861	Spanish	\N	\N	2015-08-11 19:13:51	2015-08-11 19:13:51
1	310	11909861	French	\N	\N	2015-08-11 19:13:51	2015-08-11 19:13:51
1	311	11909861	English	\N	\N	2015-08-11 19:13:51	2015-08-11 19:13:51
1	312	11930186	English	\N	\N	2015-08-11 19:13:52	2015-08-11 19:13:52
1	313	16984010	English	\N	\N	2015-08-11 19:13:52	2015-08-11 19:13:52
1	314	16984013	English	\N	\N	2015-08-11 19:13:52	2015-08-11 19:13:52
1	315	16984017	English	\N	\N	2015-08-11 19:13:52	2015-08-11 19:13:52
1	316	16984021	English	\N	\N	2015-08-11 19:13:53	2015-08-11 19:13:53
1	317	16984029	English	\N	\N	2015-08-11 19:13:53	2015-08-11 19:13:53
1	318	16984032	English	\N	\N	2015-08-11 19:13:53	2015-08-11 19:13:53
1	319	16984036	English	\N	\N	2015-08-11 19:13:53	2015-08-11 19:13:53
1	320	16984041	English	\N	\N	2015-08-11 19:13:54	2015-08-11 19:13:54
1	321	16984045	English	\N	\N	2015-08-11 19:13:54	2015-08-11 19:13:54
1	322	16984052	English	\N	\N	2015-08-11 19:13:54	2015-08-11 19:13:54
1	323	16984057	English	\N	\N	2015-08-11 19:13:54	2015-08-11 19:13:54
1	324	16984061	English	\N	\N	2015-08-11 19:13:55	2015-08-11 19:13:55
1	325	16984065	English	\N	\N	2015-08-11 19:13:55	2015-08-11 19:13:55
1	326	16984072	English	\N	\N	2015-08-11 19:13:55	2015-08-11 19:13:55
1	327	16984076	English	\N	\N	2015-08-11 19:13:55	2015-08-11 19:13:55
1	328	16984084	English	\N	\N	2015-08-11 19:13:56	2015-08-11 19:13:56
1	329	16984088	English	\N	\N	2015-08-11 19:13:56	2015-08-11 19:13:56
1	330	16984091	English	\N	\N	2015-08-11 19:13:56	2015-08-11 19:13:56
1	331	16984095	English	\N	\N	2015-08-11 19:13:56	2015-08-11 19:13:56
1	332	16984099	English	\N	\N	2015-08-11 19:13:57	2015-08-11 19:13:57
1	333	16984103	English	\N	\N	2015-08-11 19:13:57	2015-08-11 19:13:57
1	334	11920894	English	\N	\N	2015-08-11 19:13:57	2015-08-11 19:13:57
1	337	16979908	English	\N	\N	2015-08-11 19:13:57	2015-08-11 19:13:57
1	338	16979908	French	\N	\N	2015-08-11 19:13:57	2015-08-11 19:13:57
1	339	16984115	Spanish	\N	\N	2015-08-11 19:13:58	2015-08-11 19:13:58
1	340	16984115	English	\N	\N	2015-08-11 19:13:58	2015-08-11 19:13:58
1	341	11909258	English	\N	\N	2015-08-11 19:13:58	2015-08-11 19:13:58
1	342	11909258	French	\N	\N	2015-08-11 19:13:58	2015-08-11 19:13:58
1	345	11910262	English	\N	\N	2015-08-11 19:13:59	2015-08-11 19:13:59
1	346	11910262	Spanish	\N	\N	2015-08-11 19:13:59	2015-08-11 19:13:59
1	347	11910262	English	\N	\N	2015-08-11 19:13:59	2015-08-11 19:13:59
1	348	11910262	French	\N	\N	2015-08-11 19:13:59	2015-08-11 19:13:59
1	349	11910256	English	\N	\N	2015-08-11 19:13:59	2015-08-11 19:13:59
1	350	11909746	English	\N	\N	2015-08-11 19:14:00	2015-08-11 19:14:00
1	351	11909746	English	\N	\N	2015-08-11 19:14:00	2015-08-11 19:14:00
1	354	16984604	English	\N	\N	2015-08-11 19:14:01	2015-08-11 19:14:01
1	355	11910371	English	\N	\N	2015-08-11 19:14:02	2015-08-11 19:14:02
1	356	16979545	English	\N	\N	2015-08-11 19:14:03	2015-08-11 19:14:03
1	357	16979545	English	\N	\N	2015-08-11 19:14:03	2015-08-11 19:14:03
1	358	11910439	English	\N	\N	2015-08-11 19:14:03	2015-08-11 19:14:03
1	359	11910439	French	\N	\N	2015-08-11 19:14:03	2015-08-11 19:14:03
1	363	16979615	English	\N	\N	2015-08-11 19:14:07	2015-08-11 19:14:07
1	365	11909410	English	\N	\N	2015-08-11 19:14:07	2015-08-11 19:14:07
1	366	11909410	French	\N	\N	2015-08-11 19:14:07	2015-08-11 19:14:07
1	367	11910406	Spanish	\N	\N	2015-08-11 19:14:07	2015-08-11 19:14:07
1	368	11910406	English	\N	\N	2015-08-11 19:14:07	2015-08-11 19:14:07
1	369	11910406	English	\N	\N	2015-08-11 19:14:07	2015-08-11 19:14:07
1	370	11910406	French	\N	\N	2015-08-11 19:14:07	2015-08-11 19:14:07
1	371	11910450	Spanish	\N	\N	2015-08-11 19:14:08	2015-08-11 19:14:08
1	372	11910450	English	\N	\N	2015-08-11 19:14:08	2015-08-11 19:14:08
1	373	11910450	French	\N	\N	2015-08-11 19:14:08	2015-08-11 19:14:08
1	374	16985206	English	\N	\N	2015-08-11 19:14:08	2015-08-11 19:14:08
1	375	16985211	English	\N	\N	2015-08-11 19:14:09	2015-08-11 19:14:09
1	376	11910516	English	\N	\N	2015-08-11 19:14:09	2015-08-11 19:14:09
1	377	11913075	English	\N	\N	2015-08-11 19:14:09	2015-08-11 19:14:09
1	378	11913082	English	\N	\N	2015-08-11 19:14:10	2015-08-11 19:14:10
1	380	16980399	English	\N	\N	2015-08-11 19:14:10	2015-08-11 19:14:10
1	381	11910403	English	\N	\N	2015-08-11 19:14:11	2015-08-11 19:14:11
1	382	16985419	English	\N	\N	2015-08-11 19:14:11	2015-08-11 19:14:11
1	383	16984378	English	\N	\N	2015-08-11 19:14:12	2015-08-11 19:14:12
1	384	16984382	English	\N	\N	2015-08-11 19:14:12	2015-08-11 19:14:12
1	385	16984386	Spanish	\N	\N	2015-08-11 19:14:12	2015-08-11 19:14:12
1	386	16984386	English	\N	\N	2015-08-11 19:14:12	2015-08-11 19:14:12
1	387	16985451	English	\N	\N	2015-08-11 19:14:14	2015-08-11 19:14:14
1	388	16985455	English	\N	\N	2015-08-11 19:14:14	2015-08-11 19:14:14
1	389	16985463	English	\N	\N	2015-08-11 19:14:14	2015-08-11 19:14:14
1	390	16985466	English	\N	\N	2015-08-11 19:14:15	2015-08-11 19:14:15
1	391	16985470	Spanish	\N	\N	2015-08-11 19:14:15	2015-08-11 19:14:15
1	392	16985470	English	\N	\N	2015-08-11 19:14:15	2015-08-11 19:14:15
1	393	16979500	English	\N	\N	2015-08-11 19:14:15	2015-08-11 19:14:15
1	394	16979500	Spanish	\N	\N	2015-08-11 19:14:15	2015-08-11 19:14:15
1	395	16979512	Spanish	\N	\N	2015-08-11 19:14:16	2015-08-11 19:14:16
1	396	16979512	English	\N	\N	2015-08-11 19:14:16	2015-08-11 19:14:16
1	397	16985474	English	\N	\N	2015-08-11 19:14:16	2015-08-11 19:14:16
1	398	16985481	English	\N	\N	2015-08-11 19:14:17	2015-08-11 19:14:17
1	399	11910297	English	\N	\N	2015-08-11 19:14:17	2015-08-11 19:14:17
1	400	11910297	French	\N	\N	2015-08-11 19:14:17	2015-08-11 19:14:17
1	401	11910303	English	\N	\N	2015-08-11 19:14:18	2015-08-11 19:14:18
1	402	11910303	French	\N	\N	2015-08-11 19:14:18	2015-08-11 19:14:18
1	403	11910295	Spanish	\N	\N	2015-08-11 19:14:18	2015-08-11 19:14:18
1	404	11910295	English	\N	\N	2015-08-11 19:14:18	2015-08-11 19:14:18
1	405	11910295	French	\N	\N	2015-08-11 19:14:18	2015-08-11 19:14:18
1	406	16985485	English	\N	\N	2015-08-11 19:14:18	2015-08-11 19:14:18
1	408	16985489	English	\N	\N	2015-08-11 19:14:18	2015-08-11 19:14:18
1	409	16985497	English	\N	\N	2015-08-11 19:14:18	2015-08-11 19:14:18
1	410	16985504	English	\N	\N	2015-08-11 19:14:19	2015-08-11 19:14:19
1	412	16980330	French	\N	\N	2015-08-11 19:14:20	2015-08-11 19:14:20
1	413	16980330	English	\N	\N	2015-08-11 19:14:20	2015-08-11 19:14:20
1	414	16980330	English	\N	\N	2015-08-11 19:14:20	2015-08-11 19:14:20
1	415	11909829	French	\N	\N	2015-08-11 19:14:20	2015-08-11 19:14:20
1	416	11909829	English	\N	\N	2015-08-11 19:14:20	2015-08-11 19:14:20
1	418	11910205	English	\N	\N	2015-08-11 19:14:20	2015-08-11 19:14:20
1	420	19752053	English	\N	\N	2015-08-11 19:14:21	2015-08-11 19:14:21
1	421	19752053	Spanish	\N	\N	2015-08-11 19:14:21	2015-08-11 19:14:21
1	422	19752053	French	\N	\N	2015-08-11 19:14:21	2015-08-11 19:14:21
3	1	175299	English	\N	\N	2015-08-11 19:12:20	2015-08-11 19:12:20
3	2	175333	English	\N	\N	2015-08-11 19:12:20	2015-08-11 19:12:20
3	3	178667	English	\N	\N	2015-08-11 19:12:20	2015-08-11 19:12:20
3	4	558407	English	\N	\N	2015-08-11 19:12:21	2015-08-11 19:12:21
3	5	558429	English	\N	\N	2015-08-11 19:12:21	2015-08-11 19:12:21
3	6	554618	English	\N	\N	2015-08-11 19:12:21	2015-08-11 19:12:21
3	7	554622	English	\N	\N	2015-08-11 19:12:21	2015-08-11 19:12:21
3	8	176611	English	\N	\N	2015-08-11 19:12:21	2015-08-11 19:12:21
3	9	178695	English	\N	\N	2015-08-11 19:12:22	2015-08-11 19:12:22
3	10	177938	French	\N	\N	2015-08-11 19:12:22	2015-08-11 19:12:22
3	12	175710	English	\N	\N	2015-08-11 19:12:22	2015-08-11 19:12:22
3	13	554562	English	\N	\N	2015-08-11 19:12:24	2015-08-11 19:12:24
3	14	175910	English	\N	\N	2015-08-11 19:12:25	2015-08-11 19:12:25
3	18	176982	French	\N	\N	2015-08-11 19:12:25	2015-08-11 19:12:25
3	19	175062	English	\N	\N	2015-08-11 19:12:26	2015-08-11 19:12:26
3	20	175081	French	\N	\N	2015-08-11 19:12:27	2015-08-11 19:12:27
3	26	175092	French	\N	\N	2015-08-11 19:12:27	2015-08-11 19:12:27
3	29	175073	French	\N	\N	2015-08-11 19:12:27	2015-08-11 19:12:27
3	30	175020	French	\N	\N	2015-08-11 19:12:28	2015-08-11 19:12:28
3	33	175033	English	\N	\N	2015-08-11 19:12:28	2015-08-11 19:12:28
3	34	176192	English	\N	\N	2015-08-11 19:12:28	2015-08-11 19:12:28
3	35	558647	English	\N	\N	2015-08-11 19:12:29	2015-08-11 19:12:29
3	36	558662	English	\N	\N	2015-08-11 19:12:29	2015-08-11 19:12:29
3	37	178006	English	\N	\N	2015-08-11 19:12:29	2015-08-11 19:12:29
3	40	174781	French	\N	\N	2015-08-11 19:12:30	2015-08-11 19:12:30
3	41	177931	English	\N	\N	2015-08-11 19:12:30	2015-08-11 19:12:30
3	43	178759	Spanish	\N	\N	2015-08-11 19:12:30	2015-08-11 19:12:30
3	45	178841	Spanish	\N	\N	2015-08-11 19:12:31	2015-08-11 19:12:31
3	47	178528	English	\N	\N	2015-08-11 19:12:32	2015-08-11 19:12:32
3	49	175790	French	\N	\N	2015-08-11 19:12:32	2015-08-11 19:12:32
3	54	175011	French	\N	\N	2015-08-11 19:12:33	2015-08-11 19:12:33
3	55	174802	English	\N	\N	2015-08-11 19:12:33	2015-08-11 19:12:33
3	58	174803	English	\N	\N	2015-08-11 19:12:34	2015-08-11 19:12:34
3	61	175141	French	\N	\N	2015-08-11 19:12:34	2015-08-11 19:12:34
3	63	176745	English	\N	\N	2015-08-11 19:12:34	2015-08-11 19:12:34
3	64	176749	English	\N	\N	2015-08-11 19:12:35	2015-08-11 19:12:35
3	65	175383	English	\N	\N	2015-08-11 19:12:35	2015-08-11 19:12:35
3	66	824501	English	\N	\N	2015-08-11 19:12:37	2015-08-11 19:12:37
3	69	179526	French	\N	\N	2015-08-11 19:12:39	2015-08-11 19:12:39
3	70	176641	English	\N	\N	2015-08-11 19:12:39	2015-08-11 19:12:39
3	73	176669	French	\N	\N	2015-08-11 19:12:39	2015-08-11 19:12:39
3	75	824529	English	\N	\N	2015-08-11 19:12:39	2015-08-11 19:12:39
3	76	176661	French	\N	\N	2015-08-11 19:12:39	2015-08-11 19:12:39
3	77	824537	English	\N	\N	2015-08-11 19:12:40	2015-08-11 19:12:40
3	80	554145	French	\N	\N	2015-08-11 19:12:40	2015-08-11 19:12:40
3	83	176653	French	\N	\N	2015-08-11 19:12:41	2015-08-11 19:12:41
3	85	176645	French	\N	\N	2015-08-11 19:12:41	2015-08-11 19:12:41
3	87	175877	Spanish	\N	\N	2015-08-11 19:12:41	2015-08-11 19:12:41
3	88	685718	English	\N	\N	2015-08-11 19:12:44	2015-08-11 19:12:44
3	89	179225	English	\N	\N	2015-08-11 19:12:46	2015-08-11 19:12:46
3	90	685726	English	\N	\N	2015-08-11 19:12:47	2015-08-11 19:12:47
3	91	554568	English	\N	\N	2015-08-11 19:12:48	2015-08-11 19:12:48
3	92	178810	English	\N	\N	2015-08-11 19:12:48	2015-08-11 19:12:48
3	94	178826	Spanish	\N	\N	2015-08-11 19:12:48	2015-08-11 19:12:48
3	95	175748	English	\N	\N	2015-08-11 19:12:48	2015-08-11 19:12:48
3	98	176532	French	\N	\N	2015-08-11 19:12:49	2015-08-11 19:12:49
3	99	176540	English	\N	\N	2015-08-11 19:12:49	2015-08-11 19:12:49
3	101	554637	English	\N	\N	2015-08-11 19:12:50	2015-08-11 19:12:50
3	102	174909	English	\N	\N	2015-08-11 19:12:51	2015-08-11 19:12:51
3	103	174770	French	\N	\N	2015-08-11 19:12:52	2015-08-11 19:12:52
3	104	177842	English	\N	\N	2015-08-11 19:12:52	2015-08-11 19:12:52
3	105	554674	English	\N	\N	2015-08-11 19:12:52	2015-08-11 19:12:52
3	106	175146	English	\N	\N	2015-08-11 19:12:52	2015-08-11 19:12:52
3	107	554578	English	\N	\N	2015-08-11 19:12:52	2015-08-11 19:12:52
3	108	178679	English	\N	\N	2015-08-11 19:12:52	2015-08-11 19:12:52
3	109	559371	English	\N	\N	2015-08-11 19:12:53	2015-08-11 19:12:53
3	110	559375	English	\N	\N	2015-08-11 19:12:53	2015-08-11 19:12:53
3	111	179170	English	\N	\N	2015-08-11 19:12:53	2015-08-11 19:12:53
3	112	559380	English	\N	\N	2015-08-11 19:12:53	2015-08-11 19:12:53
3	113	175869	English	\N	\N	2015-08-11 19:12:54	2015-08-11 19:12:54
3	114	554669	English	\N	\N	2015-08-11 19:12:54	2015-08-11 19:12:54
3	115	559388	English	\N	\N	2015-08-11 19:12:54	2015-08-11 19:12:54
3	116	177071	English	\N	\N	2015-08-11 19:12:55	2015-08-11 19:12:55
3	121	559391	English	\N	\N	2015-08-11 19:12:55	2015-08-11 19:12:55
3	122	559395	English	\N	\N	2015-08-11 19:12:55	2015-08-11 19:12:55
3	123	559399	English	\N	\N	2015-08-11 19:12:55	2015-08-11 19:12:55
3	124	559403	English	\N	\N	2015-08-11 19:12:55	2015-08-11 19:12:55
3	125	559418	English	\N	\N	2015-08-11 19:12:56	2015-08-11 19:12:56
3	126	559421	English	\N	\N	2015-08-11 19:12:56	2015-08-11 19:12:56
3	127	559425	English	\N	\N	2015-08-11 19:12:56	2015-08-11 19:12:56
3	128	559429	English	\N	\N	2015-08-11 19:12:56	2015-08-11 19:12:56
3	129	559433	English	\N	\N	2015-08-11 19:12:56	2015-08-11 19:12:56
3	130	178133	English	\N	\N	2015-08-11 19:12:57	2015-08-11 19:12:57
3	131	178102	French	\N	\N	2015-08-11 19:12:57	2015-08-11 19:12:57
3	132	559437	English	\N	\N	2015-08-11 19:12:57	2015-08-11 19:12:57
3	133	559441	English	\N	\N	2015-08-11 19:12:58	2015-08-11 19:12:58
3	134	559445	English	\N	\N	2015-08-11 19:12:58	2015-08-11 19:12:58
3	135	559449	English	\N	\N	2015-08-11 19:12:58	2015-08-11 19:12:58
3	136	559456	English	\N	\N	2015-08-11 19:12:58	2015-08-11 19:12:58
3	137	559460	English	\N	\N	2015-08-11 19:12:58	2015-08-11 19:12:58
3	138	559468	English	\N	\N	2015-08-11 19:12:59	2015-08-11 19:12:59
3	139	559476	English	\N	\N	2015-08-11 19:12:59	2015-08-11 19:12:59
3	140	179725	English	\N	\N	2015-08-11 19:12:59	2015-08-11 19:12:59
3	144	176008	English	\N	\N	2015-08-11 19:12:59	2015-08-11 19:12:59
3	145	175760	English	\N	\N	2015-08-11 19:12:59	2015-08-11 19:12:59
3	146	176276	English	\N	\N	2015-08-11 19:12:59	2015-08-11 19:12:59
3	147	177816	French	\N	\N	2015-08-11 19:13:00	2015-08-11 19:13:00
3	148	177821	English	\N	\N	2015-08-11 19:13:00	2015-08-11 19:13:00
3	149	554682	English	\N	\N	2015-08-11 19:13:00	2015-08-11 19:13:00
3	150	176765	English	\N	\N	2015-08-11 19:13:01	2015-08-11 19:13:01
3	151	174990	English	\N	\N	2015-08-11 19:13:02	2015-08-11 19:13:02
3	152	554574	English	\N	\N	2015-08-11 19:13:02	2015-08-11 19:13:02
3	153	178901	Spanish	\N	\N	2015-08-11 19:13:05	2015-08-11 19:13:05
3	154	178891	French	\N	\N	2015-08-11 19:13:05	2015-08-11 19:13:05
3	155	178905	French	\N	\N	2015-08-11 19:13:06	2015-08-11 19:13:06
3	156	178921	English	\N	\N	2015-08-11 19:13:06	2015-08-11 19:13:06
3	157	178878	English	\N	\N	2015-08-11 19:13:06	2015-08-11 19:13:06
3	158	178913	French	\N	\N	2015-08-11 19:13:06	2015-08-11 19:13:06
3	159	174825	English	\N	\N	2015-08-11 19:13:08	2015-08-11 19:13:08
3	160	175284	English	\N	\N	2015-08-11 19:13:08	2015-08-11 19:13:08
3	161	179536	English	\N	\N	2015-08-11 19:13:08	2015-08-11 19:13:08
3	162	559869	English	\N	\N	2015-08-11 19:13:09	2015-08-11 19:13:09
3	163	179542	English	\N	\N	2015-08-11 19:13:09	2015-08-11 19:13:09
3	164	559888	English	\N	\N	2015-08-11 19:13:09	2015-08-11 19:13:09
3	166	554256	French	\N	\N	2015-08-11 19:13:10	2015-08-11 19:13:10
3	168	824057	English	\N	\N	2015-08-11 19:13:10	2015-08-11 19:13:10
3	169	175652	English	\N	\N	2015-08-11 19:13:11	2015-08-11 19:13:11
3	171	175656	French	\N	\N	2015-08-11 19:13:11	2015-08-11 19:13:11
3	172	175262	French	\N	\N	2015-08-11 19:13:12	2015-08-11 19:13:12
3	174	177025	French	\N	\N	2015-08-11 19:13:12	2015-08-11 19:13:12
3	177	174536	French	\N	\N	2015-08-11 19:13:13	2015-08-11 19:13:13
3	179	176701	English	\N	\N	2015-08-11 19:13:14	2015-08-11 19:13:14
3	180	176775	English	\N	\N	2015-08-11 19:13:14	2015-08-11 19:13:14
3	181	176147	French	\N	\N	2015-08-11 19:13:15	2015-08-11 19:13:15
3	182	554593	English	\N	\N	2015-08-11 19:13:16	2015-08-11 19:13:16
3	183	554586	English	\N	\N	2015-08-11 19:13:16	2015-08-11 19:13:16
3	187	176726	French	\N	\N	2015-08-11 19:13:17	2015-08-11 19:13:17
3	188	560447	English	\N	\N	2015-08-11 19:13:17	2015-08-11 19:13:17
3	189	560451	English	\N	\N	2015-08-11 19:13:17	2015-08-11 19:13:17
3	192	175149	French	\N	\N	2015-08-11 19:13:17	2015-08-11 19:13:17
3	196	178964	French	\N	\N	2015-08-11 19:13:18	2015-08-11 19:13:18
3	197	174845	English	\N	\N	2015-08-11 19:13:18	2015-08-11 19:13:18
3	198	179409	English	\N	\N	2015-08-11 19:13:19	2015-08-11 19:13:19
3	199	178149	Common name	\N	\N	2015-08-11 19:13:19	2015-08-11 19:13:19
3	200	178150	English	\N	\N	2015-08-11 19:13:20	2015-08-11 19:13:20
3	201	560729	English	\N	\N	2015-08-11 19:13:21	2015-08-11 19:13:21
3	202	560732	English	\N	\N	2015-08-11 19:13:21	2015-08-11 19:13:21
3	203	560736	English	\N	\N	2015-08-11 19:13:21	2015-08-11 19:13:21
3	204	176802	English	\N	\N	2015-08-11 19:13:22	2015-08-11 19:13:22
3	205	176803	English	\N	\N	2015-08-11 19:13:22	2015-08-11 19:13:22
3	206	560740	English	\N	\N	2015-08-11 19:13:22	2015-08-11 19:13:22
3	207	554270	English	\N	\N	2015-08-11 19:13:22	2015-08-11 19:13:22
3	211	176814	French	\N	\N	2015-08-11 19:13:22	2015-08-11 19:13:22
3	212	560744	English	\N	\N	2015-08-11 19:13:23	2015-08-11 19:13:23
3	213	175702	English	\N	\N	2015-08-11 19:13:23	2015-08-11 19:13:23
3	214	560751	English	\N	\N	2015-08-11 19:13:24	2015-08-11 19:13:24
3	215	560756	English	\N	\N	2015-08-11 19:13:24	2015-08-11 19:13:24
3	216	560763	English	\N	\N	2015-08-11 19:13:24	2015-08-11 19:13:24
3	217	560767	English	\N	\N	2015-08-11 19:13:24	2015-08-11 19:13:24
3	218	560771	English	\N	\N	2015-08-11 19:13:25	2015-08-11 19:13:25
3	219	560775	English	\N	\N	2015-08-11 19:13:25	2015-08-11 19:13:25
3	221	560779	English	\N	\N	2015-08-11 19:13:26	2015-08-11 19:13:26
3	222	560782	English	\N	\N	2015-08-11 19:13:27	2015-08-11 19:13:27
3	223	560787	English	\N	\N	2015-08-11 19:13:27	2015-08-11 19:13:27
3	224	560790	English	\N	\N	2015-08-11 19:13:27	2015-08-11 19:13:27
3	225	560794	English	\N	\N	2015-08-11 19:13:27	2015-08-11 19:13:27
3	226	560798	English	\N	\N	2015-08-11 19:13:27	2015-08-11 19:13:27
3	227	560801	English	\N	\N	2015-08-11 19:13:28	2015-08-11 19:13:28
3	228	560805	English	\N	\N	2015-08-11 19:13:28	2015-08-11 19:13:28
3	229	560809	English	\N	\N	2015-08-11 19:13:28	2015-08-11 19:13:28
3	230	560814	English	\N	\N	2015-08-11 19:13:28	2015-08-11 19:13:28
3	231	176715	English	\N	\N	2015-08-11 19:13:28	2015-08-11 19:13:28
3	233	176716	French	\N	\N	2015-08-11 19:13:29	2015-08-11 19:13:29
3	236	176679	French	\N	\N	2015-08-11 19:13:29	2015-08-11 19:13:29
3	239	176687	French	\N	\N	2015-08-11 19:13:29	2015-08-11 19:13:29
3	240	560821	English	\N	\N	2015-08-11 19:13:30	2015-08-11 19:13:30
3	241	560838	English	\N	\N	2015-08-11 19:13:30	2015-08-11 19:13:30
3	243	175171	French	\N	\N	2015-08-11 19:13:33	2015-08-11 19:13:33
3	245	175195	English	\N	\N	2015-08-11 19:13:34	2015-08-11 19:13:34
3	247	175196	French	\N	\N	2015-08-11 19:13:34	2015-08-11 19:13:34
3	250	175187	French	\N	\N	2015-08-11 19:13:34	2015-08-11 19:13:34
3	251	554664	English	\N	\N	2015-08-11 19:13:35	2015-08-11 19:13:35
3	252	554649	English	\N	\N	2015-08-11 19:13:35	2015-08-11 19:13:35
3	253	554660	English	\N	\N	2015-08-11 19:13:36	2015-08-11 19:13:36
3	254	554652	English	\N	\N	2015-08-11 19:13:37	2015-08-11 19:13:37
3	255	554656	English	\N	\N	2015-08-11 19:13:37	2015-08-11 19:13:37
3	256	175674	English	\N	\N	2015-08-11 19:13:38	2015-08-11 19:13:38
3	257	175686	English	\N	\N	2015-08-11 19:13:38	2015-08-11 19:13:38
3	258	175668	English	\N	\N	2015-08-11 19:13:38	2015-08-11 19:13:38
3	259	178819	English	\N	\N	2015-08-11 19:13:39	2015-08-11 19:13:39
3	262	174712	French	\N	\N	2015-08-11 19:13:39	2015-08-11 19:13:39
3	263	554345	English	\N	\N	2015-08-11 19:13:39	2015-08-11 19:13:39
3	264	178686	English	\N	\N	2015-08-11 19:13:40	2015-08-11 19:13:40
3	265	178986	English	\N	\N	2015-08-11 19:13:40	2015-08-11 19:13:40
3	269	175755	English	\N	\N	2015-08-11 19:13:41	2015-08-11 19:13:41
3	270	561630	English	\N	\N	2015-08-11 19:13:41	2015-08-11 19:13:41
3	271	174831	English	\N	\N	2015-08-11 19:13:41	2015-08-11 19:13:41
3	275	174832	French	\N	\N	2015-08-11 19:13:41	2015-08-11 19:13:41
3	276	554641	English	\N	\N	2015-08-11 19:13:42	2015-08-11 19:13:42
3	277	174624	English	\N	\N	2015-08-11 19:13:42	2015-08-11 19:13:42
3	278	175926	English	\N	\N	2015-08-11 19:13:44	2015-08-11 19:13:44
3	279	175930	English	\N	\N	2015-08-11 19:13:44	2015-08-11 19:13:44
3	281	561647	English	\N	\N	2015-08-11 19:13:44	2015-08-11 19:13:44
3	282	561651	English	\N	\N	2015-08-11 19:13:44	2015-08-11 19:13:44
3	283	561663	English	\N	\N	2015-08-11 19:13:45	2015-08-11 19:13:45
3	284	178940	Spanish	\N	\N	2015-08-11 19:13:45	2015-08-11 19:13:45
3	285	561707	English	\N	\N	2015-08-11 19:13:45	2015-08-11 19:13:45
3	286	175719	English	\N	\N	2015-08-11 19:13:45	2015-08-11 19:13:45
3	287	175725	English	\N	\N	2015-08-11 19:13:45	2015-08-11 19:13:45
3	288	176419	English	\N	\N	2015-08-11 19:13:46	2015-08-11 19:13:46
3	289	686652	English	\N	\N	2015-08-11 19:13:46	2015-08-11 19:13:46
3	290	686649	English	\N	\N	2015-08-11 19:13:46	2015-08-11 19:13:46
3	291	561803	English	\N	\N	2015-08-11 19:13:47	2015-08-11 19:13:47
3	292	178842	English	\N	\N	2015-08-11 19:13:47	2015-08-11 19:13:47
3	295	179150	Spanish	\N	\N	2015-08-11 19:13:48	2015-08-11 19:13:48
3	296	554582	English	\N	\N	2015-08-11 19:13:49	2015-08-11 19:13:49
3	297	175730	English	\N	\N	2015-08-11 19:13:49	2015-08-11 19:13:49
3	298	175734	English	\N	\N	2015-08-11 19:13:50	2015-08-11 19:13:50
3	299	175738	English	\N	\N	2015-08-11 19:13:50	2015-08-11 19:13:50
3	300	175742	English	\N	\N	2015-08-11 19:13:50	2015-08-11 19:13:50
3	302	175915	English	\N	\N	2015-08-11 19:13:50	2015-08-11 19:13:50
3	306	176736	French	\N	\N	2015-08-11 19:13:51	2015-08-11 19:13:51
3	307	175904	English	\N	\N	2015-08-11 19:13:51	2015-08-11 19:13:51
3	309	175905	Spanish	\N	\N	2015-08-11 19:13:51	2015-08-11 19:13:51
3	312	824111	English	\N	\N	2015-08-11 19:13:52	2015-08-11 19:13:52
3	313	562069	English	\N	\N	2015-08-11 19:13:52	2015-08-11 19:13:52
3	314	562072	English	\N	\N	2015-08-11 19:13:52	2015-08-11 19:13:52
3	315	562076	English	\N	\N	2015-08-11 19:13:52	2015-08-11 19:13:52
3	316	562080	English	\N	\N	2015-08-11 19:13:53	2015-08-11 19:13:53
3	317	562088	English	\N	\N	2015-08-11 19:13:53	2015-08-11 19:13:53
3	318	562091	English	\N	\N	2015-08-11 19:13:53	2015-08-11 19:13:53
3	319	562095	English	\N	\N	2015-08-11 19:13:54	2015-08-11 19:13:54
3	320	562100	English	\N	\N	2015-08-11 19:13:54	2015-08-11 19:13:54
3	321	562104	English	\N	\N	2015-08-11 19:13:54	2015-08-11 19:13:54
3	322	562111	English	\N	\N	2015-08-11 19:13:54	2015-08-11 19:13:54
3	323	562116	English	\N	\N	2015-08-11 19:13:55	2015-08-11 19:13:55
3	324	562120	English	\N	\N	2015-08-11 19:13:55	2015-08-11 19:13:55
3	325	562124	English	\N	\N	2015-08-11 19:13:55	2015-08-11 19:13:55
3	326	562131	English	\N	\N	2015-08-11 19:13:55	2015-08-11 19:13:55
3	327	562135	English	\N	\N	2015-08-11 19:13:55	2015-08-11 19:13:55
3	328	562143	English	\N	\N	2015-08-11 19:13:56	2015-08-11 19:13:56
3	329	562147	English	\N	\N	2015-08-11 19:13:56	2015-08-11 19:13:56
3	330	562150	English	\N	\N	2015-08-11 19:13:56	2015-08-11 19:13:56
3	331	562154	English	\N	\N	2015-08-11 19:13:56	2015-08-11 19:13:56
3	332	562158	English	\N	\N	2015-08-11 19:13:57	2015-08-11 19:13:57
3	333	562162	English	\N	\N	2015-08-11 19:13:57	2015-08-11 19:13:57
3	334	685722	English	\N	\N	2015-08-11 19:13:57	2015-08-11 19:13:57
3	335	177036	English	\N	\N	2015-08-11 19:13:57	2015-08-11 19:13:57
3	336	179204	English	\N	\N	2015-08-11 19:13:57	2015-08-11 19:13:57
3	338	179205	French	\N	\N	2015-08-11 19:13:57	2015-08-11 19:13:57
3	340	562174	English	\N	\N	2015-08-11 19:13:58	2015-08-11 19:13:58
3	342	174933	French	\N	\N	2015-08-11 19:13:58	2015-08-11 19:13:58
3	343	174923	English	\N	\N	2015-08-11 19:13:59	2015-08-11 19:13:59
3	344	176560	English	\N	\N	2015-08-11 19:13:59	2015-08-11 19:13:59
3	348	176567	French	\N	\N	2015-08-11 19:13:59	2015-08-11 19:13:59
3	349	176553	English	\N	\N	2015-08-11 19:13:59	2015-08-11 19:13:59
3	350	175681	English	\N	\N	2015-08-11 19:14:00	2015-08-11 19:14:00
3	352	176388	English	\N	\N	2015-08-11 19:14:00	2015-08-11 19:14:00
3	353	176240	English	\N	\N	2015-08-11 19:14:00	2015-08-11 19:14:00
3	354	562483	English	\N	\N	2015-08-11 19:14:01	2015-08-11 19:14:01
3	355	176723	English	\N	\N	2015-08-11 19:14:02	2015-08-11 19:14:02
3	357	178691	English	\N	\N	2015-08-11 19:14:03	2015-08-11 19:14:03
3	359	176864	French	\N	\N	2015-08-11 19:14:03	2015-08-11 19:14:03
3	360	178613	English	\N	\N	2015-08-11 19:14:03	2015-08-11 19:14:03
3	361	176568	English	\N	\N	2015-08-11 19:14:06	2015-08-11 19:14:06
3	362	178935	French	\N	\N	2015-08-11 19:14:06	2015-08-11 19:14:06
3	363	178785	English	\N	\N	2015-08-11 19:14:07	2015-08-11 19:14:07
3	364	175154	English	\N	\N	2015-08-11 19:14:07	2015-08-11 19:14:07
3	366	175160	French	\N	\N	2015-08-11 19:14:07	2015-08-11 19:14:07
3	370	176792	French	\N	\N	2015-08-11 19:14:07	2015-08-11 19:14:07
3	373	176890	French	\N	\N	2015-08-11 19:14:08	2015-08-11 19:14:08
3	374	563200	English	\N	\N	2015-08-11 19:14:09	2015-08-11 19:14:09
3	375	563205	English	\N	\N	2015-08-11 19:14:09	2015-08-11 19:14:09
3	376	177042	English	\N	\N	2015-08-11 19:14:09	2015-08-11 19:14:09
3	377	554626	English	\N	\N	2015-08-11 19:14:09	2015-08-11 19:14:09
3	378	554633	English	\N	\N	2015-08-11 19:14:10	2015-08-11 19:14:10
3	379	179837	English	\N	\N	2015-08-11 19:14:10	2015-08-11 19:14:10
3	380	179838	English	\N	\N	2015-08-11 19:14:10	2015-08-11 19:14:10
3	381	176783	English	\N	\N	2015-08-11 19:14:11	2015-08-11 19:14:11
3	382	563439	English	\N	\N	2015-08-11 19:14:11	2015-08-11 19:14:11
3	383	563471	English	\N	\N	2015-08-11 19:14:12	2015-08-11 19:14:12
3	384	563475	English	\N	\N	2015-08-11 19:14:12	2015-08-11 19:14:12
3	385	563479	Spanish	\N	\N	2015-08-11 19:14:13	2015-08-11 19:14:13
3	387	563486	English	\N	\N	2015-08-11 19:14:14	2015-08-11 19:14:14
3	388	563490	English	\N	\N	2015-08-11 19:14:14	2015-08-11 19:14:14
3	389	563498	English	\N	\N	2015-08-11 19:14:14	2015-08-11 19:14:14
3	390	563502	English	\N	\N	2015-08-11 19:14:15	2015-08-11 19:14:15
3	392	563506	English	\N	\N	2015-08-11 19:14:15	2015-08-11 19:14:15
3	394	178630	Spanish	\N	\N	2015-08-11 19:14:15	2015-08-11 19:14:15
3	395	178642	Spanish	\N	\N	2015-08-11 19:14:16	2015-08-11 19:14:16
3	397	563514	English	\N	\N	2015-08-11 19:14:16	2015-08-11 19:14:16
3	398	563521	English	\N	\N	2015-08-11 19:14:17	2015-08-11 19:14:17
3	400	176621	French	\N	\N	2015-08-11 19:14:17	2015-08-11 19:14:17
3	402	176630	French	\N	\N	2015-08-11 19:14:18	2015-08-11 19:14:18
3	405	176619	French	\N	\N	2015-08-11 19:14:18	2015-08-11 19:14:18
3	406	563525	English	\N	\N	2015-08-11 19:14:18	2015-08-11 19:14:18
3	407	178540	English	\N	\N	2015-08-11 19:14:18	2015-08-11 19:14:18
3	408	563529	English	\N	\N	2015-08-11 19:14:18	2015-08-11 19:14:18
3	409	563537	English	\N	\N	2015-08-11 19:14:19	2015-08-11 19:14:19
3	410	563544	English	\N	\N	2015-08-11 19:14:19	2015-08-11 19:14:19
3	411	179752	English	\N	\N	2015-08-11 19:14:19	2015-08-11 19:14:19
3	414	179757	English	\N	\N	2015-08-11 19:14:20	2015-08-11 19:14:20
3	415	175841	French	\N	\N	2015-08-11 19:14:20	2015-08-11 19:14:20
3	417	178136	English	\N	\N	2015-08-11 19:14:20	2015-08-11 19:14:20
3	418	176488	English	\N	\N	2015-08-11 19:14:20	2015-08-11 19:14:20
3	419	178856	French	\N	\N	2015-08-11 19:14:20	2015-08-11 19:14:20
3	423	178852	French	\N	\N	2015-08-11 19:14:21	2015-08-11 19:14:21
3	424	178866	Spanish	\N	\N	2015-08-11 19:14:21	2015-08-11 19:14:21
3	425	178988	English	\N	\N	2015-08-11 19:14:21	2015-08-11 19:14:21
3	425	178989	English	\N	\N	2015-08-11 19:14:21	2015-08-11 19:14:21
3	426	178973	French	\N	\N	2015-08-11 19:14:21	2015-08-11 19:14:21
