1	Bird Hawks	254613756887430384784882531862897231488	2015-08-11 19:12:20	2015-08-11 19:12:20
2	Eurasian Sparrowhawk	115312858842845034352099217920180286290	2015-08-11 19:12:20	2015-08-11 19:12:20
3	Reed-Warblers	36764993071674277185677447276260134094	2015-08-11 19:12:20	2015-08-11 19:12:20
4	Paddyfield Warbler	118112386606853773897111646458614139450	2015-08-11 19:12:21	2015-08-11 19:12:21
5	Eurasian Reed Warbler	37002971013694028914381225773106451685	2015-08-11 19:12:21	2015-08-11 19:12:21
6	Moustached Kingfisher	173025407845930622807167533687953695106	2015-08-11 19:12:21	2015-08-11 19:12:21
7	Green-backed Kingfisher	39530843365363701485939743130571247999	2015-08-11 19:12:21	2015-08-11 19:12:21
8	Spotted Sandpipers	146416780992919098698936483354789176464	2015-08-11 19:12:21	2015-08-11 19:12:21
9	Bushtits	128034522056291544314110413686749772111	2015-08-11 19:12:22	2015-08-11 19:12:22
10	nyctale de Tengmalm	129908754236406366594628702949684592578	2015-08-11 19:12:22	2015-08-11 19:12:22
11	Boreal Owl	326520090010548588404890470894772440579	2015-08-11 19:12:22	2015-08-11 19:12:22
12	Wattled Brushturkey	194788233564286022832769639325626959456	2015-08-11 19:12:22	2015-08-11 19:12:22
13	White-bellied Kingfisher	36968093689284869326234151720635436869	2015-08-11 19:12:24	2015-08-11 19:12:24
14	Rock Partridge	324814180209595029709954707742910303887	2015-08-11 19:12:25	2015-08-11 19:12:25
15	mergule main	234009013250057774983772685866132176022	2015-08-11 19:12:25	2015-08-11 19:12:25
16	Little Auk	178871589796915384363558516831639226343	2015-08-11 19:12:25	2015-08-11 19:12:25
17	Dovekie	236853665698524231017877055915992751467	2015-08-11 19:12:25	2015-08-11 19:12:25
18	Mergule nain	303801209062038402904079161783641806023	2015-08-11 19:12:25	2015-08-11 19:12:25
19	Dabbling Ducks	162827457675882123480423367595073994918	2015-08-11 19:12:26	2015-08-11 19:12:26
20	sarcelle d'hiver	313186664722953487642092876378613402326	2015-08-11 19:12:27	2015-08-11 19:12:27
21	Green-winged Teal	72732305697019147663102964793731604957	2015-08-11 19:12:27	2015-08-11 19:12:27
22	Eurasian Teal	5631180227097892535838353394631683588	2015-08-11 19:12:27	2015-08-11 19:12:27
23	Cerceta ala verde	83655388376745015493499908556167559344	2015-08-11 19:12:27	2015-08-11 19:12:27
24	Pato silbón	37523938275477345193795097381760103597	2015-08-11 19:12:27	2015-08-11 19:12:27
25	Eurasian Wigeon	252723099350375611997179887748939505964	2015-08-11 19:12:27	2015-08-11 19:12:27
26	canard siffleur	102796144584126521521428467929555665664	2015-08-11 19:12:27	2015-08-11 19:12:27
27	Pato friso	211272660482660968330039672387430336170	2015-08-11 19:12:27	2015-08-11 19:12:27
28	Gadwall	238488373566608329842914776020425127823	2015-08-11 19:12:27	2015-08-11 19:12:27
29	canard chipeau	184949592368399343685819759242735996814	2015-08-11 19:12:27	2015-08-11 19:12:27
30	oie rieuse	130774930330156440419382598917136538327	2015-08-11 19:12:28	2015-08-11 19:12:28
31	Greater White-fronted Goose	301717458172270678214991549658387088229	2015-08-11 19:12:28	2015-08-11 19:12:28
32	Ganso careto-mayor	62149797617313828141881871318218329374	2015-08-11 19:12:28	2015-08-11 19:12:28
33	Lesser White-fronted Goose	337276429221089062641762811876360145915	2015-08-11 19:12:28	2015-08-11 19:12:28
34	Demoiselle Crane	182167300876716064665486826286939770	2015-08-11 19:12:28	2015-08-11 19:12:28
35	Blyth's Pipit	316635855239950876788179698971999336157	2015-08-11 19:12:28	2015-08-11 19:12:28
36	Eurasian Rock Pipit	107121222847175917118423769836441020700	2015-08-11 19:12:29	2015-08-11 19:12:29
37	Common Swifts	330713747306788263311376212601408551264	2015-08-11 19:12:29	2015-08-11 19:12:29
38	Grey Heron	335371209226461861925544214949328276915	2015-08-11 19:12:30	2015-08-11 19:12:30
39	Gray Heron	19814579464796877036914920629630177024	2015-08-11 19:12:30	2015-08-11 19:12:30
40	Héron cendré	13697694851419131216248377014102532920	2015-08-11 19:12:30	2015-08-11 19:12:30
41	Eared Owls	221760684373639035670649194262336877403	2015-08-11 19:12:30	2015-08-11 19:12:30
42	Verdin	126700085823091913154506184861876232761	2015-08-11 19:12:30	2015-08-11 19:12:30
43	Baloncillo	28691324624603550407122208019788049259	2015-08-11 19:12:30	2015-08-11 19:12:30
44	Rufous-capped Warbler	22831934254397947227484145557848458469	2015-08-11 19:12:31	2015-08-11 19:12:31
45	Chipe gorra rufa	326305619481172429224973073445905762265	2015-08-11 19:12:31	2015-08-11 19:12:31
46	Paruline à calotte rousse	115343068584364311494217338717857088539	2015-08-11 19:12:31	2015-08-11 19:12:31
47	Waxwings	44861509416668592075421647418325100393	2015-08-11 19:12:32	2015-08-11 19:12:32
48	Ruffed Grouse	121521498934121066005149640861256664482	2015-08-11 19:12:32	2015-08-11 19:12:32
49	gélinotte huppée	242454660860543993377004403163405094528	2015-08-11 19:12:32	2015-08-11 19:12:32
50	Brant	160129743429339645338079503392796722326	2015-08-11 19:12:33	2015-08-11 19:12:33
51	Ganso de collar	47261870379959071786545827926794493814	2015-08-11 19:12:33	2015-08-11 19:12:33
52	Brent Goose	329763713759051301427478370588728293482	2015-08-11 19:12:33	2015-08-11 19:12:33
53	Brant Goose	305361826675308754467517774545292253100	2015-08-11 19:12:33	2015-08-11 19:12:33
54	bernache cravant	32762926601059595845104817554173338730	2015-08-11 19:12:33	2015-08-11 19:12:33
55	Cattle Egrets	79544277359271777804048086302432863603	2015-08-11 19:12:33	2015-08-11 19:12:33
56	Garza ganadera	21084529018386880768160201111099837491	2015-08-11 19:12:33	2015-08-11 19:12:33
57	Cattle Egret	87707411165914419508739516435818581805	2015-08-11 19:12:33	2015-08-11 19:12:33
58	Western Cattle Egret	19417988266090597419185881108618160753	2015-08-11 19:12:33	2015-08-11 19:12:33
59	Héron garde-boeufs	22951101997708240641148215555073614627	2015-08-11 19:12:33	2015-08-11 19:12:33
60	Pato chillón	91819933634473764089120204553687309669	2015-08-11 19:12:34	2015-08-11 19:12:34
61	garrot à oeil d'or	173738628542558307030159895579008225582	2015-08-11 19:12:34	2015-08-11 19:12:34
62	Common Goldeneye	270132535853423202833668756668868122625	2015-08-11 19:12:34	2015-08-11 19:12:34
63	Thick-knees	13548276818107708445013046616694139472	2015-08-11 19:12:34	2015-08-11 19:12:34
64	Eurasian Stone-curlew	8445623208241552199788963651806655355	2015-08-11 19:12:35	2015-08-11 19:12:35
65	Common Buzzard	51350180614292795842827177009829674993	2015-08-11 19:12:35	2015-08-11 19:12:35
66	Mangrove Black-Hawk	174499753255359374943108522846197915761	2015-08-11 19:12:37	2015-08-11 19:12:37
67	Lapland Longspur	325804669819153523880525214412110230269	2015-08-11 19:12:39	2015-08-11 19:12:39
68	Escribano ártico	78401182137196092440497200398592914512	2015-08-11 19:12:39	2015-08-11 19:12:39
69	bruant lapon	182471160896866782091829854225281432328	2015-08-11 19:12:39	2015-08-11 19:12:39
70	Stints	254275569464121928502980253981519634800	2015-08-11 19:12:39	2015-08-11 19:12:39
71	Sanderling	242264158294541329327445349761175741479	2015-08-11 19:12:39	2015-08-11 19:12:39
72	Playero blanco	179508825962897404881939836470763835820	2015-08-11 19:12:39	2015-08-11 19:12:39
73	Bécasseau sanderling	234773674786778035595702083631474509990	2015-08-11 19:12:39	2015-08-11 19:12:39
74	Playero dorso rojo	76394247498119802546507167247745877185	2015-08-11 19:12:39	2015-08-11 19:12:39
75	Dunlin	281652314805317030381489748915672406477	2015-08-11 19:12:39	2015-08-11 19:12:39
76	Bécasseau variable	158147267927219631401238222113659841969	2015-08-11 19:12:39	2015-08-11 19:12:39
77	red knot	103033261198347693009269185688558915970	2015-08-11 19:12:40	2015-08-11 19:12:40
78	Stilt Sandpiper	198991446941145834202907819278532315429	2015-08-11 19:12:40	2015-08-11 19:12:40
79	Playero zancón	192647018657919461034366971150974757015	2015-08-11 19:12:40	2015-08-11 19:12:40
80	Bécasseau à échasses	43702421401295694179732258020695129537	2015-08-11 19:12:40	2015-08-11 19:12:40
81	Playero pectoral	73873880286406002988651214351028130231	2015-08-11 19:12:40	2015-08-11 19:12:40
82	Pectoral Sandpiper	287633042595434152058466249172214282690	2015-08-11 19:12:41	2015-08-11 19:12:41
83	Bécasseau à poitrine cendrée	250771137594832770624604084766986066487	2015-08-11 19:12:41	2015-08-11 19:12:41
84	Great Knot	218575491742826318159288613384958614163	2015-08-11 19:12:41	2015-08-11 19:12:41
85	Bécasseau de l'Anadyr	75162822764848888741868414107864467756	2015-08-11 19:12:41	2015-08-11 19:12:41
86	Gambel's Quail	231962955894583314208194787927711854461	2015-08-11 19:12:41	2015-08-11 19:12:41
87	Codorniz chiquiri	3915735668936164300504335956980227861	2015-08-11 19:12:41	2015-08-11 19:12:41
88	Scarlet-banded Barbet	211232327093131875338265503336016609187	2015-08-11 19:12:44	2015-08-11 19:12:44
89	Goldfinches	186296463643077088073908894763064865784	2015-08-11 19:12:46	2015-08-11 19:12:46
90	Piaui Woodpecker	28952701282043247542666613488878688155	2015-08-11 19:12:47	2015-08-11 19:12:47
91	Philippine Dwarf Kingfisher	280045231928837318074229404428325690646	2015-08-11 19:12:47	2015-08-11 19:12:47
92	Kioea	314953174563519028440595878372851383545	2015-08-11 19:12:48	2015-08-11 19:12:48
93	Wrentit	263880745366444839210297935211255321241	2015-08-11 19:12:48	2015-08-11 19:12:48
94	Camea	267163301743181647888377999603100193755	2015-08-11 19:12:48	2015-08-11 19:12:48
95	Sickle-winged Guan	203191600051755989985620735515039141464	2015-08-11 19:12:48	2015-08-11 19:12:48
96	Greater Sand-Plover	245982620192621428803523386681949744894	2015-08-11 19:12:49	2015-08-11 19:12:49
97	Greater Sand Plover	141032292115926168841527197869539469847	2015-08-11 19:12:49	2015-08-11 19:12:49
98	Pluvier de Leschenault	158071739923169675173768537317377538689	2015-08-11 19:12:49	2015-08-11 19:12:49
99	Long-billed Plover	295357409118105058314776072581726915652	2015-08-11 19:12:49	2015-08-11 19:12:49
100	Martín-pescador amazónico	20483279815053907862332779596349469717	2015-08-11 19:12:50	2015-08-11 19:12:50
101	Amazon Kingfisher	281912088084113799493602074834518104269	2015-08-11 19:12:50	2015-08-11 19:12:50
102	Black Stork	72253595050861867137218225113631701087	2015-08-11 19:12:51	2015-08-11 19:12:51
103	cigognes	236982502854806353270268035243981291689	2015-08-11 19:12:52	2015-08-11 19:12:52
104	Chestnut-winged Cuckoos	310713613516322463852882974337195906587	2015-08-11 19:12:52	2015-08-11 19:12:52
105	Great Spotted Cuckoo	11505409273381885987760940066113632276	2015-08-11 19:12:52	2015-08-11 19:12:52
106	Oldsquaws	98071777549620461545514727455103061843	2015-08-11 19:12:52	2015-08-11 19:12:52
107	Shovel-billed Kookaburra	211752202435623008694858816141851637333	2015-08-11 19:12:52	2015-08-11 19:12:52
108	Fiji Shrikebill	191072380309121708803253419528103801845	2015-08-11 19:12:52	2015-08-11 19:12:52
109	Red-rumped Bush Tyrant	176759244886870697347194778717538975828	2015-08-11 19:12:53	2015-08-11 19:12:53
110	Fuscous Flycatcher	158666419972579637579958103586372682464	2015-08-11 19:12:53	2015-08-11 19:12:53
111	Hawfinch	209171896496343987563135550813505013342	2015-08-11 19:12:53	2015-08-11 19:12:53
112	Sumatran Cochoa	27687218330543445035384293551542383107	2015-08-11 19:12:53	2015-08-11 19:12:53
113	Crested Bobwhite	176357259183140629079705523188573831153	2015-08-11 19:12:54	2015-08-11 19:12:54
114	White-backed Mousebird	17376537328334545571838582926512395643	2015-08-11 19:12:54	2015-08-11 19:12:54
115	Sandstone Shrikethrush	4479540535082136783072090069941603722	2015-08-11 19:12:54	2015-08-11 19:12:54
116	Rock Pigeon	73267875642474811809191613906985103166	2015-08-11 19:12:54	2015-08-11 19:12:54
117	Rock Dove	161398351230840479710257798569418877109	2015-08-11 19:12:54	2015-08-11 19:12:54
118	pigeon biset	226319378258068304168824452944628683383	2015-08-11 19:12:54	2015-08-11 19:12:54
119	Paloma doméstica	209985341313021045348787097845742066509	2015-08-11 19:12:55	2015-08-11 19:12:55
120	Common Pigeon	162055104721828771170553329077069435015	2015-08-11 19:12:55	2015-08-11 19:12:55
121	Ecuadorian Ground Dove	168545535912951228763151684471377992367	2015-08-11 19:12:55	2015-08-11 19:12:55
122	Bicolored Conebill	314842712093672256113070733904754931170	2015-08-11 19:12:55	2015-08-11 19:12:55
123	Pearly-breasted Conebill	279461303398760619563876509543172120711	2015-08-11 19:12:55	2015-08-11 19:12:55
124	Tamarugo Conebill	31049234490752629553964141470860438535	2015-08-11 19:12:55	2015-08-11 19:12:55
125	Grey Honeyeater	80290796267533085289558898576932644493	2015-08-11 19:12:56	2015-08-11 19:12:56
126	Black-and-white Tanager	278703963824673544280186472341737590257	2015-08-11 19:12:56	2015-08-11 19:12:56
127	Dark Pewee	285203350494490344772258204014385092416	2015-08-11 19:12:56	2015-08-11 19:12:56
128	Madagascar Magpie-Robin	31852332464978210804702325192241058337	2015-08-11 19:12:56	2015-08-11 19:12:56
129	White-crowned Shama	8431522066297479050785688295797850310	2015-08-11 19:12:56	2015-08-11 19:12:56
130	Rollers	136443913854715773305901444577286698049	2015-08-11 19:12:57	2015-08-11 19:12:57
131	martins-pêcheurs	60139060307545967279688258024292273888	2015-08-11 19:12:57	2015-08-11 19:12:57
132	Blue Cuckooshrike	181165980737668137408244183164694425365	2015-08-11 19:12:57	2015-08-11 19:12:57
133	Grey Cuckooshrike	40896980773298364512342487233023433556	2015-08-11 19:12:58	2015-08-11 19:12:58
134	Blackish Cuckooshrike	73392057195285755695313535829372982481	2015-08-11 19:12:58	2015-08-11 19:12:58
135	Buru Cuckooshrike	98497107212477490630024078096948307981	2015-08-11 19:12:58	2015-08-11 19:12:58
136	Barred Cuckooshrike	178589729932861730129178178066055985495	2015-08-11 19:12:58	2015-08-11 19:12:58
137	McGregor's Cuckooshrike	8410554529002964714470102370296655376	2015-08-11 19:12:58	2015-08-11 19:12:58
138	White-winged Cuckooshrike	221053863308104738515939511005091978714	2015-08-11 19:12:59	2015-08-11 19:12:59
139	Bar-bellied Cuckooshrike	155693483400270416960175338052347513357	2015-08-11 19:12:59	2015-08-11 19:12:59
140	Northern Raven	279180565854763711284767199181051607102	2015-08-11 19:12:59	2015-08-11 19:12:59
141	grand corbeau	263361807047035792550218853253344504541	2015-08-11 19:12:59	2015-08-11 19:12:59
142	Cuervo común	76985104474545433650753864918481241626	2015-08-11 19:12:59	2015-08-11 19:12:59
143	Common Raven	157338284287497203808592335238450776847	2015-08-11 19:12:59	2015-08-11 19:12:59
144	Asian Quails	198700001442112811866461607726209678942	2015-08-11 19:12:59	2015-08-11 19:12:59
145	Yellow-knobbed Curassow	228583453320810351470350723911785205361	2015-08-11 19:12:59	2015-08-11 19:12:59
146	Corn Crakes	286065661737561540378208677461147075394	2015-08-11 19:12:59	2015-08-11 19:12:59
147	coucoua	327009653593402854121544862181821663780	2015-08-11 19:13:00	2015-08-11 19:13:00
148	Eurasian Cuckoos	330003579715926971377121551077536579383	2015-08-11 19:13:00	2015-08-11 19:13:00
149	Indian Cuckoo	175107676735368109654491129062712839614	2015-08-11 19:13:00	2015-08-11 19:13:00
150	Cream-colored Courser	228789324061156243400400546614260138089	2015-08-11 19:13:01	2015-08-11 19:13:01
151	Whooper Swan	339643252139911413123339861464612649363	2015-08-11 19:13:02	2015-08-11 19:13:02
152	Laughing Kookaburra	306293921287228268030115942741620960124	2015-08-11 19:13:02	2015-08-11 19:13:02
153	Chipe mejilla dorada	198500767437578562502877933725227924637	2015-08-11 19:13:05	2015-08-11 19:13:05
154	paruline à croupion jaune	304828427518320236255139107654437209531	2015-08-11 19:13:05	2015-08-11 19:13:05
155	paruline à gorge jaune	81150543090645903077376212559302245168	2015-08-11 19:13:06	2015-08-11 19:13:06
156	Palm Warbler	92977661373845291292408555233699428741	2015-08-11 19:13:06	2015-08-11 19:13:06
157	American Yellow Warbler	109754437416826336197870694119110830322	2015-08-11 19:13:06	2015-08-11 19:13:06
158	paruline rayée	237668834752781774389232364008508055671	2015-08-11 19:13:06	2015-08-11 19:13:06
159	Pacific Reef Heron	94735849505633494004593990930141976326	2015-08-11 19:13:08	2015-08-11 19:13:08
160	Black-winged Kite	125020094992714566297543870991083391780	2015-08-11 19:13:08	2015-08-11 19:13:08
161	Eurasian Buntings	231974924621515165132842401931946654021	2015-08-11 19:13:08	2015-08-11 19:13:08
162	Red-headed Bunting	319068931150319812240737625843981595703	2015-08-11 19:13:08	2015-08-11 19:13:08
163	Little Bunting	276133333343210644627180439821064026329	2015-08-11 19:13:09	2015-08-11 19:13:09
164	Chestnut Bunting	314442716940679209979993816571440958926	2015-08-11 19:13:09	2015-08-11 19:13:09
165	Horned Lark	74216305470113767296835655703076630586	2015-08-11 19:13:09	2015-08-11 19:13:09
166	alouette hausse-col	265835747447890895783981279103950064845	2015-08-11 19:13:10	2015-08-11 19:13:10
167	Alondra cornuda	76309344646002366585820336705514942687	2015-08-11 19:13:10	2015-08-11 19:13:10
168	Northern Rockhopper Penguin	104579251482516798068004970213708137179	2015-08-11 19:13:10	2015-08-11 19:13:10
169	Greater Kestrel	5610256459406349801119767780408591834	2015-08-11 19:13:11	2015-08-11 19:13:11
170	Red-footed Falcon	40801748582280445222146337150373481508	2015-08-11 19:13:11	2015-08-11 19:13:11
171	Faucon kobez	128386880459338948326844612102198314950	2015-08-11 19:13:11	2015-08-11 19:13:11
172	faucons	116904662917546506730759418555732114667	2015-08-11 19:13:11	2015-08-11 19:13:11
173	Atlantic Puffin	298248841941478564490078259614170946572	2015-08-11 19:13:12	2015-08-11 19:13:12
174	Macareux moine	263951474943598974755405835847169233054	2015-08-11 19:13:12	2015-08-11 19:13:12
175	Northern Fulmar	252538077844223912975909879597950687500	2015-08-11 19:13:13	2015-08-11 19:13:13
176	Fulmar norteño	292487804428986674572845459035664048641	2015-08-11 19:13:13	2015-08-11 19:13:13
177	Fulmar boréal	193829291281631746605037226373572678568	2015-08-11 19:13:13	2015-08-11 19:13:13
178	Latham's Snipe	285438845436769908199576708570374510804	2015-08-11 19:13:14	2015-08-11 19:13:14
179	Japanese Snipe	321803895357282475665492464964876704027	2015-08-11 19:13:14	2015-08-11 19:13:14
180	Rock Pratincole	144114298717159940646194634566648792645	2015-08-11 19:13:14	2015-08-11 19:13:14
181	râles	312416126486040755421326778860101389122	2015-08-11 19:13:15	2015-08-11 19:13:15
182	Striped Kingfisher	289913952313555797493376151329064568138	2015-08-11 19:13:15	2015-08-11 19:13:15
183	Black-capped Kingfisher	61513543149642426229202439110452009993	2015-08-11 19:13:16	2015-08-11 19:13:16
184	echasse d'Amérique	285942346543965342689873784522105418272	2015-08-11 19:13:16	2015-08-11 19:13:16
185	Candelero americano	33112423312131847209671104329411151042	2015-08-11 19:13:16	2015-08-11 19:13:16
186	Black-necked Stilt	119580936595437012307949725712825297523	2015-08-11 19:13:16	2015-08-11 19:13:16
187	Échasse d'Amérique	97885955457426407065314004089339395237	2015-08-11 19:13:16	2015-08-11 19:13:16
188	Icterine Warbler	22448254996684880662645962292547403901	2015-08-11 19:13:17	2015-08-11 19:13:17
189	Melodious Warbler	94480655600151976020637350624116370809	2015-08-11 19:13:17	2015-08-11 19:13:17
190	Pato arlequín	85165387716486432544958451103968085222	2015-08-11 19:13:17	2015-08-11 19:13:17
191	Harlequin Duck	38000651714124003459838609434690965734	2015-08-11 19:13:17	2015-08-11 19:13:17
192	arlequin plongeur	44949680063926511663008931780006773627	2015-08-11 19:13:17	2015-08-11 19:13:17
193	Yellow-breasted Chat	113064650966939602091338468364226762853	2015-08-11 19:13:18	2015-08-11 19:13:18
194	Buscabreña	130883963651549976398934052190449126927	2015-08-11 19:13:18	2015-08-11 19:13:18
195	Paruline polyglotte	337079265739231533566058961726128094902	2015-08-11 19:13:18	2015-08-11 19:13:18
196	paruline polyglotte	236257883883406582621112932614911954377	2015-08-11 19:13:18	2015-08-11 19:13:18
197	Least Bitterns	320726248528832634443338389830610727399	2015-08-11 19:13:18	2015-08-11 19:13:18
198	Juncos	224044939312169557392710004168979758669	2015-08-11 19:13:19	2015-08-11 19:13:19
199	Wrynecks	40145741809044764463511107675042160499	2015-08-11 19:13:19	2015-08-11 19:13:19
200	Eurasian Wryneck	223933253161225068844781418529954556242	2015-08-11 19:13:20	2015-08-11 19:13:20
201	Sao Tome Fiscal	120686722602616160688939406531642758463	2015-08-11 19:13:21	2015-08-11 19:13:21
202	Woodchat Shrike	139536006702376688445088673093816235824	2015-08-11 19:13:21	2015-08-11 19:13:21
203	Grey-backed Shrike	61503341544999009454340208411925477142	2015-08-11 19:13:21	2015-08-11 19:13:21
204	Skimmers	180990273375820745851490450917721072515	2015-08-11 19:13:22	2015-08-11 19:13:22
205	Sabine's Gulls	134108261480689462469596704428295863320	2015-08-11 19:13:22	2015-08-11 19:13:22
206	Armenian Gull	279643045364122956236405796038698815592	2015-08-11 19:13:22	2015-08-11 19:13:22
207	Yellow-legged Gull	169668343476402740285709442031114640439	2015-08-11 19:13:22	2015-08-11 19:13:22
208	Caspian Gull	140643969407529304332211094004474555478	2015-08-11 19:13:22	2015-08-11 19:13:22
209	Glaucous-winged Gull	87958914351234359844916236685730743590	2015-08-11 19:13:22	2015-08-11 19:13:22
210	Gaviota ala glauca	261325747833503370936033680748123879192	2015-08-11 19:13:22	2015-08-11 19:13:22
211	Goéland à ailes grises	39215295618293807132781675079516819610	2015-08-11 19:13:22	2015-08-11 19:13:22
212	White-throated Crake	12070002951884134871502002382895159808	2015-08-11 19:13:23	2015-08-11 19:13:23
213	Malleefowl	155113579164208287321322727345239612837	2015-08-11 19:13:23	2015-08-11 19:13:23
214	Lineated Woodcreeper	231693040983630683120508019851514946042	2015-08-11 19:13:24	2015-08-11 19:13:24
215	Scalloped Woodcreeper	87014563393207154506481233045359244845	2015-08-11 19:13:24	2015-08-11 19:13:24
216	Streak-backed Tit-Spinetail	182758596968718307191594067020106306523	2015-08-11 19:13:24	2015-08-11 19:13:24
217	White-collared Kite	80705091091617808508265732985316188265	2015-08-11 19:13:24	2015-08-11 19:13:24
218	Rufous-breasted Flycatcher	134223716190615816559791448969433085010	2015-08-11 19:13:25	2015-08-11 19:13:25
219	Azuero Dove	178214915634465522327752038394963638283	2015-08-11 19:13:25	2015-08-11 19:13:25
220	Bali Myna	174734298128696249668643069361019183694	2015-08-11 19:13:26	2015-08-11 19:13:26
221	Rothschild's starling	118870276411581088185741648226681790757	2015-08-11 19:13:26	2015-08-11 19:13:26
222	Sillem's Mountain Finch	242998356449079284653206199493922292804	2015-08-11 19:13:27	2015-08-11 19:13:27
223	Purple-gaped Honeyeater	284469328347651046914661119236170153429	2015-08-11 19:13:27	2015-08-11 19:13:27
224	Yellow-throated Honeyeater	142554744720152650149458303788020932953	2015-08-11 19:13:27	2015-08-11 19:13:27
225	Eungella Honeyeater	86039121847219182733503132084789059812	2015-08-11 19:13:27	2015-08-11 19:13:27
226	Obscure Honeyeater	219445365699930069722547045377175675007	2015-08-11 19:13:27	2015-08-11 19:13:27
227	Grey-fronted Honeyeater	136604652572833964017593124264432833079	2015-08-11 19:13:28	2015-08-11 19:13:28
228	Singing Honeyeater	10032594850240601275829842051397633732	2015-08-11 19:13:28	2015-08-11 19:13:28
229	Flame-eared Honeyeater	3081164260096801486016935340846505376	2015-08-11 19:13:28	2015-08-11 19:13:28
230	Seram Honeyeater	199094488809582452774737293091386089413	2015-08-11 19:13:28	2015-08-11 19:13:28
231	Broad-billed Sandpipers	30690497560552926547714536975388867438	2015-08-11 19:13:28	2015-08-11 19:13:28
232	Broad-billed Sandpiper	11712519699414793446276896985010508802	2015-08-11 19:13:28	2015-08-11 19:13:28
233	Bécasseau falcinelle	109659602985564845108911412532443672165	2015-08-11 19:13:28	2015-08-11 19:13:28
234	Long-billed Dowitcher	198427125298959074092699737779980325269	2015-08-11 19:13:29	2015-08-11 19:13:29
235	Costurero pico largo	45825340351246860223981401410557115697	2015-08-11 19:13:29	2015-08-11 19:13:29
236	Bécassin à long bec	180609135543031217305175605179575580002	2015-08-11 19:13:29	2015-08-11 19:13:29
237	Picopando cola barrada	335830850174895774526588735867327524568	2015-08-11 19:13:29	2015-08-11 19:13:29
238	Bar-tailed Godwit	149285154598007612940195416066825839074	2015-08-11 19:13:29	2015-08-11 19:13:29
239	Barge rousse	76738399632626921053579211003199969581	2015-08-11 19:13:29	2015-08-11 19:13:29
240	Red-faced Liocichla	39379703832704558918957292869087156641	2015-08-11 19:13:29	2015-08-11 19:13:29
241	Savi's Warbler	106487815500518089314381099106148101667	2015-08-11 19:13:30	2015-08-11 19:13:30
242	Negreta negra	271506667228784868887199148880380691464	2015-08-11 19:13:33	2015-08-11 19:13:33
243	macreuse noire	321513492690155691202004123715406813812	2015-08-11 19:13:33	2015-08-11 19:13:33
244	Black Scoter	135804505555983332272517033904354742765	2015-08-11 19:13:33	2015-08-11 19:13:33
245	Smews	310741519731003630634925858656289175125	2015-08-11 19:13:34	2015-08-11 19:13:34
246	Smew	128521525101540185893196264355845043823	2015-08-11 19:13:34	2015-08-11 19:13:34
247	harle piette	280917877928364659766321653388522104803	2015-08-11 19:13:34	2015-08-11 19:13:34
248	Red-breasted Merganser	311878218699063306657471837638406827367	2015-08-11 19:13:34	2015-08-11 19:13:34
249	Mergo copetón	123877866899483667901112041639150919272	2015-08-11 19:13:34	2015-08-11 19:13:34
250	harle huppé	127458010136639376184169670082512417049	2015-08-11 19:13:34	2015-08-11 19:13:34
251	Northern Carmine Bee-eater	303244258986373427178016490901411422022	2015-08-11 19:13:35	2015-08-11 19:13:35
252	Cinnamon-chested Bee-eater	299520919485066422226701064723932704259	2015-08-11 19:13:35	2015-08-11 19:13:35
253	Rainbow Bee-eater	286662295572070501506347894142711347449	2015-08-11 19:13:36	2015-08-11 19:13:36
254	Somali Bee-eater	205342511113688022290699640178411270939	2015-08-11 19:13:37	2015-08-11 19:13:37
255	Blue-throated Bee-eater	45158370071952944333100455001595238068	2015-08-11 19:13:37	2015-08-11 19:13:37
256	Plumbeous Forest Falcon	43594468964288747959229860067841082078	2015-08-11 19:13:38	2015-08-11 19:13:38
257	White-fronted Falconet	16661189684332519400453744074169209504	2015-08-11 19:13:38	2015-08-11 19:13:38
258	Chimango Caracara	192766548572804431580065072204772879623	2015-08-11 19:13:38	2015-08-11 19:13:38
259	Bishop's Oo	303536677949339004631200174875512610968	2015-08-11 19:13:39	2015-08-11 19:13:39
260	Northern Gannet	3307994902468672955795799198843108249	2015-08-11 19:13:39	2015-08-11 19:13:39
261	Bobo norteño	173469667421380288060557893417281053889	2015-08-11 19:13:39	2015-08-11 19:13:39
262	Fou de Bassan	291377916888642345527991857036537749917	2015-08-11 19:13:39	2015-08-11 19:13:39
263	Citrine Wagtail	152978563066874644037634950691557585736	2015-08-11 19:13:39	2015-08-11 19:13:39
264	Palau Flycatcher	164530632233242353359053869403427745335	2015-08-11 19:13:40	2015-08-11 19:13:40
265	Painted Whitestart	96093566323116337440626379638725364909	2015-08-11 19:13:40	2015-08-11 19:13:40
266	Painted Redstart	256280975505531895331535283916530765515	2015-08-11 19:13:40	2015-08-11 19:13:40
267	Chipe ala blanca	100963593838769366431867235905960566351	2015-08-11 19:13:40	2015-08-11 19:13:40
268	Paruline à ailes blanches	237176770791096634300526042092337408137	2015-08-11 19:13:40	2015-08-11 19:13:40
269	Nocturnal Curassow	307416485668866868930336739801129172876	2015-08-11 19:13:41	2015-08-11 19:13:41
270	Spotted Nutcracker	177085793761786119352622735200211955957	2015-08-11 19:13:41	2015-08-11 19:13:41
271	Night-Herons	242589976088202121711861771620061474879	2015-08-11 19:13:41	2015-08-11 19:13:41
272	Pedrete corona negra	114998924041946386215137734532944479254	2015-08-11 19:13:41	2015-08-11 19:13:41
273	Black-crowned Night-Heron	14262150063664655265828677962670983672	2015-08-11 19:13:41	2015-08-11 19:13:41
274	Black-crowned Night Heron	16260615374189645939564777503197785761	2015-08-11 19:13:41	2015-08-11 19:13:41
275	Bihoreau gris	153454772382616727538663037617784932086	2015-08-11 19:13:41	2015-08-11 19:13:41
276	Blue-bearded Bee-eater	255190898464004012204367464021298841459	2015-08-11 19:13:42	2015-08-11 19:13:42
277	Dark Storm Petrels	137685104361528076488470967717836940515	2015-08-11 19:13:42	2015-08-11 19:13:42
278	Black-fronted Wood Quail	316831529727167659902745829967966743312	2015-08-11 19:13:44	2015-08-11 19:13:44
279	Tacarcuna Wood-Quail	261094587697431186542726614903747602393	2015-08-11 19:13:44	2015-08-11 19:13:44
280	Tacarcuna Wood Quail	43069668677000658157823953253706176827	2015-08-11 19:13:44	2015-08-11 19:13:44
281	Desert Wheatear	84727996736471386344317864839459308813	2015-08-11 19:13:44	2015-08-11 19:13:44
282	Isabelline Wheatear	156809359396203376477326257442270766494	2015-08-11 19:13:44	2015-08-11 19:13:44
283	Pied Wheatear	72342760899801870796833683277301090988	2015-08-11 19:13:45	2015-08-11 19:13:45
284	Chipe de Tolmie	50470813917404279640099518453240566074	2015-08-11 19:13:45	2015-08-11 19:13:45
285	Eurasian Golden Oriole	3156786859317225121615046949152005526	2015-08-11 19:13:45	2015-08-11 19:13:45
286	Chaco Chachalaca	79333845253711687355734718972747181770	2015-08-11 19:13:45	2015-08-11 19:13:45
287	Rufous-vented Chachalaca	145675384546331456924467340568653075817	2015-08-11 19:13:45	2015-08-11 19:13:45
288	Great Bustard	52451634192591680881267067270087207796	2015-08-11 19:13:46	2015-08-11 19:13:46
289	Nicobar Scops Owl	201366941147161258076721224416066379223	2015-08-11 19:13:46	2015-08-11 19:13:46
290	African Scops Owl	110221166509764625937149795077067861685	2015-08-11 19:13:46	2015-08-11 19:13:46
291	Bearded Reedling	189773093868568091619642310912593999944	2015-08-11 19:13:47	2015-08-11 19:13:47
292	Wood-Warblers	163371823638014898206035001676326915647	2015-08-11 19:13:47	2015-08-11 19:13:47
293	passerin indigo	320453416747267481870071803576195396830	2015-08-11 19:13:48	2015-08-11 19:13:48
294	Indigo Bunting	128719896895520641112885391186522315682	2015-08-11 19:13:48	2015-08-11 19:13:48
295	Colorín azul	260289851730871832759717329589724321594	2015-08-11 19:13:48	2015-08-11 19:13:48
296	Great-billed Kingfisher	251963822693675986109991709152271088548	2015-08-11 19:13:49	2015-08-11 19:13:49
297	Band-tailed Guan	37261833957714351567790853176824367534	2015-08-11 19:13:49	2015-08-11 19:13:49
298	Marail Guan	251925182241223427242954152939428175114	2015-08-11 19:13:50	2015-08-11 19:13:50
299	Baudo Guan	311417856431711998899440330582282019704	2015-08-11 19:13:50	2015-08-11 19:13:50
300	Rusty-margined Guan	256003663202710811418487178330551031326	2015-08-11 19:13:50	2015-08-11 19:13:50
301	perdrix grise	178705795243955881487073618428971619685	2015-08-11 19:13:50	2015-08-11 19:13:50
302	Grey Partridge	110763599328912981968626773092086235105	2015-08-11 19:13:50	2015-08-11 19:13:50
303	Gray Partridge	243520757950977717295771299633215894865	2015-08-11 19:13:50	2015-08-11 19:13:50
304	Wilson's Phalarope	226996416276879641100621716289090855081	2015-08-11 19:13:51	2015-08-11 19:13:51
305	Falaropo pico largo	322556195944988912014805615450507446481	2015-08-11 19:13:51	2015-08-11 19:13:51
306	Phalarope de Wilson	325136147020271394730704582198839913111	2015-08-11 19:13:51	2015-08-11 19:13:51
307	Pheasants	77376240915939353237442742187838379598	2015-08-11 19:13:51	2015-08-11 19:13:51
308	Ring-necked Pheasant	318572400572762690186809907464604633580	2015-08-11 19:13:51	2015-08-11 19:13:51
309	Faisán de collar	141617546114944382384914347302057543979	2015-08-11 19:13:51	2015-08-11 19:13:51
310	faisan de chasse	159632985183602085639847785109707337688	2015-08-11 19:13:51	2015-08-11 19:13:51
311	Common Pheasant	171507199249810424906985923985232969527	2015-08-11 19:13:51	2015-08-11 19:13:51
312	Greater Flamingo	60470918680772021922878669455744279476	2015-08-11 19:13:52	2015-08-11 19:13:52
313	Yellow-streaked Greenbul	53062510012719306601742545514609781147	2015-08-11 19:13:52	2015-08-11 19:13:52
314	Icterine Greenbul	250998216153710339977557003800626970498	2015-08-11 19:13:52	2015-08-11 19:13:52
315	Placid Greenbul	190327968777777304521241374540200557400	2015-08-11 19:13:52	2015-08-11 19:13:52
316	Northern Brownbul	331622361284577580787525436830089558543	2015-08-11 19:13:53	2015-08-11 19:13:53
317	Planalto Tyrannulet	181871725519929427544186976921515176980	2015-08-11 19:13:53	2015-08-11 19:13:53
318	Black-capped Tyrannulet	91082293960855462679648273231625105415	2015-08-11 19:13:53	2015-08-11 19:13:53
319	Tawny-rumped Tyrannulet	41293122632315907148653607732037586710	2015-08-11 19:13:53	2015-08-11 19:13:53
320	Serra do Mar Tyrannulet	114253206173638096728731634966226938148	2015-08-11 19:13:54	2015-08-11 19:13:54
321	Ecuadorian Tyrannulet	243452788301542354389284173885885937666	2015-08-11 19:13:54	2015-08-11 19:13:54
322	Cinnamon-faced Tyrannulet	158111165523400219756490949271372006993	2015-08-11 19:13:54	2015-08-11 19:13:54
323	Bay-ringed Tyrannulet	146842797931806743968728385075778548501	2015-08-11 19:13:54	2015-08-11 19:13:54
324	Tickell's Leaf Warbler	153387771548871443472349644548880574891	2015-08-11 19:13:55	2015-08-11 19:13:55
325	Sakhalin Leaf Warbler	204263366518111850250443472124485106858	2015-08-11 19:13:55	2015-08-11 19:13:55
326	White-tailed Leaf Warbler	32598641125977415641579808845797212241	2015-08-11 19:13:55	2015-08-11 19:13:55
327	Ijima's Leaf Warbler	244404829113425465048260311834530397300	2015-08-11 19:13:55	2015-08-11 19:13:55
328	Plain Leaf Warbler	328608218795763924529415770551200474641	2015-08-11 19:13:56	2015-08-11 19:13:56
329	Timor Leaf Warbler	286514824850882393101149259416630089881	2015-08-11 19:13:56	2015-08-11 19:13:56
330	Blyth's Leaf Warbler	157764045564632348073524809009849516712	2015-08-11 19:13:56	2015-08-11 19:13:56
331	Radde's Warbler	280683229293149543570283375590798679596	2015-08-11 19:13:56	2015-08-11 19:13:56
332	Mountain Leaf Warbler	108811463491313812639224197206173880225	2015-08-11 19:13:57	2015-08-11 19:13:57
333	Peruvian Plantcutter	65510433259524063829631427981103874451	2015-08-11 19:13:57	2015-08-11 19:13:57
334	Black-dotted Piculet	160792594839562789033577759394169564906	2015-08-11 19:13:57	2015-08-11 19:13:57
335	Great Auks	95741342134179206410190257386473377641	2015-08-11 19:13:57	2015-08-11 19:13:57
336	Pine Grosbeaks	333527308758950339112512967292838409419	2015-08-11 19:13:57	2015-08-11 19:13:57
337	Pine Grosbeak	318066219948781785817723218765173493790	2015-08-11 19:13:57	2015-08-11 19:13:57
338	durbec des sapins	18343068620293182370856120567175456165	2015-08-11 19:13:57	2015-08-11 19:13:57
339	Toquí de collar	254030939185489750305038705435914493849	2015-08-11 19:13:58	2015-08-11 19:13:58
340	Collared Towhee	62373857363188378446155404826827463207	2015-08-11 19:13:58	2015-08-11 19:13:58
341	Eurasian Spoonbill	306848479868426399987549539905480323234	2015-08-11 19:13:58	2015-08-11 19:13:58
342	Spatule blanche	315719422515632855788232711407592324881	2015-08-11 19:13:58	2015-08-11 19:13:58
343	Glossy Ibises	170425216222917787100506954332389034024	2015-08-11 19:13:59	2015-08-11 19:13:59
344	Golden-Plovers	246182007168555202064836888331932250832	2015-08-11 19:13:59	2015-08-11 19:13:59
345	Grey Plover	13406696543108894396030123529551425048	2015-08-11 19:13:59	2015-08-11 19:13:59
346	Chorlo gris	274496295070200785153692528270994873985	2015-08-11 19:13:59	2015-08-11 19:13:59
347	Black-bellied Plover	107633443392101755406079516169182112958	2015-08-11 19:13:59	2015-08-11 19:13:59
348	Pluvier argenté	103805864770502922575912261000467014828	2015-08-11 19:13:59	2015-08-11 19:13:59
349	Magellanic Plover	330694794596421179806856116937074847393	2015-08-11 19:13:59	2015-08-11 19:13:59
350	Pygmy Falcon	112520533566304558509914145526808223603	2015-08-11 19:14:00	2015-08-11 19:14:00
351	African Pygmy Falcon	183089432542682482041335423174761473423	2015-08-11 19:14:00	2015-08-11 19:14:00
352	Swamphens	234277912036476948829034239475630429041	2015-08-11 19:14:00	2015-08-11 19:14:00
353	Soras	337842546904241334147322211117174397192	2015-08-11 19:14:00	2015-08-11 19:14:00
354	Alpine Accentor	306830079919179506018583056780150814524	2015-08-11 19:14:01	2015-08-11 19:14:01
355	Pied Avocet	84941897066061969438481624265934311040	2015-08-11 19:14:02	2015-08-11 19:14:02
356	Palau Fantail	260377532527637861024582909050157874657	2015-08-11 19:14:03	2015-08-11 19:14:03
357	Palau fantail flycatcher	43322272554228978001196032646655016507	2015-08-11 19:14:03	2015-08-11 19:14:03
358	Ross's Gull	44620836860871416285153746885119768905	2015-08-11 19:14:03	2015-08-11 19:14:03
359	Mouette rosée	209617946106281346363053990253175299707	2015-08-11 19:14:03	2015-08-11 19:14:03
360	Rock Wrens	226446021615493813429844879799877536415	2015-08-11 19:14:03	2015-08-11 19:14:03
361	Snipes	278703795343506501624302780378684283692	2015-08-11 19:14:06	2015-08-11 19:14:06
362	paruline hochequeue	17389404933358738200556066621959425018	2015-08-11 19:14:06	2015-08-11 19:14:06
363	Brown-headed Nuthatch	325563579175937777600439257414798227300	2015-08-11 19:14:07	2015-08-11 19:14:07
364	Typical Eiders	266022158720328793669733122573828159319	2015-08-11 19:14:07	2015-08-11 19:14:07
365	King Eider	168178358433471170237503706111950987970	2015-08-11 19:14:07	2015-08-11 19:14:07
366	eider à tête grise	152877772427610673240889310421828737219	2015-08-11 19:14:07	2015-08-11 19:14:07
367	Salteador pomarino	204688769128130627511194348937276049618	2015-08-11 19:14:07	2015-08-11 19:14:07
368	Pomarine Skua	216646391992042809419348128138613840938	2015-08-11 19:14:07	2015-08-11 19:14:07
369	Pomarine Jaeger	274121353634094399992232870224765300601	2015-08-11 19:14:07	2015-08-11 19:14:07
370	Labbe pomarin	263918184092679491645828886870240216648	2015-08-11 19:14:07	2015-08-11 19:14:07
371	Charrán ártico	204192975687449933613124696225854600709	2015-08-11 19:14:08	2015-08-11 19:14:08
372	Arctic Tern	24304546576036349631873359332542338781	2015-08-11 19:14:08	2015-08-11 19:14:08
373	Sterne arctique	109732933833301661101922716546796709584	2015-08-11 19:14:08	2015-08-11 19:14:08
374	Asian Desert Warbler	62659483380866385644739961683366457582	2015-08-11 19:14:08	2015-08-11 19:14:08
375	Dartford Warbler	314292967938232641985391158003179027384	2015-08-11 19:14:09	2015-08-11 19:14:09
376	Pallas's Sandgrouse	62744239530519920974656398568468030513	2015-08-11 19:14:09	2015-08-11 19:14:09
377	Little Paradise Kingfisher	93233207110072855585869537027157330155	2015-08-11 19:14:09	2015-08-11 19:14:09
378	Buff-breasted Paradise Kingfisher	253542980976894593214422206820396428624	2015-08-11 19:14:10	2015-08-11 19:14:10
379	Bluetails	330920173535140020305280615690619888850	2015-08-11 19:14:10	2015-08-11 19:14:10
380	Red-flanked Bluetail	284695173936822222071596259618607333180	2015-08-11 19:14:10	2015-08-11 19:14:10
381	Grey-breasted Seedsnipe	270254937340317978132389395444427856855	2015-08-11 19:14:11	2015-08-11 19:14:11
382	Plain Softtail	158968222613389201259308886457039187107	2015-08-11 19:14:11	2015-08-11 19:14:11
383	Wallcreeper	44221671352538370205642022396671072536	2015-08-11 19:14:12	2015-08-11 19:14:12
384	Chestnut-capped Babbler	58736427039293924736903133909809932417	2015-08-11 19:14:12	2015-08-11 19:14:12
385	Titira pico negro	122271834374537563339523357991552143759	2015-08-11 19:14:12	2015-08-11 19:14:12
386	Black-crowned Tityra	283773135123702533770761968590989327729	2015-08-11 19:14:12	2015-08-11 19:14:12
387	Spotted Tody-Flycatcher	179834613586299628984905701285281718895	2015-08-11 19:14:14	2015-08-11 19:14:14
388	Yellow-lored Tody-Flycatcher	181910429879550742473608349313992807653	2015-08-11 19:14:14	2015-08-11 19:14:14
389	Grey-crowned Flatbill	305720436367727011995316323374442540305	2015-08-11 19:14:14	2015-08-11 19:14:14
390	Zapata Sparrow	205435491289899600133169698299362900535	2015-08-11 19:14:15	2015-08-11 19:14:15
391	Cuitlacoche de Cozumel	174867755808993272060403086636397013473	2015-08-11 19:14:15	2015-08-11 19:14:15
392	Cozumel Thrasher	7151337429265632354660525139231140028	2015-08-11 19:14:15	2015-08-11 19:14:15
393	Long-billed Thrasher	154293567059563434344751846482161135392	2015-08-11 19:14:15	2015-08-11 19:14:15
394	Cuitlacoche pico largo	185908288050500078676848442274836791881	2015-08-11 19:14:15	2015-08-11 19:14:15
395	Cuitlacoche californiano	62503841961028691610884145705329393636	2015-08-11 19:14:16	2015-08-11 19:14:16
396	California Thrasher	114420666558194854379675099994008474411	2015-08-11 19:14:16	2015-08-11 19:14:16
397	Ferruginous Babbler	85998872565217489105272044899626361954	2015-08-11 19:14:16	2015-08-11 19:14:16
398	Hairy-backed Bulbul	20265668911997989335761434630115024766	2015-08-11 19:14:17	2015-08-11 19:14:17
399	Spotted Redshank	75722891114613694781199432072712395517	2015-08-11 19:14:17	2015-08-11 19:14:17
400	Chevalier arlequin	266556488429877752010276535401068113590	2015-08-11 19:14:17	2015-08-11 19:14:17
401	Wandering Tattler	104348541094715245422843528827818264967	2015-08-11 19:14:18	2015-08-11 19:14:18
402	Chevalier errant	125190994588600473899781136468260970065	2015-08-11 19:14:18	2015-08-11 19:14:18
403	Patamarilla mayor	97155165959498848424097327515014116457	2015-08-11 19:14:18	2015-08-11 19:14:18
404	Greater Yellowlegs	257961117464794613844445365303375104639	2015-08-11 19:14:18	2015-08-11 19:14:18
405	Grand Chevalier	20871120293138666456050545506233811795	2015-08-11 19:14:18	2015-08-11 19:14:18
406	Blue-mantled Crested Flycatcher	303806953381199024607422523632674397300	2015-08-11 19:14:18	2015-08-11 19:14:18
407	Wrens	267803665393514443653210885660733426722	2015-08-11 19:14:18	2015-08-11 19:14:18
408	Ochraceous Wren	291437237885703109994667549949228404517	2015-08-11 19:14:18	2015-08-11 19:14:18
409	Southern Pied Babbler	279845268748781039741066445237382906469	2015-08-11 19:14:18	2015-08-11 19:14:18
410	Hinde's Babbler	165557525759251552186939900816807241515	2015-08-11 19:14:19	2015-08-11 19:14:19
411	Robins	130162707503903351887452170476934864628	2015-08-11 19:14:19	2015-08-11 19:14:19
412	merle noir	20764810592471737638480775282762335729	2015-08-11 19:14:20	2015-08-11 19:14:20
413	Eurasian Blackbird	245244252327990372861162297709116026228	2015-08-11 19:14:20	2015-08-11 19:14:20
414	Common Blackbird	66721035278974550293621526766647639524	2015-08-11 19:14:20	2015-08-11 19:14:20
415	tétras à queue fine	315978584209909467075795779920931258170	2015-08-11 19:14:20	2015-08-11 19:14:20
416	Sharp-tailed Grouse	73602824799488837803363686377401887662	2015-08-11 19:14:20	2015-08-11 19:14:20
417	Hoopoes	120370551664716840096105188578738062851	2015-08-11 19:14:20	2015-08-11 19:14:20
418	Sociable Lapwing	255667363169692155092258994855696341067	2015-08-11 19:14:20	2015-08-11 19:14:20
419	paruline verdâtre	29769549665004684563087522684359150622	2015-08-11 19:14:20	2015-08-11 19:14:20
420	Golden-winged Warbler	75636004819667558404864411277221334615	2015-08-11 19:14:21	2015-08-11 19:14:21
421	Chipe ala dorada	92797540668762389871324190455215346087	2015-08-11 19:14:21	2015-08-11 19:14:21
422	Paruline à ailes dorées	93504472431974468066396006375526580172	2015-08-11 19:14:21	2015-08-11 19:14:21
423	paruline à ailes dorées	300800566252947108692612442861788690103	2015-08-11 19:14:21	2015-08-11 19:14:21
424	Chipe rabadilla rufa	23820980996689128582283578219406216485	2015-08-11 19:14:21	2015-08-11 19:14:21
425	Vireos	185809274368732047594053678078828964849	2015-08-11 19:14:21	2015-08-11 19:14:21
426	paruline à calotte noire	19476368142742929628972522663982372994	2015-08-11 19:14:21	2015-08-11 19:14:21
