1	Ulva curvata	U	12	2012-06-27 13:44:14	2012-06-27 13:44:14
2	Acrosiphonia sonderi	A	20	2012-06-27 13:44:14	2012-06-27 13:44:14
3	Cladophora vadorum	C	18	2012-06-27 13:44:14	2012-06-27 13:44:14
4	Chaetopeltis orbicularis	C	24	2012-06-27 13:44:14	2012-06-27 13:44:14
5	Monostroma bullosum	M	19	2012-06-27 13:44:14	2012-06-27 13:44:14
6	Rhizoclonium hieroglyphicum	R	27	2012-06-27 13:44:14	2012-06-27 13:44:14
7	Cladophora crystallina	C	22	2012-06-27 13:44:14	2012-06-27 13:44:14
8	Acrochaete repens	A	17	2012-06-27 13:44:14	2012-06-27 13:44:14
9	Microspora floccosa	M	19	2012-06-27 13:44:14	2012-06-27 13:44:14
10	Chaetomorpha linum	C	18	2012-06-27 13:44:14	2012-06-27 13:44:14
11	Chaetophora attenuata	C	21	2012-06-27 13:44:14	2012-06-27 13:44:14
12	Microspora tumidula	M	19	2012-06-27 13:44:14	2012-06-27 13:44:14
13	Oedogonium capilliforme	O	23	2012-06-27 13:44:14	2012-06-27 13:44:14
14	Oedogonium oblongum	O	19	2012-06-27 13:44:14	2012-06-27 13:44:14
15	Oedogonium suecicum	O	19	2012-06-27 13:44:14	2012-06-27 13:44:14
16	Coleochaete orbicularis	C	23	2012-06-27 13:44:14	2012-06-27 13:44:14
17	Spirogyra cylindrica	S	20	2012-06-27 13:44:14	2012-06-27 13:44:14
18	Spirogyra farlowii	S	18	2012-06-27 13:44:14	2012-06-27 13:44:14
19	Spirogyra punctata	S	18	2012-06-27 13:44:14	2012-06-27 13:44:14
20	Zygnema coeruleum	Z	17	2012-06-27 13:44:14	2012-06-27 13:44:14
21	Bulbochaete mirabilis	B	21	2012-06-27 13:44:14	2012-06-27 13:44:14
22	Chaetophora incrassata	C	22	2012-06-27 13:44:14	2012-06-27 13:44:14
23	Gloeotila protogenita	G	21	2012-06-27 13:44:14	2012-06-27 13:44:14
24	Microspora wittrockii	M	21	2012-06-27 13:44:14	2012-06-27 13:44:14
25	Stigeoclonium helveticum	S	24	2012-06-27 13:44:14	2012-06-27 13:44:14
26	Spirogyra setiformis	S	20	2012-06-27 13:44:14	2012-06-27 13:44:14
27	Ulva rigida	U	11	2012-06-27 13:44:14	2012-06-27 13:44:14
28	Spirogyra parvula	S	17	2012-06-27 13:44:14	2012-06-27 13:44:14
29	Ulva scandinavica	U	17	2012-06-27 13:44:14	2012-06-27 13:44:14
30	Vireonidae	V	10	2012-06-27 13:44:14	2012-06-27 13:44:14
31	Upupidae	U	8	2012-06-27 13:44:14	2012-06-27 13:44:14
32	Coraciiformes	C	13	2012-06-27 13:44:14	2012-06-27 13:44:14
33	Ciconiiformes	C	13	2012-06-27 13:44:14	2012-06-27 13:44:14
34	Scolopacidae	S	12	2012-06-27 13:44:14	2012-06-27 13:44:14
35	Gruiformes	G	10	2012-06-27 13:44:14	2012-06-27 13:44:14
36	Procellariidae	P	14	2012-06-27 13:44:14	2012-06-27 13:44:14
37	Phoenicopteridae	P	16	2012-06-27 13:44:14	2012-06-27 13:44:14
38	Parulidae	P	9	2012-06-27 13:44:14	2012-06-27 13:44:14
39	Cuculiformes	C	12	2012-06-27 13:44:14	2012-06-27 13:44:14
40	Laridae	L	7	2012-06-27 13:44:14	2012-06-27 13:44:14
41	Hirundinidae	H	12	2012-06-27 13:44:14	2012-06-27 13:44:14
42	Glareolidae	G	11	2012-06-27 13:44:14	2012-06-27 13:44:14
43	Falconidae	F	10	2012-06-27 13:44:14	2012-06-27 13:44:14
44	Coraciidae	C	10	2012-06-27 13:44:14	2012-06-27 13:44:14
45	Ciconiidae	C	10	2012-06-27 13:44:14	2012-06-27 13:44:14
46	Ulvales	U	7	2012-06-27 13:44:14	2012-06-27 13:44:14
47	Cladophorales	C	13	2012-06-27 13:44:14	2012-06-27 13:44:14
48	Klebsormidiaceae	K	16	2012-06-27 13:44:14	2012-06-27 13:44:14
49	Tetrasporaceae	T	14	2012-06-27 13:44:14	2012-06-27 13:44:14
50	Chlorococcaceae	C	15	2012-06-27 13:44:14	2012-06-27 13:44:14
51	Bryopsidales	B	12	2012-06-27 13:44:14	2012-06-27 13:44:14
52	Bryopsidaceae	B	13	2012-06-27 13:44:14	2012-06-27 13:44:14
53	Anhingidae	A	10	2012-06-27 13:44:14	2012-06-27 13:44:14
54	Aegithalidae	A	12	2012-06-27 13:44:14	2012-06-27 13:44:14
55	Rhizoclonium	R	12	2012-06-27 13:44:14	2012-06-27 13:44:14
56	Spongomorpha	S	12	2012-06-27 13:44:14	2012-06-27 13:44:14
57	Entocladia	E	10	2012-06-27 13:44:14	2012-06-27 13:44:14
58	Stigeoclonium	S	13	2012-06-27 13:44:14	2012-06-27 13:44:14
59	Characium	C	9	2012-06-27 13:44:14	2012-06-27 13:44:14
60	Oedogonium	O	10	2012-06-27 13:44:14	2012-06-27 13:44:14
61	Aphanochaete	A	12	2012-06-27 13:44:14	2012-06-27 13:44:14
62	Dicranochaete	D	13	2012-06-27 13:44:14	2012-06-27 13:44:14
63	Treron	T	6	2012-06-27 13:44:14	2012-06-27 13:44:14
64	Surniculus	S	10	2012-06-27 13:44:14	2012-06-27 13:44:14
65	Chaetonema	C	10	2012-06-27 13:44:14	2012-06-27 13:44:14
66	Lysurus	L	7	2012-06-27 13:44:14	2012-06-27 13:44:14
67	Passerina	P	9	2012-06-27 13:44:14	2012-06-27 13:44:14
68	Xiphorhynchus	X	13	2012-06-27 13:44:14	2012-06-27 13:44:14
69	Premnornis	P	10	2012-06-27 13:44:14	2012-06-27 13:44:14
70	Pinicola	P	8	2012-06-27 13:44:14	2012-06-27 13:44:14
71	Calcarius	C	9	2012-06-27 13:44:14	2012-06-27 13:44:14
72	Fringilla	F	9	2012-06-27 13:44:14	2012-06-27 13:44:14
73	Chilia	C	6	2012-06-27 13:44:14	2012-06-27 13:44:14
74	Linurgus	L	8	2012-06-27 13:44:14	2012-06-27 13:44:14
75	Dromaius	D	8	2012-06-27 13:44:14	2012-06-27 13:44:14
76	Diomedea	D	8	2012-06-27 13:44:14	2012-06-27 13:44:14
77	Anastomus	A	9	2012-06-27 13:44:14	2012-06-27 13:44:14
78	Eulabeornis	E	11	2012-06-27 13:44:14	2012-06-27 13:44:14
79	Botaurus	B	8	2012-06-27 13:44:14	2012-06-27 13:44:14
80	Hemicircus	H	10	2012-06-27 13:44:14	2012-06-27 13:44:14
81	Gecinulus	G	9	2012-06-27 13:44:14	2012-06-27 13:44:14
82	Rollulus	R	8	2012-06-27 13:44:14	2012-06-27 13:44:14
83	Vultur	V	6	2012-06-27 13:44:14	2012-06-27 13:44:14
84	Siphonorhis	S	11	2012-06-27 13:44:14	2012-06-27 13:44:14
85	Oceanites	O	9	2012-06-27 13:44:14	2012-06-27 13:44:14
86	Kozlowia	K	8	2012-06-27 13:44:14	2012-06-27 13:44:14
87	Ectochaete	E	10	2012-06-27 13:44:14	2012-06-27 13:44:14
88	Draparnaldia	D	12	2012-06-27 13:44:14	2012-06-27 13:44:14
89	Gomontia	G	8	2012-06-27 13:44:14	2012-06-27 13:44:14
90	Acrochaete	A	10	2012-06-27 13:44:14	2012-06-27 13:44:14
91	Apiocystis	A	10	2012-06-27 13:44:14	2012-06-27 13:44:14
92	Fulmarus glacialis	F	18	2012-06-27 13:44:14	2012-06-27 13:44:14
93	Morus bassanus	M	14	2012-06-27 13:44:14	2012-06-27 13:44:14
94	Ardea cinerea	A	13	2012-06-27 13:44:14	2012-06-27 13:44:14
95	Bubulcus ibis	B	13	2012-06-27 13:44:14	2012-06-27 13:44:14
96	Nycticorax nycticorax	N	21	2012-06-27 13:44:14	2012-06-27 13:44:14
97	Ciconia nigra	C	13	2012-06-27 13:44:14	2012-06-27 13:44:14
98	Platalea leucorodia	P	19	2012-06-27 13:44:14	2012-06-27 13:44:14
99	Cygnus cygnus	C	13	2012-06-27 13:44:14	2012-06-27 13:44:14
100	Branta bernicla	B	15	2012-06-27 13:44:14	2012-06-27 13:44:14
101	Anser albifrons	A	15	2012-06-27 13:44:14	2012-06-27 13:44:14
102	Anser erythropus	A	16	2012-06-27 13:44:14	2012-06-27 13:44:14
103	Anas strepera	A	13	2012-06-27 13:44:14	2012-06-27 13:44:14
104	Anas crecca	A	11	2012-06-27 13:44:14	2012-06-27 13:44:14
105	Anas penelope	A	13	2012-06-27 13:44:14	2012-06-27 13:44:14
106	Bucephala clangula	B	18	2012-06-27 13:44:14	2012-06-27 13:44:14
107	Histrionicus histrionicus	H	25	2012-06-27 13:44:14	2012-06-27 13:44:14
108	Somateria spectabilis	S	21	2012-06-27 13:44:14	2012-06-27 13:44:14
109	Melanitta nigra	M	15	2012-06-27 13:44:14	2012-06-27 13:44:14
110	Mergus serrator	M	15	2012-06-27 13:44:14	2012-06-27 13:44:14
111	Mergellus albellus	M	18	2012-06-27 13:44:14	2012-06-27 13:44:14
112	Elanus caeruleus	E	16	2012-06-27 13:44:14	2012-06-27 13:44:14
113	Accipiter nisus	A	15	2012-06-27 13:44:14	2012-06-27 13:44:14
114	Buteo buteo	B	11	2012-06-27 13:44:14	2012-06-27 13:44:14
115	Falco rupicoloides	F	18	2012-06-27 13:44:14	2012-06-27 13:44:14
116	Falco vespertinus	F	17	2012-06-27 13:44:14	2012-06-27 13:44:14
117	Phalcoboenus australis	P	22	2012-06-27 13:44:14	2012-06-27 13:44:14
118	Milvago chimango	M	16	2012-06-27 13:44:14	2012-06-27 13:44:14
119	Micrastur plumbeus	M	18	2012-06-27 13:44:14	2012-06-27 13:44:14
120	Polihierax semitorquatus	P	24	2012-06-27 13:44:14	2012-06-27 13:44:14
121	Microhierax latifrons	M	21	2012-06-27 13:44:14	2012-06-27 13:44:14
122	Leipoa ocellata	L	15	2012-06-27 13:44:14	2012-06-27 13:44:14
123	Aepypodius arfakianus	A	21	2012-06-27 13:44:14	2012-06-27 13:44:14
124	Ortalis canicollis	O	18	2012-06-27 13:44:14	2012-06-27 13:44:14
125	Ortalis ruficauda	O	17	2012-06-27 13:44:14	2012-06-27 13:44:14
126	Penelope argyrotis	P	18	2012-06-27 13:44:14	2012-06-27 13:44:14
127	Penelope marail	P	15	2012-06-27 13:44:14	2012-06-27 13:44:14
128	Penelope ortoni	P	15	2012-06-27 13:44:14	2012-06-27 13:44:14
129	Penelope superciliaris	P	22	2012-06-27 13:44:14	2012-06-27 13:44:14
130	Chamaepetes goudotii	C	20	2012-06-27 13:44:14	2012-06-27 13:44:14
131	Nothocrax urumutum	N	18	2012-06-27 13:44:14	2012-06-27 13:44:14
132	Crax daubentoni	C	15	2012-06-27 13:44:14	2012-06-27 13:44:14
133	Bonasa umbellus	B	15	2012-06-27 13:44:14	2012-06-27 13:44:14
134	Tympanuchus phasianellus	T	24	2012-06-27 13:44:14	2012-06-27 13:44:14
135	Colinus cristatus	C	17	2012-06-27 13:44:14	2012-06-27 13:44:14
136	Callipepla gambelii	C	19	2012-06-27 13:44:14	2012-06-27 13:44:14
137	Phasianus colchicus	P	19	2012-06-27 13:44:14	2012-06-27 13:44:14
138	Alectoris graeca	A	16	2012-06-27 13:44:14	2012-06-27 13:44:14
139	Perdix perdix	P	13	2012-06-27 13:44:14	2012-06-27 13:44:14
140	Odontophorus atrifrons	O	22	2012-06-27 13:44:14	2012-06-27 13:44:14
141	Odontophorus dialeucos	O	22	2012-06-27 13:44:14	2012-06-27 13:44:14
142	Anthropoides virgo	A	18	2012-06-27 13:44:14	2012-06-27 13:44:14
143	Otis tarda	O	10	2012-06-27 13:44:14	2012-06-27 13:44:14
144	Vanellus gregarius	V	18	2012-06-27 13:44:14	2012-06-27 13:44:14
145	Charadrius leschenaultii	C	24	2012-06-27 13:44:14	2012-06-27 13:44:14
146	Pluvialis squatarola	P	20	2012-06-27 13:44:14	2012-06-27 13:44:14
147	Tringa erythropus	T	17	2012-06-27 13:44:14	2012-06-27 13:44:14
148	Calidris tenuirostris	C	21	2012-06-27 13:44:14	2012-06-27 13:44:14
149	Calidris melanotos	C	18	2012-06-27 13:44:14	2012-06-27 13:44:14
150	Calidris alpina	C	15	2012-06-27 13:44:14	2012-06-27 13:44:14
151	Calidris alba	C	13	2012-06-27 13:44:14	2012-06-27 13:44:14
152	Limnodromus scolopaceus	L	23	2012-06-27 13:44:14	2012-06-27 13:44:14
153	Limosa lapponica	L	16	2012-06-27 13:44:14	2012-06-27 13:44:14
154	Limicola falcinellus	L	20	2012-06-27 13:44:14	2012-06-27 13:44:14
155	Recurvirostra avosetta	R	22	2012-06-27 13:44:14	2012-06-27 13:44:14
156	Phalaropus tricolor	P	19	2012-06-27 13:44:14	2012-06-27 13:44:14
157	Burhinus oedicnemus	B	19	2012-06-27 13:44:14	2012-06-27 13:44:14
158	Cursorius cursor	C	16	2012-06-27 13:44:14	2012-06-27 13:44:14
159	Stercorarius pomarinus	S	22	2012-06-27 13:44:14	2012-06-27 13:44:14
160	Larus glaucoides	L	16	2012-06-27 13:44:14	2012-06-27 13:44:14
161	Larus ridibundus	L	16	2012-06-27 13:44:14	2012-06-27 13:44:14
162	Larus minutus	L	13	2012-06-27 13:44:14	2012-06-27 13:44:14
163	Rhodostethia rosea	R	18	2012-06-27 13:44:14	2012-06-27 13:44:14
164	Sterna paradisaea	S	17	2012-06-27 13:44:14	2012-06-27 13:44:14
165	Sterna anaethetus	S	17	2012-06-27 13:44:14	2012-06-27 13:44:14
166	Alle alle	A	9	2012-06-27 13:44:14	2012-06-27 13:44:14
167	Fratercula arctica	F	18	2012-06-27 13:44:14	2012-06-27 13:44:14
168	Syrrhaptes paradoxus	S	20	2012-06-27 13:44:14	2012-06-27 13:44:14
169	Columba livia	C	13	2012-06-27 13:44:14	2012-06-27 13:44:14
170	Aegolius funereus	A	17	2012-06-27 13:44:14	2012-06-27 13:44:14
171	Jynx torquilla	J	14	2012-06-27 13:44:14	2012-06-27 13:44:14
172	Toxostoma longirostre	T	21	2012-06-27 13:44:14	2012-06-27 13:44:14
173	Toxostoma redivivum	T	19	2012-06-27 13:44:14	2012-06-27 13:44:14
174	Oreoscoptes montanus	O	20	2012-06-27 13:44:14	2012-06-27 13:44:14
175	Muscicapa sibirica	M	18	2012-06-27 13:44:14	2012-06-27 13:44:14
176	Cettia diphone	C	14	2012-06-27 13:44:14	2012-06-27 13:44:14
177	Clytorhynchus vitiensis	C	23	2012-06-27 13:44:14	2012-06-27 13:44:14
178	Myiagra erythrops	M	17	2012-06-27 13:44:14	2012-06-27 13:44:14
179	Rhipidura lepida	R	16	2012-06-27 13:44:14	2012-06-27 13:44:14
180	Auriparus flaviceps	A	19	2012-06-27 13:44:14	2012-06-27 13:44:14
181	Sitta pusilla	S	13	2012-06-27 13:44:14	2012-06-27 13:44:14
182	Chaetoptila angustipluma	C	24	2012-06-27 13:44:14	2012-06-27 13:44:14
183	Moho bishopi	M	12	2012-06-27 13:44:14	2012-06-27 13:44:14
184	Chamaea fasciata	C	16	2012-06-27 13:44:14	2012-06-27 13:44:14
185	Basileuterus rufifrons	B	22	2012-06-27 13:44:14	2012-06-27 13:44:14
186	Vermivora chrysoptera	V	21	2012-06-27 13:44:14	2012-06-27 13:44:14
187	Vermivora celata	V	16	2012-06-27 13:44:14	2012-06-27 13:44:14
188	Vermivora luciae	V	16	2012-06-27 13:44:14	2012-06-27 13:44:14
189	Dendroica petechia	D	18	2012-06-27 13:44:14	2012-06-27 13:44:14
190	Dendroica coronata	D	18	2012-06-27 13:44:14	2012-06-27 13:44:14
191	Dendroica chrysoparia	D	21	2012-06-27 13:44:14	2012-06-27 13:44:14
192	Dendroica dominica	D	18	2012-06-27 13:44:14	2012-06-27 13:44:14
193	Dendroica striata	D	17	2012-06-27 13:44:14	2012-06-27 13:44:14
194	Dendroica palmarum	D	18	2012-06-27 13:44:14	2012-06-27 13:44:14
195	Seiurus motacilla	S	17	2012-06-27 13:44:14	2012-06-27 13:44:14
196	Oporornis tolmiei	O	17	2012-06-27 13:44:14	2012-06-27 13:44:14
197	Icteria virens	I	14	2012-06-27 13:44:14	2012-06-27 13:44:14
198	Wilsonia pusilla	W	16	2012-06-27 13:44:14	2012-06-27 13:44:14
199	Myioborus pictus	M	16	2012-06-27 13:44:14	2012-06-27 13:44:14
200	Passerina cyanea	P	16	2012-06-27 13:44:14	2012-06-27 13:44:14
201	Coccothraustes coccothraustes	C	29	2012-06-27 13:44:14	2012-06-27 13:44:14
202	Pinicola enucleator	P	19	2012-06-27 13:44:14	2012-06-27 13:44:14
203	Calcarius lapponicus	C	20	2012-06-27 13:44:14	2012-06-27 13:44:14
204	Emberiza pusilla	E	16	2012-06-27 13:44:14	2012-06-27 13:44:14
205	Corvus corax	C	12	2012-06-27 13:44:14	2012-06-27 13:44:14
206	Turdus merula	T	13	2012-06-27 13:44:14	2012-06-27 13:44:14
207	Tarsiger cyanurus	T	17	2012-06-27 13:44:14	2012-06-27 13:44:14
208	Phylloscopus sibilatrix	P	23	2012-06-27 13:44:14	2012-06-27 13:44:14
209	Calidris himantopus	C	19	2012-06-27 13:44:14	2012-06-27 13:44:14
210	Eremophila alpestris	E	20	2012-06-27 13:44:14	2012-06-27 13:44:14
211	Larus cachinnans	L	16	2012-06-27 13:44:14	2012-06-27 13:44:14
212	Motacilla citreola	M	18	2012-06-27 13:44:14	2012-06-27 13:44:14
213	Alcedo leucogaster	A	18	2012-06-27 13:44:14	2012-06-27 13:44:14
214	Ceyx melanurus	C	14	2012-06-27 13:44:14	2012-06-27 13:44:14
215	Dacelo novaeguineae	D	19	2012-06-27 13:44:14	2012-06-27 13:44:14
216	Clytoceyx rex	C	13	2012-06-27 13:44:14	2012-06-27 13:44:14
217	Pelargopsis melanorhyncha	P	25	2012-06-27 13:44:14	2012-06-27 13:44:14
218	Halcyon pileata	H	15	2012-06-27 13:44:14	2012-06-27 13:44:14
219	Halcyon chelicuti	H	17	2012-06-27 13:44:14	2012-06-27 13:44:14
220	Actenoides bougainvillei	A	24	2012-06-27 13:44:14	2012-06-27 13:44:14
221	Actenoides monachus	A	19	2012-06-27 13:44:14	2012-06-27 13:44:14
222	Tanysiptera hydrocharis	T	23	2012-06-27 13:44:14	2012-06-27 13:44:14
223	Tanysiptera sylvia	T	18	2012-06-27 13:44:14	2012-06-27 13:44:14
224	Chloroceryle amazona	C	20	2012-06-27 13:44:14	2012-06-27 13:44:14
225	Nyctyornis athertoni	N	20	2012-06-27 13:44:14	2012-06-27 13:44:14
226	Merops bulocki	M	14	2012-06-27 13:44:14	2012-06-27 13:44:14
227	Merops oreobates	M	16	2012-06-27 13:44:14	2012-06-27 13:44:14
228	Merops revoilii	M	15	2012-06-27 13:44:14	2012-06-27 13:44:14
229	Merops viridis	M	14	2012-06-27 13:44:14	2012-06-27 13:44:14
230	Merops ornatus	M	14	2012-06-27 13:44:14	2012-06-27 13:44:14
231	Merops nubicus	M	14	2012-06-27 13:44:14	2012-06-27 13:44:14
232	Colius colius	C	13	2012-06-27 13:44:14	2012-06-27 13:44:14
233	Clamator glandarius	C	19	2012-06-27 13:44:14	2012-06-27 13:44:14
234	Cuculus varius	C	14	2012-06-27 13:44:14	2012-06-27 13:44:14
235	Cuculus micropterus	C	19	2012-06-27 13:44:14	2012-06-27 13:44:14
236	Cuculus pallidus	C	16	2012-06-27 13:44:14	2012-06-27 13:44:14
237	Acrocephalus agricola	A	21	2012-06-27 13:44:14	2012-06-27 13:44:14
238	Acrocephalus scirpaceus	A	23	2012-06-27 13:44:14	2012-06-27 13:44:14
239	Anthus godlewskii	A	17	2012-06-27 13:44:14	2012-06-27 13:44:14
240	Anthus petrosus	A	15	2012-06-27 13:44:14	2012-06-27 13:44:14
241	Cnemarchus erythropygius	C	24	2012-06-27 13:44:14	2012-06-27 13:44:14
242	Cnemotriccus fuscatus	C	21	2012-06-27 13:44:14	2012-06-27 13:44:14
243	Cochoa beccarii	C	15	2012-06-27 13:44:14	2012-06-27 13:44:14
244	Colluricincla boweri	C	20	2012-06-27 13:44:14	2012-06-27 13:44:14
245	Colluricincla woodwardi	C	23	2012-06-27 13:44:14	2012-06-27 13:44:14
246	Columbina buckleyi	C	18	2012-06-27 13:44:14	2012-06-27 13:44:14
247	Conirostrum bicolor	C	19	2012-06-27 13:44:14	2012-06-27 13:44:14
248	Conirostrum margaritae	C	22	2012-06-27 13:44:14	2012-06-27 13:44:14
249	Conirostrum tamarugense	C	23	2012-06-27 13:44:14	2012-06-27 13:44:14
250	Conopophaga castaneiceps	C	24	2012-06-27 13:44:14	2012-06-27 13:44:14
251	Conopophaga peruviana	C	21	2012-06-27 13:44:14	2012-06-27 13:44:14
252	Conopophila whitei	C	18	2012-06-27 13:44:14	2012-06-27 13:44:14
253	Conothraupis speculigera	C	24	2012-06-27 13:44:14	2012-06-27 13:44:14
254	Contopus lugubris	C	17	2012-06-27 13:44:14	2012-06-27 13:44:14
255	Copsychus albospecularis	C	24	2012-06-27 13:44:14	2012-06-27 13:44:14
256	Copsychus stricklandii	C	22	2012-06-27 13:44:14	2012-06-27 13:44:14
257	Coracina azurea	C	15	2012-06-27 13:44:14	2012-06-27 13:44:14
258	Coracina caesia	C	15	2012-06-27 13:44:14	2012-06-27 13:44:14
259	Coracina coerulescens	C	21	2012-06-27 13:44:14	2012-06-27 13:44:14
260	Coracina fortis	C	15	2012-06-27 13:44:14	2012-06-27 13:44:14
261	Coracina incerta	C	16	2012-06-27 13:44:14	2012-06-27 13:44:14
262	Coracina lineata	C	16	2012-06-27 13:44:14	2012-06-27 13:44:14
263	Coracina mcgregori	C	18	2012-06-27 13:44:14	2012-06-27 13:44:14
264	Coracina mindanensis	C	20	2012-06-27 13:44:14	2012-06-27 13:44:14
265	Coracina ostenta	C	16	2012-06-27 13:44:14	2012-06-27 13:44:14
266	Coracina personata	C	18	2012-06-27 13:44:14	2012-06-27 13:44:14
267	Coracina striata	C	16	2012-06-27 13:44:14	2012-06-27 13:44:14
268	Emberiza bruniceps	E	18	2012-06-27 13:44:14	2012-06-27 13:44:14
269	Emberiza rutila	E	15	2012-06-27 13:44:14	2012-06-27 13:44:14
270	Hippolais icterina	H	18	2012-06-27 13:44:14	2012-06-27 13:44:14
271	Hippolais polyglotta	H	20	2012-06-27 13:44:14	2012-06-27 13:44:14
272	Lanius collurioides	L	19	2012-06-27 13:44:14	2012-06-27 13:44:14
273	Lanius isabellinus	L	18	2012-06-27 13:44:14	2012-06-27 13:44:14
274	Lanius newtoni	L	14	2012-06-27 13:44:14	2012-06-27 13:44:14
275	Lanius senator	L	14	2012-06-27 13:44:14	2012-06-27 13:44:14
276	Lanius tephronotus	L	18	2012-06-27 13:44:14	2012-06-27 13:44:14
277	Larus armenicus	L	15	2012-06-27 13:44:14	2012-06-27 13:44:14
278	Laterallus albigularis	L	22	2012-06-27 13:44:14	2012-06-27 13:44:14
279	Leiothrix argentauris	L	21	2012-06-27 13:44:14	2012-06-27 13:44:14
280	Lepidocolaptes albolineatus	L	27	2012-06-27 13:44:14	2012-06-27 13:44:14
281	Lepidocolaptes squamatus	L	24	2012-06-27 13:44:14	2012-06-27 13:44:14
282	Leptasthenura striata	L	21	2012-06-27 13:44:14	2012-06-27 13:44:14
283	Leptodon forbesi	L	16	2012-06-27 13:44:14	2012-06-27 13:44:14
284	Leptopogon rufipectus	L	21	2012-06-27 13:44:14	2012-06-27 13:44:14
285	Leptotila battyi	L	16	2012-06-27 13:44:14	2012-06-27 13:44:14
286	Leucopsar rothschildi	L	21	2012-06-27 13:44:14	2012-06-27 13:44:14
287	Leucosticte sillemi	L	19	2012-06-27 13:44:14	2012-06-27 13:44:14
288	Lichenostomus cratitius	L	23	2012-06-27 13:44:14	2012-06-27 13:44:14
289	Lichenostomus flavicollis	L	25	2012-06-27 13:44:14	2012-06-27 13:44:14
290	Lichenostomus hindwoodi	L	23	2012-06-27 13:44:14	2012-06-27 13:44:14
291	Lichenostomus obscurus	L	22	2012-06-27 13:44:14	2012-06-27 13:44:14
292	Lichenostomus plumulus	L	22	2012-06-27 13:44:14	2012-06-27 13:44:14
293	Lichenostomus virescens	L	23	2012-06-27 13:44:14	2012-06-27 13:44:14
294	Lichmera flavicans	L	18	2012-06-27 13:44:14	2012-06-27 13:44:14
295	Lichmera monticola	L	18	2012-06-27 13:44:14	2012-06-27 13:44:14
296	Limnornis rectirostris	L	22	2012-06-27 13:44:14	2012-06-27 13:44:14
297	Liocichla phoenicea	L	19	2012-06-27 13:44:14	2012-06-27 13:44:14
298	Locustella luscinioides	L	23	2012-06-27 13:44:14	2012-06-27 13:44:14
299	Nucifraga caryocatactes	N	23	2012-06-27 13:44:14	2012-06-27 13:44:14
300	Oenanthe deserti	O	16	2012-06-27 13:44:14	2012-06-27 13:44:14
301	Oenanthe isabellina	O	19	2012-06-27 13:44:14	2012-06-27 13:44:14
302	Oenanthe pleschanka	O	19	2012-06-27 13:44:14	2012-06-27 13:44:14
303	Oriolus oriolus	O	15	2012-06-27 13:44:14	2012-06-27 13:44:14
304	Panurus biarmicus	P	17	2012-06-27 13:44:14	2012-06-27 13:44:14
305	Phyllastrephus flavostriatus	P	28	2012-06-27 13:44:14	2012-06-27 13:44:14
306	Phyllastrephus icterinus	P	24	2012-06-27 13:44:14	2012-06-27 13:44:14
307	Phyllastrephus placidus	P	23	2012-06-27 13:44:14	2012-06-27 13:44:14
308	Phyllastrephus strepitans	P	25	2012-06-27 13:44:14	2012-06-27 13:44:14
309	Phyllastrephus zosterops	P	24	2012-06-27 13:44:14	2012-06-27 13:44:14
310	Phyllomyias fasciatus	P	21	2012-06-27 13:44:14	2012-06-27 13:44:14
311	Phyllomyias nigrocapillus	P	25	2012-06-27 13:44:14	2012-06-27 13:44:14
312	Phyllomyias uropygialis	P	23	2012-06-27 13:44:14	2012-06-27 13:44:14
313	Phylloscartes difficilis	P	24	2012-06-27 13:44:14	2012-06-27 13:44:14
314	Phylloscartes gualaquizae	P	25	2012-06-27 13:44:14	2012-06-27 13:44:14
315	Phylloscartes ophthalmicus	P	26	2012-06-27 13:44:14	2012-06-27 13:44:14
316	Phylloscartes parkeri	P	21	2012-06-27 13:44:14	2012-06-27 13:44:14
317	Phylloscartes sylviolus	P	23	2012-06-27 13:44:14	2012-06-27 13:44:14
318	Phylloscopus affinis	P	20	2012-06-27 13:44:14	2012-06-27 13:44:14
319	Phylloscopus borealoides	P	24	2012-06-27 13:44:14	2012-06-27 13:44:14
320	Phylloscopus chloronotus	P	24	2012-06-27 13:44:14	2012-06-27 13:44:14
321	Phylloscopus davisoni	P	21	2012-06-27 13:44:14	2012-06-27 13:44:14
322	Phylloscopus ijimae	P	19	2012-06-27 13:44:14	2012-06-27 13:44:14
323	Phylloscopus lorenzii	P	21	2012-06-27 13:44:14	2012-06-27 13:44:14
324	Phylloscopus neglectus	P	22	2012-06-27 13:44:14	2012-06-27 13:44:14
325	Phylloscopus presbytes	P	22	2012-06-27 13:44:14	2012-06-27 13:44:14
326	Phylloscopus reguloides	P	23	2012-06-27 13:44:14	2012-06-27 13:44:14
327	Phylloscopus schwarzi	P	21	2012-06-27 13:44:14	2012-06-27 13:44:14
328	Phylloscopus trivirgatus	P	24	2012-06-27 13:44:14	2012-06-27 13:44:14
329	Phytotoma raimondii	P	19	2012-06-27 13:44:14	2012-06-27 13:44:14
330	Picathartes oreas	P	17	2012-06-27 13:44:14	2012-06-27 13:44:14
331	Pipilo ocai	P	11	2012-06-27 13:44:14	2012-06-27 13:44:14
332	Prunella collaris	P	17	2012-06-27 13:44:14	2012-06-27 13:44:14
333	Regulus ignicapillus	R	20	2012-06-27 13:44:14	2012-06-27 13:44:14
334	Sturnus roseus	S	14	2012-06-27 13:44:14	2012-06-27 13:44:14
335	Sylvia nisoria	S	14	2012-06-27 13:44:14	2012-06-27 13:44:14
336	Sylvia undata	S	13	2012-06-27 13:44:14	2012-06-27 13:44:14
337	Thripophaga fusciceps	T	21	2012-06-27 13:44:14	2012-06-27 13:44:14
338	Thryothorus atrogularis	T	23	2012-06-27 13:44:14	2012-06-27 13:44:14
339	Thryothorus fasciatoventris	T	27	2012-06-27 13:44:14	2012-06-27 13:44:14
340	Thryothorus guarayanus	T	22	2012-06-27 13:44:14	2012-06-27 13:44:14
341	Thryothorus maculipectus	T	24	2012-06-27 13:44:14	2012-06-27 13:44:14
342	Thryothorus nigricapillus	T	25	2012-06-27 13:44:14	2012-06-27 13:44:14
343	Thryothorus rutilus	T	19	2012-06-27 13:44:14	2012-06-27 13:44:14
344	Thryothorus spadix	T	18	2012-06-27 13:44:14	2012-06-27 13:44:14
345	Tichodroma muraria	T	18	2012-06-27 13:44:14	2012-06-27 13:44:14
346	Timalia pileata	T	15	2012-06-27 13:44:14	2012-06-27 13:44:14
347	Tityra inquisitor	T	17	2012-06-27 13:44:14	2012-06-27 13:44:14
348	Todirostrum maculatum	T	21	2012-06-27 13:44:14	2012-06-27 13:44:14
349	Todirostrum poliocephalum	T	25	2012-06-27 13:44:14	2012-06-27 13:44:14
350	Tolmomyias poliocephalus	T	24	2012-06-27 13:44:14	2012-06-27 13:44:14
351	Torreornis inexpectata	T	22	2012-06-27 13:44:14	2012-06-27 13:44:14
352	Toxostoma guttatum	T	18	2012-06-27 13:44:14	2012-06-27 13:44:14
353	Trichastoma bicolor	T	19	2012-06-27 13:44:14	2012-06-27 13:44:14
354	Trichixos pyrropyga	T	19	2012-06-27 13:44:14	2012-06-27 13:44:14
355	Tricholestes criniger	T	21	2012-06-27 13:44:14	2012-06-27 13:44:14
356	Trochocercus cyanomelas	T	23	2012-06-27 13:44:14	2012-06-27 13:44:14
357	Troglodytes ochraceus	T	21	2012-06-27 13:44:14	2012-06-27 13:44:14
358	Troglodytes tanneri	T	19	2012-06-27 13:44:14	2012-06-27 13:44:14
359	Turdoides bicolor	T	17	2012-06-27 13:44:14	2012-06-27 13:44:14
360	Turdoides fulvus	T	16	2012-06-27 13:44:14	2012-06-27 13:44:14
361	Turdoides hindei	T	16	2012-06-27 13:44:14	2012-06-27 13:44:14
362	Turdoides leucopygius	T	21	2012-06-27 13:44:14	2012-06-27 13:44:14
363	Zoothera sibirica	Z	17	2012-06-27 13:44:14	2012-06-27 13:44:14
364	Capito wallacei	C	15	2012-06-27 13:44:14	2012-06-27 13:44:14
365	Picumnus nigropunctatus	P	23	2012-06-27 13:44:14	2012-06-27 13:44:14
366	Celeus obrieni	C	14	2012-06-27 13:44:14	2012-06-27 13:44:14
367	Otus senegalensis	O	17	2012-06-27 13:44:14	2012-06-27 13:44:14
368	Otus alius	O	10	2012-06-27 13:44:14	2012-06-27 13:44:14
369	Larus occidentalis wymani	L	25	2012-06-27 13:44:14	2012-06-27 13:44:14
370	Larus argentatus smithsonianus	L	30	2012-06-27 13:44:14	2012-06-27 13:44:14
371	Larus canus brachyrhynchus	L	26	2012-06-27 13:44:14	2012-06-27 13:44:14
372	Larus tridactyla tridactyla	L	27	2012-06-27 13:44:14	2012-06-27 13:44:14
373	Merops gularis gularis	M	22	2012-06-27 13:44:14	2012-06-27 13:44:14
374	Merops hirundineus hirundineus	M	30	2012-06-27 13:44:14	2012-06-27 13:44:14
375	Merops pusillus ocularis	M	24	2012-06-27 13:44:14	2012-06-27 13:44:14
376	Merops variegatus loringi	M	25	2012-06-27 13:44:14	2012-06-27 13:44:14
377	Merops orientalis beludschicus	M	30	2012-06-27 13:44:14	2012-06-27 13:44:14
378	Merops orientalis ferrugeiceps	M	30	2012-06-27 13:44:14	2012-06-27 13:44:14
379	Merops persicus chrysocercus	M	28	2012-06-27 13:44:14	2012-06-27 13:44:14
380	Merops philippinus celebensis	M	29	2012-06-27 13:44:14	2012-06-27 13:44:14
381	Merops viridis americanus	M	25	2012-06-27 13:44:14	2012-06-27 13:44:14
382	Merops leschenaulti quinticolor	M	31	2012-06-27 13:44:14	2012-06-27 13:44:14
383	Mimus polyglottos polyglottos	M	29	2012-06-27 13:44:14	2012-06-27 13:44:14
384	Toxostoma longirostre sennetti	T	30	2012-06-27 13:44:14	2012-06-27 13:44:14
385	Toxostoma curvirostre palmeri	T	29	2012-06-27 13:44:14	2012-06-27 13:44:14
386	Toxostoma redivivum redivivum	T	29	2012-06-27 13:44:14	2012-06-27 13:44:14
387	Toxostoma dorsale dorsale	T	25	2012-06-27 13:44:14	2012-06-27 13:44:14
388	Eupodotis rueppellii fitzsimonsi	E	32	2012-06-27 13:44:14	2012-06-27 13:44:14
389	Afrotis afraoides etoschae	A	26	2012-06-27 13:44:14	2012-06-27 13:44:14
390	Houbaropsis bengalensis blandini	H	32	2012-06-27 13:44:14	2012-06-27 13:44:14
391	Baeolophus wollweberi phillipsi	B	31	2012-06-27 13:44:14	2012-06-27 13:44:14
392	Poecile atricapillus fortuita	P	29	2012-06-27 13:44:14	2012-06-27 13:44:14
393	Poecile atricapillus garrina	P	28	2012-06-27 13:44:14	2012-06-27 13:44:14
394	Baeolophus inornatus mohavensis	B	31	2012-06-27 13:44:14	2012-06-27 13:44:14
395	Baeolophus bicolor bicolor	B	26	2012-06-27 13:44:14	2012-06-27 13:44:14
396	Poecile sclateri sclateri	P	25	2012-06-27 13:44:14	2012-06-27 13:44:14
397	Campethera abingoni suahelica	C	29	2012-06-27 13:44:14	2012-06-27 13:44:14
398	Campethera cailliautii permista	C	31	2012-06-27 13:44:14	2012-06-27 13:44:14
399	Campethera nivosa herberti	C	26	2012-06-27 13:44:14	2012-06-27 13:44:14
400	Campethera caroli caroli	C	24	2012-06-27 13:44:14	2012-06-27 13:44:14
401	Dendropicos fuscescens hemprichii	D	33	2012-06-27 13:44:14	2012-06-27 13:44:14
402	Dendropicos fuscescens massaicus	D	32	2012-06-27 13:44:14	2012-06-27 13:44:14
403	Dendropicos gabonensis reichenowi	D	33	2012-06-27 13:44:14	2012-06-27 13:44:14
404	Dendropicos elliotii elliotii	D	29	2012-06-27 13:44:14	2012-06-27 13:44:14
405	Dendropicos goertae abessinicus	D	31	2012-06-27 13:44:14	2012-06-27 13:44:14
406	Dendropicos goertae rhodeogaster	D	32	2012-06-27 13:44:14	2012-06-27 13:44:14
407	Dendropicos griseocephalus ruwenzori	D	36	2012-06-27 13:44:14	2012-06-27 13:44:14
408	Dendropicos obsoletus obsoletus	D	31	2012-06-27 13:44:14	2012-06-27 13:44:14
409	Hypopicus hyperythrus subrufinus	H	32	2012-06-27 13:44:14	2012-06-27 13:44:14
410	Dendrocopos maculatus menagei	D	29	2012-06-27 13:44:14	2012-06-27 13:44:14
411	Dendrocopos moluccensis cinereigula	D	35	2012-06-27 13:44:14	2012-06-27 13:44:14
412	Dendrocopos moluccensis moluccensis	D	35	2012-06-27 13:44:14	2012-06-27 13:44:14
413	Dendrocopos kizuki kotataki	D	27	2012-06-27 13:44:14	2012-06-27 13:44:14
414	Dendrocopos kizuki orii	D	23	2012-06-27 13:44:14	2012-06-27 13:44:14
415	Dendrocopos canicapillus aurantiiventris	D	40	2012-06-27 13:44:14	2012-06-27 13:44:14
416	Dendrocopos canicapillus delacouri	D	34	2012-06-27 13:44:14	2012-06-27 13:44:14
417	Dendrocopos canicapillus obscurus	D	33	2012-06-27 13:44:14	2012-06-27 13:44:14
418	Dendrocopos canicapillus swinhoei	D	33	2012-06-27 13:44:14	2012-06-27 13:44:14
419	Dendrocopos minor buturlini	D	27	2012-06-27 13:44:14	2012-06-27 13:44:14
420	Dendrocopos	D	11	2012-06-27 13:44:14	2012-06-27 13:44:14
421	Dendrocopos minor ledouci	D	25	2012-06-27 13:44:14	2012-06-27 13:44:14
422	Dendrocopos macei analis	D	24	2012-06-27 13:44:14	2012-06-27 13:44:14
423	Dendrocopos macei westermani	D	28	2012-06-27 13:44:14	2012-06-27 13:44:14
424	Dendrocopos auriceps incognitus	D	31	2012-06-27 13:44:14	2012-06-27 13:44:14
425	Amazona mercenaria mercenaria	A	29	2012-06-27 13:44:14	2012-06-27 13:44:14
426	Deroptyus accipitrinus accipitrinus	D	35	2012-06-27 13:44:14	2012-06-27 13:44:14
427	Cyclopsitta gulielmitertii gulielmitertii	C	41	2012-06-27 13:44:14	2012-06-27 13:44:14
428	Cyclopsitta gulielmitertii suavissima	C	37	2012-06-27 13:44:14	2012-06-27 13:44:14
429	Cyclopsitta diophthalma diophthalma	C	35	2012-06-27 13:44:14	2012-06-27 13:44:14
430	Cyclopsitta diophthalma virago	C	30	2012-06-27 13:44:14	2012-06-27 13:44:14
431	Psittaculirostris desmarestii godmani	P	37	2012-06-27 13:44:14	2012-06-27 13:44:14
432	Bolbopsittacus lunulatus intermedius	B	36	2012-06-27 13:44:14	2012-06-27 13:44:14
433	Psophia crepitans napensis	P	26	2012-06-27 13:44:14	2012-06-27 13:44:14
434	Psophia viridis obscura	P	23	2012-06-27 13:44:14	2012-06-27 13:44:14
435	Phainopepla nitens lepida	P	25	2012-06-27 13:44:14	2012-06-27 13:44:14
436	Ailuroedus buccoides stonii	A	27	2012-06-27 13:44:14	2012-06-27 13:44:14
437	Ailuroedus crassirostris facialis	A	33	2012-06-27 13:44:14	2012-06-27 13:44:14
438	Ailuroedus crassirostris maculosus	A	34	2012-06-27 13:44:14	2012-06-27 13:44:14
439	Archboldia papuensis papuensis	A	30	2012-06-27 13:44:14	2012-06-27 13:44:14
440	Amblyornis macgregoriae kombok	A	30	2012-06-27 13:44:14	2012-06-27 13:44:14
441	Amblyornis macgregoriae nubicola	A	32	2012-06-27 13:44:14	2012-06-27 13:44:14
442	Ptilonorhynchus violaceus violaceus	P	35	2012-06-27 13:44:14	2012-06-27 13:44:14
443	Chlamydera nuchalis orientalis	C	30	2012-06-27 13:44:14	2012-06-27 13:44:14
444	Cardinalis cardinalis magnirostris	C	34	2012-06-27 13:44:14	2012-06-27 13:44:14
445	Cardinalis cardinalis igneus	C	28	2012-06-27 13:44:14	2012-06-27 13:44:14
446	Passerina versicolor dickeyae	P	29	2012-06-27 13:44:14	2012-06-27 13:44:14
447	Passerina caerulea caerulea	P	27	2012-06-27 13:44:14	2012-06-27 13:44:14
448	Cardinalis sinuatus fulvescens	C	30	2012-06-27 13:44:14	2012-06-27 13:44:14
449	Pheucticus chrysopeplus dilutus	P	31	2012-06-27 13:44:14	2012-06-27 13:44:14
450	Pheucticus aureoventris crissalis	P	33	2012-06-27 13:44:14	2012-06-27 13:44:14
451	Cardinalis cardinalis affinis	C	29	2012-06-27 13:44:14	2012-06-27 13:44:14
452	Cardinalis cardinalis flammiger	C	31	2012-06-27 13:44:14	2012-06-27 13:44:14
453	Cardinalis cardinalis saturatus	C	31	2012-06-27 13:44:14	2012-06-27 13:44:14
454	Caryothraustes poliogaster poliogaster	C	38	2012-06-27 13:44:14	2012-06-27 13:44:14
455	Caryothraustes canadensis canadensis	C	36	2012-06-27 13:44:14	2012-06-27 13:44:14
456	Saltator atriceps atriceps	S	26	2012-06-27 13:44:14	2012-06-27 13:44:14
457	Saltator atriceps raptor	S	24	2012-06-27 13:44:14	2012-06-27 13:44:14
458	Saltator maximus iungens	S	24	2012-06-27 13:44:14	2012-06-27 13:44:14
459	Saltator atripennis caniceps	S	28	2012-06-27 13:44:14	2012-06-27 13:44:14
460	Saltator coerulescens brevicaudus	S	33	2012-06-27 13:44:14	2012-06-27 13:44:14
461	Saltator coerulescens hesperis	S	30	2012-06-27 13:44:14	2012-06-27 13:44:14
462	Saltator coerulescens plumbiceps	S	32	2012-06-27 13:44:14	2012-06-27 13:44:14
463	Saltator orenocensis orenocensis	S	32	2012-06-27 13:44:14	2012-06-27 13:44:14
464	Saltator aurantiirostris hellmayri	S	34	2012-06-27 13:44:14	2012-06-27 13:44:14
465	Saltator albicollis albicollis	S	30	2012-06-27 13:44:14	2012-06-27 13:44:14
466	Saltator striatipectus immaculatus	S	34	2012-06-27 13:44:14	2012-06-27 13:44:14
467	Saltator striatipectus peruvianus	S	33	2012-06-27 13:44:14	2012-06-27 13:44:14
468	Campylopterus curvipennis pampa	C	31	2012-06-27 13:44:14	2012-06-27 13:44:14
469	Campylopterus largipennis largipennis	C	37	2012-06-27 13:44:14	2012-06-27 13:44:14
470	Campylopterus duidae duidae	C	27	2012-06-27 13:44:14	2012-06-27 13:44:14
471	Eupetomena macroura hirundo	E	27	2012-06-27 13:44:14	2012-06-27 13:44:14
472	Florisuga mellivora mellivora	F	29	2012-06-27 13:44:14	2012-06-27 13:44:14
473	Colibri thalassinus kerdeli	C	27	2012-06-27 13:44:14	2012-06-27 13:44:14
474	Colibri coruscans rostratus	C	27	2012-06-27 13:44:14	2012-06-27 13:44:14
475	Anthracothorax prevostii prevostii	A	34	2012-06-27 13:44:14	2012-06-27 13:44:14
476	Topaza pella microrhyncha	T	25	2012-06-27 13:44:14	2012-06-27 13:44:14
477	Topaza pyra pyra	T	16	2012-06-27 13:44:14	2012-06-27 13:44:14
478	Orthorhyncus cristatus emigrans	O	31	2012-06-27 13:44:14	2012-06-27 13:44:14
479	Klais guimeti merrittii	K	23	2012-06-27 13:44:14	2012-06-27 13:44:14
480	Abeillia abeillei abeillei	A	26	2012-06-27 13:44:14	2012-06-27 13:44:14
481	Lophornis chalybeus chalybeus	L	29	2012-06-27 13:44:14	2012-06-27 13:44:14
482	Lophornis pavoninus pavoninus	L	29	2012-06-27 13:44:14	2012-06-27 13:44:14
483	Chlorostilbon notatus obsoletus	C	31	2012-06-27 13:44:14	2012-06-27 13:44:14
484	Chlorostilbon canivetii salvini	C	31	2012-06-27 13:44:14	2012-06-27 13:44:14
485	Chlorostilbon mellisugus mellisugus	C	35	2012-06-27 13:44:14	2012-06-27 13:44:14
486	Chlorostilbon mellisugus subfurcatus	C	36	2012-06-27 13:44:14	2012-06-27 13:44:14
487	Chlorostilbon stenurus ignotus	C	30	2012-06-27 13:44:14	2012-06-27 13:44:14
488	Panterpe insignis eisenmanni	P	28	2012-06-27 13:44:14	2012-06-27 13:44:14
489	Eupherusa eximia nelsoni	E	24	2012-06-27 13:44:14	2012-06-27 13:44:14
490	Cynanthus latirostris toroi	C	27	2012-06-27 13:44:14	2012-06-27 13:44:14
491	Thalurania colombica venusta	T	28	2012-06-27 13:44:14	2012-06-27 13:44:14
492	Thalurania fannyi verticeps	T	27	2012-06-27 13:44:14	2012-06-27 13:44:14
493	Thalurania furcata eriphile	T	27	2012-06-27 13:44:14	2012-06-27 13:44:14
494	Thalurania furcata jelskii	T	26	2012-06-27 13:44:14	2012-06-27 13:44:14
495	Empidonax flavescens salvini	E	28	2012-06-27 13:44:14	2012-06-27 13:44:14
496	Empidonax fulvifrons rubicundus	E	31	2012-06-27 13:44:14	2012-06-27 13:44:14
497	Pyrocephalus rubinus dubius	P	27	2012-06-27 13:44:14	2012-06-27 13:44:14
498	Pyrocephalus rubinus pinicola	P	29	2012-06-27 13:44:14	2012-06-27 13:44:14
499	Knipolegus signatus signatus	K	28	2012-06-27 13:44:14	2012-06-27 13:44:14
500	Knipolegus poecilurus salvini	K	29	2012-06-27 13:44:14	2012-06-27 13:44:14
501	Knipolegus orenocensis xinguensis	K	33	2012-06-27 13:44:14	2012-06-27 13:44:14
502	Knipolegus aterrimus heterogyna	K	31	2012-06-27 13:44:14	2012-06-27 13:44:14
503	Hymenops perspicillatus perspicillatus	H	38	2012-06-27 13:44:14	2012-06-27 13:44:14
504	Muscisaxicola cinereus argentina	M	32	2012-06-27 13:44:14	2012-06-27 13:44:14
505	Muscisaxicola rufivertex occipitalis	M	36	2012-06-27 13:44:14	2012-06-27 13:44:14
506	Muscisaxicola maclovianus mentalis	M	34	2012-06-27 13:44:14	2012-06-27 13:44:14
507	Agriornis montanus insolens	A	27	2012-06-27 13:44:14	2012-06-27 13:44:14
508	Agriornis montanus montanus	A	27	2012-06-27 13:44:14	2012-06-27 13:44:14
509	Agriornis lividus fortis	A	24	2012-06-27 13:44:14	2012-06-27 13:44:14
510	Xolmis pyrope fortis	X	20	2012-06-27 13:44:14	2012-06-27 13:44:14
511	Xolmis irupero irupero	X	22	2012-06-27 13:44:14	2012-06-27 13:44:14
512	Myiotheretes striaticollis pallidus	M	35	2012-06-27 13:44:14	2012-06-27 13:44:14
513	Myiotheretes fumigatus lugubris	M	31	2012-06-27 13:44:14	2012-06-27 13:44:14
514	Polioxolmis rufipennis bolivianus	P	33	2012-06-27 13:44:14	2012-06-27 13:44:14
515	Fluvicola nengeta atripennis	F	28	2012-06-27 13:44:14	2012-06-27 13:44:14
516	Ochthoeca frontalis spodionota	O	30	2012-06-27 13:44:14	2012-06-27 13:44:14
517	Ochthoeca diadema diadema	O	25	2012-06-27 13:44:14	2012-06-27 13:44:14
518	Ochthoeca diadema rubellula	O	27	2012-06-27 13:44:14	2012-06-27 13:44:14
519	Ochthoeca cinnamomeiventris nigrita	O	35	2012-06-27 13:44:14	2012-06-27 13:44:14
520	Ochthoeca rufipectoralis poliogastra	O	36	2012-06-27 13:44:14	2012-06-27 13:44:14
521	Ochthoeca rufipectoralis tectricialis	O	37	2012-06-27 13:44:14	2012-06-27 13:44:14
522	Ochthoeca fumicolor fumicolor	O	29	2012-06-27 13:44:14	2012-06-27 13:44:14
523	Geotrygon violacea albiventer	G	29	2012-06-27 13:44:14	2012-06-27 13:44:14
524	Goura scheepmakeri scheepmakeri	G	31	2012-06-27 13:44:14	2012-06-27 13:44:14
525	Gymnophaps albertisii exsul	G	27	2012-06-27 13:44:14	2012-06-27 13:44:14
526	Hemiphaga novaeseelandiae spadicea	H	34	2012-06-27 13:44:14	2012-06-27 13:44:14
527	Leptotila battyi malae	L	22	2012-06-27 13:44:14	2012-06-27 13:44:14
528	Leptotila jamaicensis collaris	L	30	2012-06-27 13:44:14	2012-06-27 13:44:14
529	Leptotila plumbeiceps plumbeiceps	L	33	2012-06-27 13:44:14	2012-06-27 13:44:14
530	Leptotila rufaxilla reichenbachii	L	33	2012-06-27 13:44:14	2012-06-27 13:44:14
531	Leptotila verreauxi approximans	L	31	2012-06-27 13:44:14	2012-06-27 13:44:14
532	Leptotila verreauxi decolor	L	27	2012-06-27 13:44:14	2012-06-27 13:44:14
533	Leptotila verreauxi capitalis	L	29	2012-06-27 13:44:14	2012-06-27 13:44:14
534	Macropygia amboinensis phasianella	M	34	2012-06-27 13:44:14	2012-06-27 13:44:14
535	Macropygia amboinensis albiceps	M	31	2012-06-27 13:44:14	2012-06-27 13:44:14
536	Macropygia amboinensis hueskeri	M	31	2012-06-27 13:44:14	2012-06-27 13:44:14
537	Macropygia amboinensis keyensis	M	31	2012-06-27 13:44:14	2012-06-27 13:44:14
538	Macropygia amboinensis quinkan	M	30	2012-06-27 13:44:14	2012-06-27 13:44:14
539	Macropygia emiliana elassa	M	26	2012-06-27 13:44:14	2012-06-27 13:44:14
540	Macropygia emiliana megala	M	26	2012-06-27 13:44:14	2012-06-27 13:44:14
541	Macropygia mackinlayi arossi	M	28	2012-06-27 13:44:14	2012-06-27 13:44:14
542	Macropygia magna macassariensis	M	31	2012-06-27 13:44:14	2012-06-27 13:44:14
543	Macropygia ruficeps orientalis	M	30	2012-06-27 13:44:14	2012-06-27 13:44:14
544	Macropygia ruficeps nana	M	24	2012-06-27 13:44:14	2012-06-27 13:44:14
545	Macropygia unchall unchall	M	26	2012-06-27 13:44:14	2012-06-27 13:44:14
546	Metriopelia ceciliae zimmeri	M	28	2012-06-27 13:44:14	2012-06-27 13:44:14
547	Ocyphaps lophotes whitlocki	O	27	2012-06-27 13:44:14	2012-06-27 13:44:14
548	Otidiphaps nobilis nobilis	O	26	2012-06-27 13:44:14	2012-06-27 13:44:14
549	Patagioenas cayennensis pallidicrissa	P	37	2012-06-27 13:44:14	2012-06-27 13:44:14
550	Patagioenas cayennensis sylvestris	P	34	2012-06-27 13:44:14	2012-06-27 13:44:14
551	Arremonops rufivirgatus rufivirgatus	A	36	2012-06-27 13:44:14	2012-06-27 13:44:14
552	Pipilo erythrophthalmus canaster	P	32	2012-06-27 13:44:14	2012-06-27 13:44:14
553	Pipilo fuscus fuscus	P	20	2012-06-27 13:44:14	2012-06-27 13:44:14
554	Passerculus sandwichensis sandwichensis	P	39	2012-06-27 13:44:14	2012-06-27 13:44:14
555	Passerculus sandwichensis rostratus	P	35	2012-06-27 13:44:14	2012-06-27 13:44:14
556	Ammodramus savannarum ammolegus	A	31	2012-06-27 13:44:14	2012-06-27 13:44:14
557	Pooecetes gramineus gramineus	P	29	2012-06-27 13:44:14	2012-06-27 13:44:14
558	Chondestes grammacus strigatus	C	30	2012-06-27 13:44:14	2012-06-27 13:44:14
559	Aimophila ruficeps ruficeps	A	27	2012-06-27 13:44:14	2012-06-27 13:44:14
560	Aimophila ruficeps sororia	A	26	2012-06-27 13:44:14	2012-06-27 13:44:14
561	Aimophila botterii botterii	A	27	2012-06-27 13:44:14	2012-06-27 13:44:14
562	Amphispiza bilineata deserticola	A	32	2012-06-27 13:44:14	2012-06-27 13:44:14
563	Amphispiza belli canescens	A	26	2012-06-27 13:44:14	2012-06-27 13:44:14
564	Junco hyemalis aikeni	J	21	2012-06-27 13:44:14	2012-06-27 13:44:14
565	Junco hyemalis montanus	J	23	2012-06-27 13:44:14	2012-06-27 13:44:14
566	Junco hyemalis thurberi	J	23	2012-06-27 13:44:14	2012-06-27 13:44:14
567	Junco hyemalis insularis	J	24	2012-06-27 13:44:14	2012-06-27 13:44:14
568	Spizella arborea arborea	S	24	2012-06-27 13:44:14	2012-06-27 13:44:14
569	Lepidocolaptes albolineatus layardi	L	35	2012-06-27 13:44:14	2012-06-27 13:44:14
570	Campylorhamphus trochilirostris guttistriatus	C	45	2012-06-27 13:44:14	2012-06-27 13:44:14
571	Campylorhamphus trochilirostris napensis	C	40	2012-06-27 13:44:14	2012-06-27 13:44:14
572	Campylorhamphus trochilirostris thoracicus	C	42	2012-06-27 13:44:14	2012-06-27 13:44:14
573	Campylorhamphus pusillus borealis	C	33	2012-06-27 13:44:14	2012-06-27 13:44:14
574	Campylorhamphus pusillus tachirensis	C	36	2012-06-27 13:44:14	2012-06-27 13:44:14
575	Campylorhamphus procurvoides sanus	C	34	2012-06-27 13:44:14	2012-06-27 13:44:14
576	Brachygalba lugubris naumburgi	B	30	2012-06-27 13:44:14	2012-06-27 13:44:14
577	Brachygalba lugubris obscuriceps	B	32	2012-06-27 13:44:14	2012-06-27 13:44:14
578	Galbula dea amazonum	G	20	2012-06-27 13:44:14	2012-06-27 13:44:14
579	Galbula leucogastra leucogastra	G	31	2012-06-27 13:44:14	2012-06-27 13:44:14
580	Galbula ruficauda ruficauda	G	27	2012-06-27 13:44:14	2012-06-27 13:44:14
581	Galbula tombacea mentalis	G	25	2012-06-27 13:44:14	2012-06-27 13:44:14
582	Jacamerops aureus ridgwayi	J	26	2012-06-27 13:44:14	2012-06-27 13:44:14
583	Ulothrix variabilis	U	19	2012-06-27 13:44:14	2012-06-27 13:44:14
584	Microthamnion strictissimum	M	27	2012-06-27 13:44:14	2012-06-27 13:44:14
585	Micropalama himantopus	M	22	2012-06-27 13:44:14	2012-06-27 13:44:14
586	Delichon urbica	D	15	2012-06-27 13:44:14	2012-06-27 13:44:14
587	Halcyon sancta	H	14	2012-06-27 13:44:14	2012-06-27 13:44:14
588	Ramphastos culminatus	R	21	2012-06-27 13:44:14	2012-06-27 13:44:14
589	Bucco noanamae	B	14	2012-06-27 13:44:14	2012-06-27 13:44:14
590	Tockus albocristatus	T	20	2012-06-27 13:44:14	2012-06-27 13:44:14
591	Aceros undulatus	A	16	2012-06-27 13:44:14	2012-06-27 13:44:14
592	Saxicola torquata	S	17	2012-06-27 13:44:14	2012-06-27 13:44:14
593	Ceratogymna fistulator	C	22	2012-06-27 13:44:14	2012-06-27 13:44:14
594	Ceratogymna albotibialis	C	24	2012-06-27 13:44:14	2012-06-27 13:44:14
595	Coracias spatulata	C	18	2012-06-27 13:44:14	2012-06-27 13:44:14
596	Alcedo thomensis	A	16	2012-06-27 13:44:14	2012-06-27 13:44:14
597	Ispidina madagascariensis	I	25	2012-06-27 13:44:14	2012-06-27 13:44:14
598	Todirhamphus nigrocyaneus	T	25	2012-06-27 13:44:14	2012-06-27 13:44:14
599	Todirhamphus macleayii	T	22	2012-06-27 13:44:14	2012-06-27 13:44:14
600	Todirhamphus pyrrhopygia	T	24	2012-06-27 13:44:14	2012-06-27 13:44:14
601	Todirhamphus chloris	T	20	2012-06-27 13:44:14	2012-06-27 13:44:14
602	Todirhamphus sanctus	T	20	2012-06-27 13:44:14	2012-06-27 13:44:14
603	Todirhamphus godeffroyi	T	23	2012-06-27 13:44:14	2012-06-27 13:44:14
604	Oxylophus levaillantii	O	22	2012-06-27 13:44:14	2012-06-27 13:44:14
605	Chrysococcyx rufomerus	C	22	2012-06-27 13:44:14	2012-06-27 13:44:14
606	Eudynamys taitensis	E	19	2012-06-27 13:44:14	2012-06-27 13:44:14
607	Phaenicophaeus viridirostris	P	28	2012-06-27 13:44:14	2012-06-27 13:44:14
608	Phaenicophaeus cumingi	P	22	2012-06-27 13:44:14	2012-06-27 13:44:14
609	Lorius albidinuchus	L	19	2012-06-27 13:44:14	2012-06-27 13:44:14
610	Prioniturus waterstradti	P	24	2012-06-27 13:44:14	2012-06-27 13:44:14
611	Platycercus barnardi	P	20	2012-06-27 13:44:14	2012-06-27 13:44:14
612	Aratinga leucophthalmus	A	23	2012-06-27 13:44:14	2012-06-27 13:44:14
613	Aerodramus vulcanorum	A	21	2012-06-27 13:44:14	2012-06-27 13:44:14
614	Tachymarptis melba melba	T	24	2012-06-27 13:44:14	2012-06-27 13:44:14
615	Campylopterus cuvierii berlepschi	C	33	2012-06-27 13:44:14	2012-06-27 13:44:14
616	Campylopterus cuvierii roberti	C	30	2012-06-27 13:44:14	2012-06-27 13:44:14
617	Trichoglossus rubrigularis	T	26	2012-06-27 13:44:14	2012-06-27 13:44:14
618	Branta minima	B	13	2012-06-27 13:44:14	2012-06-27 13:44:14
619	Anas carolinensis	A	17	2012-06-27 13:44:14	2012-06-27 13:44:14
620	Melanitta americana	M	19	2012-06-27 13:44:14	2012-06-27 13:44:14
621	Aratinga brevipes	A	17	2012-06-27 13:44:14	2012-06-27 13:44:14
622	Trichoglossus moluccanus	T	24	2012-06-27 13:44:14	2012-06-27 13:44:14
623	Somateria faeroeensis	S	21	2012-06-27 13:44:14	2012-06-27 13:44:14
624	Fuligula fischeri	F	17	2012-06-27 13:44:14	2012-06-27 13:44:14
625	Forpus sclateri sclateri	F	24	2012-06-27 13:44:14	2012-06-27 13:44:14
626	Melospiza melodia inexspectata	M	30	2012-06-27 13:44:14	2012-06-27 13:44:14
627	Basileuterus culicivorus auricapillus	B	37	2012-06-27 13:44:14	2012-06-27 13:44:14
628	Crypturellus	C	12	2012-06-27 13:44:14	2012-06-27 13:44:14
629	Accipiter	A	9	2012-06-27 13:44:14	2012-06-27 13:44:14
630	Gyps	G	4	2012-06-27 13:44:14	2012-06-27 13:44:14
631	Calidris	C	8	2012-06-27 13:44:14	2012-06-27 13:44:14
632	Larus	L	5	2012-06-27 13:44:14	2012-06-27 13:44:14
633	Anas	A	4	2012-06-27 13:44:14	2012-06-27 13:44:14
634	Gavia adamsii	G	13	2012-06-27 13:44:14	2012-06-27 13:44:14
635	Cnemotriccus	C	12	2012-06-27 13:44:14	2012-06-27 13:44:14
636	Nycticorax	N	10	2012-06-27 13:44:14	2012-06-27 13:44:14
637	Egretta sacra	E	13	2012-06-27 13:44:14	2012-06-27 13:44:14
638	Casmerodius	C	11	2012-06-27 13:44:14	2012-06-27 13:44:14
639	Zonotrichia leucophrys	Z	22	2012-06-27 13:44:14	2012-06-27 13:44:14
640	Crex	C	4	2012-06-27 13:44:14	2012-06-27 13:44:14
641	Porphyrio	P	9	2012-06-27 13:44:14	2012-06-27 13:44:14
642	Porzana	P	7	2012-06-27 13:44:14	2012-06-27 13:44:14
643	Bubulcus	B	8	2012-06-27 13:44:14	2012-06-27 13:44:14
644	Ixobrychus	I	10	2012-06-27 13:44:14	2012-06-27 13:44:14
645	Clangula	C	8	2012-06-27 13:44:14	2012-06-27 13:44:14
646	Mergellus	M	9	2012-06-27 13:44:14	2012-06-27 13:44:14
647	Somateria	S	9	2012-06-27 13:44:14	2012-06-27 13:44:14
648	Limicola	L	8	2012-06-27 13:44:14	2012-06-27 13:44:14
649	Phoenicopterus roseus	P	21	2012-06-27 13:44:14	2012-06-27 13:44:14
650	Aulacorhynchus	A	14	2012-06-27 13:44:14	2012-06-27 13:44:14
651	Jynx	J	4	2012-06-27 13:44:14	2012-06-27 13:44:14
652	Plegadis	P	8	2012-06-27 13:44:14	2012-06-27 13:44:14
653	Melanocorypha	M	13	2012-06-27 13:44:14	2012-06-27 13:44:14
654	Carduelis	C	9	2012-06-27 13:44:14	2012-06-27 13:44:14
655	Junco	J	5	2012-06-27 13:44:14	2012-06-27 13:44:14
656	Teretistris	T	11	2012-06-27 13:44:14	2012-06-27 13:44:14
657	Peucedramus	P	11	2012-06-27 13:44:14	2012-06-27 13:44:14
658	Oedistoma	O	9	2012-06-27 13:44:14	2012-06-27 13:44:14
659	Dinemellia	D	10	2012-06-27 13:44:14	2012-06-27 13:44:14
660	Emberiza	E	8	2012-06-27 13:44:14	2012-06-27 13:44:14
661	Bombycilla	B	10	2012-06-27 13:44:14	2012-06-27 13:44:14
662	Turdus	T	6	2012-06-27 13:44:14	2012-06-27 13:44:14
663	Turdus eunomus	T	14	2012-06-27 13:44:14	2012-06-27 13:44:14
664	Burhinus	B	8	2012-06-27 13:44:14	2012-06-27 13:44:14
665	Tarsiger	T	8	2012-06-27 13:44:14	2012-06-27 13:44:14
666	Aegithalos	A	10	2012-06-27 13:44:14	2012-06-27 13:44:14
667	Salpinctes	S	10	2012-06-27 13:44:14	2012-06-27 13:44:14
668	Troglodytes	T	11	2012-06-27 13:44:14	2012-06-27 13:44:14
669	Heleia	H	6	2012-06-27 13:44:14	2012-06-27 13:44:14
670	Tephrozosterops	T	15	2012-06-27 13:44:14	2012-06-27 13:44:14
671	Alophoixus	A	10	2012-06-27 13:44:14	2012-06-27 13:44:14
672	Bleda	B	5	2012-06-27 13:44:14	2012-06-27 13:44:14
673	Criniger	C	8	2012-06-27 13:44:14	2012-06-27 13:44:14
674	Neolestes	N	9	2012-06-27 13:44:14	2012-06-27 13:44:14
675	Setornis	S	8	2012-06-27 13:44:14	2012-06-27 13:44:14
676	Hypocolius	H	10	2012-06-27 13:44:14	2012-06-27 13:44:14
677	Calamonastes	C	12	2012-06-27 13:44:14	2012-06-27 13:44:14
678	Euryptila	E	9	2012-06-27 13:44:14	2012-06-27 13:44:14
679	Oreophilais	O	11	2012-06-27 13:44:14	2012-06-27 13:44:14
680	Scotocerca	S	10	2012-06-27 13:44:14	2012-06-27 13:44:14
681	Bebrornis	B	9	2012-06-27 13:44:14	2012-06-27 13:44:14
682	Dromaeocercus	D	13	2012-06-27 13:44:14	2012-06-27 13:44:14
683	Sylvia	S	6	2012-06-27 13:44:14	2012-06-27 13:44:14
684	Sylvia nana	S	11	2012-06-27 13:44:14	2012-06-27 13:44:14
685	Pluvialis	P	9	2012-06-27 13:44:14	2012-06-27 13:44:14
686	Tringa melanoleuca	T	18	2012-06-27 13:44:14	2012-06-27 13:44:14
687	Myrmochanes	M	11	2012-06-27 13:44:14	2012-06-27 13:44:14
688	Percnostola	P	11	2012-06-27 13:44:14	2012-06-27 13:44:14
689	Pithys	P	6	2012-06-27 13:44:14	2012-06-27 13:44:14
690	Rhegmatorhina	R	13	2012-06-27 13:44:14	2012-06-27 13:44:14
691	Sclateria	S	9	2012-06-27 13:44:14	2012-06-27 13:44:14
692	Thamnomanes	T	11	2012-06-27 13:44:14	2012-06-27 13:44:14
693	Pinguinus	P	9	2012-06-27 13:44:14	2012-06-27 13:44:14
694	Coturnix	C	8	2012-06-27 13:44:14	2012-06-27 13:44:14
695	Puffinus	P	8	2012-06-27 13:44:14	2012-06-27 13:44:14
696	Oceanodroma	O	11	2012-06-27 13:44:14	2012-06-27 13:44:14
697	Phasianus	P	9	2012-06-27 13:44:14	2012-06-27 13:44:14
698	Asio	A	4	2012-06-27 13:44:14	2012-06-27 13:44:14
699	Cuculus	C	7	2012-06-27 13:44:14	2012-06-27 13:44:14
700	Rhodopis	R	8	2012-06-27 13:44:14	2012-06-27 13:44:14
701	Eudyptes moseleyi	E	17	2012-06-27 13:44:14	2012-06-27 13:44:14
702	Strigopinae	S	11	2012-06-27 13:44:14	2012-06-27 13:44:14
703	Characium ambiguum	C	18	2012-06-27 13:44:14	2012-06-27 13:44:14
704	Oedogonium pringsheimii	O	23	2012-06-27 13:44:14	2012-06-27 13:44:14
705	Oedogonium eriense	O	18	2012-06-27 13:44:14	2012-06-27 13:44:14
706	Bulbochaete furberae	B	20	2012-06-27 13:44:14	2012-06-27 13:44:14
707	Microspora quadrata	M	19	2012-06-27 13:44:14	2012-06-27 13:44:14
708	Threskiornis	T	12	2012-06-27 13:44:14	2012-06-27 13:44:14
709	Falconiformes	F	13	2012-06-27 13:44:14	2012-06-27 13:44:14
710	Haematopus ostralegus occidentalis	H	34	2012-06-27 13:44:14	2012-06-27 13:44:14
711	Charadrius melodus circumcinctus	C	32	2012-06-27 13:44:14	2012-06-27 13:44:14
712	Charadrius wilsonia wilsonia	C	28	2012-06-27 13:44:14	2012-06-27 13:44:14
713	Charadrius cucullatus	C	21	2012-06-27 13:44:14	2012-06-27 13:44:14
714	Charadrius placidus	C	19	2012-06-27 13:44:14	2012-06-27 13:44:14
715	Pluvianellus socialis	P	21	2012-06-27 13:44:14	2012-06-27 13:44:14
716	Pluvialis apricaria altifrons	P	29	2012-06-27 13:44:14	2012-06-27 13:44:14
717	Capella gallinago faeroeensis	C	29	2012-06-27 13:44:14	2012-06-27 13:44:14
718	Numenius phaeopus islandicus	N	28	2012-06-27 13:44:14	2012-06-27 13:44:14
719	Actitis	A	7	2012-06-27 13:44:14	2012-06-27 13:44:14
720	Tringa hypoleucos	T	17	2012-06-27 13:44:14	2012-06-27 13:44:14
721	Tringa incana	T	13	2012-06-27 13:44:14	2012-06-27 13:44:14
722	Catoptrophorus semipalmatus inornatus	C	37	2012-06-27 13:44:14	2012-06-27 13:44:14
723	Calidris ptilocnemis couesi	C	27	2012-06-27 13:44:14	2012-06-27 13:44:14
724	Calidris cooperi	C	16	2012-06-27 13:44:14	2012-06-27 13:44:14
725	Gallinago hardwickii	G	20	2012-06-27 13:44:14	2012-06-27 13:44:14
726	Coenocorypha	C	12	2012-06-27 13:44:14	2012-06-27 13:44:14
727	Himantopus mexicanus	H	20	2012-06-27 13:44:14	2012-06-27 13:44:14
728	Lobipes	L	7	2012-06-27 13:44:14	2012-06-27 13:44:14
729	Cursorius africanus	C	19	2012-06-27 13:44:14	2012-06-27 13:44:14
730	Peltohyas	P	9	2012-06-27 13:44:14	2012-06-27 13:44:14
731	Glareola nuchalis	G	17	2012-06-27 13:44:14	2012-06-27 13:44:14
732	Thinocorus orbignyianus	T	23	2012-06-27 13:44:14	2012-06-27 13:44:14
733	Catharacta maccormicki	C	22	2012-06-27 13:44:14	2012-06-27 13:44:14
734	Larus glaucescens	L	17	2012-06-27 13:44:14	2012-06-27 13:44:14
735	Larus fuscus graellsii	L	22	2012-06-27 13:44:14	2012-06-27 13:44:14
736	Larus sabini	L	12	2012-06-27 13:44:14	2012-06-27 13:44:14
737	Clamator	C	8	2012-06-27 13:44:14	2012-06-27 13:44:14
738	Apus	A	4	2012-06-27 13:44:14	2012-06-27 13:44:14
739	Vireo	V	5	2012-06-27 13:44:14	2012-06-27 13:44:14
740	Irania	I	6	2012-06-27 13:44:14	2012-06-27 13:44:14
741	Mesitornithes	M	13	2012-06-27 13:44:14	2012-06-27 13:44:14
742	Coquus newtoni	C	14	2012-06-27 13:44:14	2012-06-27 13:44:14
743	Aviceda subcristata waigeuensis	A	31	2012-06-27 13:44:14	2012-06-27 13:44:14
744	Bostrychia olivacea akeleyorum	B	30	2012-06-27 13:44:14	2012-06-27 13:44:14
745	Botaurus pinnatus caribaeus	B	27	2012-06-27 13:44:14	2012-06-27 13:44:14
746	Burhinus bistriatus bistriatus	B	30	2012-06-27 13:44:14	2012-06-27 13:44:14
747	Burhinus capensis capensis	B	26	2012-06-27 13:44:14	2012-06-27 13:44:14
748	Burhinus oedicnemus distinctus	B	30	2012-06-27 13:44:14	2012-06-27 13:44:14
749	Burhinus oedicnemus saharae	B	27	2012-06-27 13:44:14	2012-06-27 13:44:14
750	Busarellus nigricollis nigricollis	B	34	2012-06-27 13:44:14	2012-06-27 13:44:14
751	Buteo buteo bannermani	B	22	2012-06-27 13:44:14	2012-06-27 13:44:14
752	Buteo buteo menetriesi	B	22	2012-06-27 13:44:14	2012-06-27 13:44:14
753	Buteo jamaicensis fumosus	B	25	2012-06-27 13:44:14	2012-06-27 13:44:14
754	Buteo jamaicensis solitudinis	B	29	2012-06-27 13:44:14	2012-06-27 13:44:14
755	Buteo japonicus toyoshimai	B	26	2012-06-27 13:44:14	2012-06-27 13:44:14
756	Buteo nitidus plagiatus	B	23	2012-06-27 13:44:14	2012-06-27 13:44:14
757	Buteo platypterus insulicola	B	28	2012-06-27 13:44:14	2012-06-27 13:44:14
758	Buteo rufinus cirtensis	B	23	2012-06-27 13:44:14	2012-06-27 13:44:14
759	Buteogallus anthracinus subtilis	B	32	2012-06-27 13:44:14	2012-06-27 13:44:14
760	Butorides striata actophila	B	27	2012-06-27 13:44:14	2012-06-27 13:44:14
761	Butorides striata brevipes	B	26	2012-06-27 13:44:14	2012-06-27 13:44:14
762	Butorides striata idenburgi	B	27	2012-06-27 13:44:14	2012-06-27 13:44:14
763	Butorides striata papuensis	B	27	2012-06-27 13:44:14	2012-06-27 13:44:14
764	Butorides striata solomonensis	B	30	2012-06-27 13:44:14	2012-06-27 13:44:14
765	Butorides virescens maculata	B	28	2012-06-27 13:44:14	2012-06-27 13:44:14
766	Calidris alpina arcticola	C	25	2012-06-27 13:44:14	2012-06-27 13:44:14
767	Calidris alpina sakhalina	C	25	2012-06-27 13:44:14	2012-06-27 13:44:14
768	Calidris canutus roselaari	C	26	2012-06-27 13:44:14	2012-06-27 13:44:14
769	Cathartes aura jota	C	19	2012-06-27 13:44:14	2012-06-27 13:44:14
770	Puffinus puffinus	P	17	2012-06-27 13:44:14	2012-06-27 13:44:14
771	Actites macularia	A	17	2012-06-27 13:44:14	2012-06-27 13:44:14
772	Parus montanus	P	14	2012-06-27 13:44:14	2012-06-27 13:44:14
773	Chettusia	C	9	2012-06-27 13:44:14	2012-06-27 13:44:14
774	Oenanthe melanoleuca	O	20	2012-06-27 13:44:14	2012-06-27 13:44:14
775	Turdus atrogularis	T	18	2012-06-27 13:44:14	2012-06-27 13:44:14
776	Bubo scandiaca	B	14	2012-06-27 13:44:14	2012-06-27 13:44:14
777	Enteromorpha linziformis	E	24	2012-06-27 13:44:14	2012-06-27 13:44:14
778	Saxicola maura	S	14	2012-06-27 13:44:14	2012-06-27 13:44:14
779	Cygnus bewickii	C	15	2012-06-27 13:44:14	2012-06-27 13:44:14
780	Motacilla feldegg	M	17	2012-06-27 13:44:14	2012-06-27 13:44:14
781	Regulus ignicapilla	R	19	2012-06-27 13:44:14	2012-06-27 13:44:14
782	Chloris	C	7	2012-06-27 13:44:14	2012-06-27 13:44:14
783	Parus palustris	P	15	2012-06-27 13:44:14	2012-06-27 13:44:14
784	Grus virgo	G	10	2012-06-27 13:44:14	2012-06-27 13:44:14
785	Saxicola rubicola	S	17	2012-06-27 13:44:14	2012-06-27 13:44:14
786	Motacilla thunbergi	M	19	2012-06-27 13:44:14	2012-06-27 13:44:14
787	Palmodictyon varium	P	19	2012-06-27 13:44:14	2012-06-27 13:44:14
788	Enteromorpha ahlneriana	E	23	2012-06-27 13:44:14	2012-06-27 13:44:14
789	Bucephala	B	9	2012-06-27 13:44:14	2012-06-27 13:44:14
790	Ulva lactuca	U	12	2012-06-27 13:44:14	2012-06-27 13:44:14
791	Turdus ruficollis atrogularis	T	29	2012-06-27 13:44:14	2012-06-27 13:44:14
792	Acrocephalus	A	12	2012-06-27 13:44:14	2012-06-27 13:44:14
793	Pseudendoclonium marinum	P	24	2012-06-27 13:44:14	2012-06-27 13:44:14
794	Cladophora refracta	C	19	2012-06-27 13:44:14	2012-06-27 13:44:14
795	Enteromorpha flexuosa	E	21	2012-06-27 13:44:14	2012-06-27 13:44:14
796	Cladophora vagabunda	C	20	2012-06-27 13:44:14	2012-06-27 13:44:14
797	Oedogonium pungens	O	18	2012-06-27 13:44:14	2012-06-27 13:44:14
798	Enteromorpha simplex	E	20	2012-06-27 13:44:14	2012-06-27 13:44:14
799	Spirogyra sahnii	S	16	2012-06-27 13:44:14	2012-06-27 13:44:14
800	Endoderma viride	E	16	2012-06-27 13:44:14	2012-06-27 13:44:14
801	Circus cyaneus	C	14	2012-06-27 13:44:14	2012-06-27 13:44:14
802	Emberiza cirlus	E	15	2012-06-27 13:44:14	2012-06-27 13:44:14
803	Phylloscopus collybita	P	22	2012-06-27 13:44:14	2012-06-27 13:44:14
804	Coleochaete soluta	C	18	2012-06-27 13:44:14	2012-06-27 13:44:14
805	Klebsormidium dissectum	K	23	2012-06-27 13:44:14	2012-06-27 13:44:14
806	Bulbochaete angulosa	B	20	2012-06-27 13:44:14	2012-06-27 13:44:14
807	Spirogyra esthonica	S	19	2012-06-27 13:44:14	2012-06-27 13:44:14
808	Spirogyra rhizopus	S	18	2012-06-27 13:44:14	2012-06-27 13:44:14
809	Motacilla flavissima	M	20	2012-06-27 13:44:14	2012-06-27 13:44:14
810	Apatococcus lobatus	A	19	2012-06-27 13:44:14	2012-06-27 13:44:14
811	Gongrosira pseudoprostrata	G	26	2012-06-27 13:44:14	2012-06-27 13:44:14
812	Syncoryne reinkei	S	17	2012-06-27 13:44:14	2012-06-27 13:44:14
813	Characium rostratum	C	19	2012-06-27 13:44:14	2012-06-27 13:44:14
814	Cladophora glomerata	C	20	2012-06-27 13:44:14	2012-06-27 13:44:14
815	Chaetomorpha melagonium	C	23	2012-06-27 13:44:14	2012-06-27 13:44:14
816	Dicranochaete quadriseta	D	24	2012-06-27 13:44:14	2012-06-27 13:44:14
817	Bulbochaete monile	B	18	2012-06-27 13:44:14	2012-06-27 13:44:14
818	Oedogonium excisum	O	18	2012-06-27 13:44:14	2012-06-27 13:44:14
819	Oedogonium mirandrium	O	21	2012-06-27 13:44:14	2012-06-27 13:44:14
820	Oedogonium westii	O	17	2012-06-27 13:44:14	2012-06-27 13:44:14
821	Ulothrix speciosa	U	17	2012-06-27 13:44:14	2012-06-27 13:44:14
822	Gloeotila spiroides	G	19	2012-06-27 13:44:14	2012-06-27 13:44:14
823	Ulva tenera	U	11	2012-06-27 13:44:14	2012-06-27 13:44:14
824	Spirogyra fritschiana	S	21	2012-06-27 13:44:14	2012-06-27 13:44:14
825	Spirogyra indica	S	16	2012-06-27 13:44:14	2012-06-27 13:44:14
826	Spirogyra lenticularis	S	22	2012-06-27 13:44:14	2012-06-27 13:44:14
827	Spirogyra lacustris	S	19	2012-06-27 13:44:14	2012-06-27 13:44:14
828	Zygnema pawhuskae	Z	17	2012-06-27 13:44:14	2012-06-27 13:44:14
829	Buteo	B	5	2012-06-27 13:44:14	2012-06-27 13:44:14
830	Tadorna	T	7	2012-06-27 13:44:14	2012-06-27 13:44:14
831	Phalacrocoraciidae	P	18	2012-06-27 13:44:14	2012-06-27 13:44:14
832	Picimorphes	P	11	2012-06-27 13:44:14	2012-06-27 13:44:14
833	Chaetophora crystallophora	C	26	2012-06-27 13:44:14	2012-06-27 13:44:14
834	Trentepohlia aurea	T	18	2012-06-27 13:44:14	2012-06-27 13:44:14
835	Ulothrix verrucosa	U	18	2012-06-27 13:44:14	2012-06-27 13:44:14
836	Pluvialis dominica	P	18	2012-06-27 13:44:14	2012-06-27 13:44:14
837	Anser cygnoides	A	15	2012-06-27 13:44:14	2012-06-27 13:44:14
838	Glareola nordmanni	G	18	2012-06-27 13:44:14	2012-06-27 13:44:14
839	Oedogonium idioandrosporum	O	26	2012-06-27 13:44:14	2012-06-27 13:44:14
840	Lanius pallidirostris	L	21	2012-06-27 13:44:14	2012-06-27 13:44:14
841	Mougeotia laevis	M	16	2012-06-27 13:44:14	2012-06-27 13:44:14
842	Spirogyra subcrassa	S	19	2012-06-27 13:44:14	2012-06-27 13:44:14
843	Circus	C	6	2012-06-27 13:44:14	2012-06-27 13:44:14
844	Colibri delphinae	C	17	2012-06-27 13:44:14	2012-06-27 13:44:14
