332392	Vireonidae	VIREONIDAE	1	1	106691542037074451148573577044147551708	2012-02-28 12:55:07	2012-02-28 12:55:07
332396	Upupidae	UPUPIDAE	2	1	157865070851458207096913299082959102239	2012-02-28 12:55:07	2012-02-28 12:55:07
337852	Anhingidae	ANHINGIDAE	3	1	74748094576238188241636213389331334060	2012-02-28 12:55:07	2012-02-28 12:55:07
344611	Treron	TRERON	4	1	245074021794891442011606365882846670600	2012-02-28 12:55:07	2012-02-28 12:55:07
347361	Surniculus	SURNICULUS	5	1	272275639600650325661387782772477356934	2012-02-28 12:55:07	2012-02-28 12:55:07
351486	Lysurus	LYSURUS	6	1	175497592667956931794703257456284603311	2012-02-28 12:55:07	2012-02-28 12:55:07
366423	Xiphorhynchus	XIPHORHYNCHUS	7	1	205790436848560385438587046820700897323	2012-02-28 12:55:07	2012-02-28 12:55:07
366435	Premnornis	PREMNORNIS	8	1	35600668531767026827760480236304337220	2012-02-28 12:55:07	2012-02-28 12:55:07
366443	Pinicola	PINICOLA	9	1	129056370637391833331935272989173524156	2012-02-28 12:55:07	2012-02-28 12:55:07
366451	Calcarius	CALCARIUS	10	1	155220730579248599462773342789564460842	2012-02-28 12:55:07	2012-02-28 12:55:07
366463	Fringilla	FRINGILLA	11	1	38761311565898084936908975373424433674	2012-02-28 12:55:07	2012-02-28 12:55:07
366475	Chilia	CHILIA	12	1	49919035475485415287051999676186409511	2012-02-28 12:55:07	2012-02-28 12:55:07
366483	Linurgus	LINURGUS	13	1	178357640867276099620548546511989557218	2012-02-28 12:55:07	2012-02-28 12:55:07
366495	Dromaius	DROMAIUS	14	1	242263315161701355368009869785227735196	2012-02-28 12:55:07	2012-02-28 12:55:07
366503	Diomedea	DIOMEDEA	15	1	29202301690843594359945556577203072495	2012-02-28 12:55:07	2012-02-28 12:55:07
367794	Anastomus	ANASTOMUS	16	1	52614494950712227330272691561787215593	2012-02-28 12:55:07	2012-02-28 12:55:07
367810	Eulabeornis	EULABEORNIS	17	1	339567310204462608976007856378595224202	2012-02-28 12:55:07	2012-02-28 12:55:07
371979	Botaurus	BOTAURUS	18	1	225273163354737856252455930458717760461	2012-02-28 12:55:07	2012-02-28 12:55:07
380093	Hemicircus	HEMICIRCUS	19	1	29411449812678904446363242546636157391	2012-02-28 12:55:07	2012-02-28 12:55:07
380137	Gecinulus	GECINULUS	20	1	281595448096777030478892756903567516435	2012-02-28 12:55:07	2012-02-28 12:55:07
380157	Rollulus	ROLLULUS	21	1	322709179318419822513865278928609772159	2012-02-28 12:55:07	2012-02-28 12:55:07
386952	Vultur	VULTUR	22	1	91923183909588910467510075449401575210	2012-02-28 12:55:07	2012-02-28 12:55:07
396509	Siphonorhis	SIPHONORHIS	23	1	83831256206180678521600021037307481627	2012-02-28 12:55:07	2012-02-28 12:55:07
402005	Oceanites	OCEANITES	24	1	290040167875940343593588832995442712634	2012-02-28 12:55:07	2012-02-28 12:55:07
406022	Kozlowia	KOZLOWIA	25	1	123511032804614743563399881116417717663	2012-02-28 12:55:07	2012-02-28 12:55:07
726863	Falco rupicoloides A. Smith, 1829	FALCO RUPICOLOIDES A. SMITH, 1829	26	1	252941120881791082705798828031113210036	2012-02-28 12:55:07	2012-02-28 12:55:07
726867	Falco vespertinus Linnaeus, 1766	FALCO VESPERTINUS LINNAEUS, 1766	27	1	188197760494557827154489545917744734058	2012-02-28 12:55:07	2012-02-28 12:55:07
726871	Phalcoboenus australis (J. F. Gmelin, 1788)	PHALCOBOENUS AUSTRALIS (J. F. GMELIN, 1788)	28	1	194279037885683218298704746119975894297	2012-02-28 12:55:07	2012-02-28 12:55:07
726875	Milvago chimango (Vieillot, 1816)	MILVAGO CHIMANGO (VIEILLOT, 1816)	29	1	327209786260764398961149464991353575073	2012-02-28 12:55:07	2012-02-28 12:55:07
726879	Micrastur plumbeus W. L. Sclater, 1918	MICRASTUR PLUMBEUS W. L. SCLATER, 1918	30	1	328270803234227026567813521428370189130	2012-02-28 12:55:07	2012-02-28 12:55:07
726883	Polihierax semitorquatus (A. Smith, 1836)	POLIHIERAX SEMITORQUATUS (A. SMITH, 1836)	31	1	153938098372252881566586037640457635380	2012-02-28 12:55:07	2012-02-28 12:55:07
726887	Microhierax latifrons Sharpe, 1879	MICROHIERAX LATIFRONS SHARPE, 1879	32	1	132285758628821270522393916647950969531	2012-02-28 12:55:07	2012-02-28 12:55:07
726891	Leipoa ocellata Gould, 1840	LEIPOA OCELLATA GOULD, 1840	33	1	262509083400197667999887011178332876203	2012-02-28 12:55:07	2012-02-28 12:55:07
726895	Aepypodius arfakianus (Salvadori, 1877)	AEPYPODIUS ARFAKIANUS (SALVADORI, 1877)	34	1	329706858797778869405985296325659195088	2012-02-28 12:55:07	2012-02-28 12:55:07
726899	Ortalis canicollis (Wagler, 1830)	ORTALIS CANICOLLIS (WAGLER, 1830)	35	1	99346114031790419698911663786455384435	2012-02-28 12:55:07	2012-02-28 12:55:07
726903	Ortalis ruficauda Jardine, 1847	ORTALIS RUFICAUDA JARDINE, 1847	36	1	46112544736697540355841708111713396455	2012-02-28 12:55:07	2012-02-28 12:55:07
726907	Penelope argyrotis (Bonaparte, 1856)	PENELOPE ARGYROTIS (BONAPARTE, 1856)	37	1	201495234153540486340399751527934406853	2012-02-28 12:55:07	2012-02-28 12:55:07
726911	Penelope marail (Statius Muller, 1776)	PENELOPE MARAIL (STATIUS MULLER, 1776)	38	1	103472758017972046081425117201292743194	2012-02-28 12:55:07	2012-02-28 12:55:07
726915	Penelope ortoni Salvin, 1874	PENELOPE ORTONI SALVIN, 1874	39	1	293519608528889043863755980645457769238	2012-02-28 12:55:07	2012-02-28 12:55:07
726919	Penelope superciliaris Temminck, 1815	PENELOPE SUPERCILIARIS TEMMINCK, 1815	40	1	162465176505085466906867001955928401366	2012-02-28 12:55:07	2012-02-28 12:55:07
726923	Chamaepetes goudotii (Lesson, 1828)	CHAMAEPETES GOUDOTII (LESSON, 1828)	41	1	99739363685837603227550616355813825673	2012-02-28 12:55:07	2012-02-28 12:55:07
726927	Nothocrax urumutum (Spix, 1825)	NOTHOCRAX URUMUTUM (SPIX, 1825)	42	1	11977962425604076345616023073381592738	2012-02-28 12:55:07	2012-02-28 12:55:07
726931	Crax daubentoni G. R. Gray, 1867	CRAX DAUBENTONI G. R. GRAY, 1867	43	1	312049208362369744640148954786315674611	2012-02-28 12:55:07	2012-02-28 12:55:07
726935	Bonasa umbellus (Linnaeus, 1766)	BONASA UMBELLUS (LINNAEUS, 1766)	44	1	59890789866473679760904186271613007804	2012-02-28 12:55:07	2012-02-28 12:55:07
726939	Tympanuchus phasianellus (Linnaeus, 1758)	TYMPANUCHUS PHASIANELLUS (LINNAEUS, 1758)	45	1	37376545094542271680303076235310669947	2012-02-28 12:55:07	2012-02-28 12:55:07
726943	Colinus cristatus (Linnaeus, 1766)	COLINUS CRISTATUS (LINNAEUS, 1766)	46	1	37822253532229281974421007334976656432	2012-02-28 12:55:07	2012-02-28 12:55:07
726947	Callipepla gambelii (Gambel, 1843)	CALLIPEPLA GAMBELII (GAMBEL, 1843)	47	1	265817806246909145061579593615870621129	2012-02-28 12:55:07	2012-02-28 12:55:07
726951	Phasianus colchicus Linnaeus, 1758	PHASIANUS COLCHICUS LINNAEUS, 1758	48	1	226749764887952254545077137302006527007	2012-02-28 12:55:07	2012-02-28 12:55:07
726955	Alectoris graeca (Meisner, 1804)	ALECTORIS GRAECA (MEISNER, 1804)	49	1	31846782902646441502430991499442435142	2012-02-28 12:55:07	2012-02-28 12:55:07
726959	Perdix perdix (Linnaeus, 1758)	PERDIX PERDIX (LINNAEUS, 1758)	50	1	88480329707203346513934437170858973135	2012-02-28 12:55:07	2012-02-28 12:55:07
726963	Odontophorus atrifrons Allen, 1900	ODONTOPHORUS ATRIFRONS ALLEN, 1900	51	1	101317828383916223172211063623479946611	2012-02-28 12:55:07	2012-02-28 12:55:07
726967	Odontophorus dialeucos Wetmore, 1963	ODONTOPHORUS DIALEUCOS WETMORE, 1963	52	1	137958773976800303712765805895034061041	2012-02-28 12:55:07	2012-02-28 12:55:07
728226	Toxostoma longirostre (Lafresnaye, 1838)	TOXOSTOMA LONGIROSTRE (LAFRESNAYE, 1838)	53	1	262546511980967311338199759237571157839	2012-02-28 12:55:07	2012-02-28 12:55:07
728230	Toxostoma redivivum (Gambel, 1845)	TOXOSTOMA REDIVIVUM (GAMBEL, 1845)	54	1	231571545073098080704119365717685077071	2012-02-28 12:55:07	2012-02-28 12:55:07
728234	Oreoscoptes montanus (Townsend, 1837)	OREOSCOPTES MONTANUS (TOWNSEND, 1837)	55	1	9049273305992169048515195348250498418	2012-02-28 12:55:07	2012-02-28 12:55:07
728238	Muscicapa sibirica J. F. Gmelin, 1789	MUSCICAPA SIBIRICA J. F. GMELIN, 1789	56	1	210129078584056709089118336185561358306	2012-02-28 12:55:07	2012-02-28 12:55:07
728242	Cettia diphone (Kittlitz, 1830)	CETTIA DIPHONE (KITTLITZ, 1830)	57	1	37230450310646153128427256788784915397	2012-02-28 12:55:07	2012-02-28 12:55:07
728246	Clytorhynchus vitiensis (Hartlaub, 1866)	CLYTORHYNCHUS VITIENSIS (HARTLAUB, 1866)	58	1	206632389349693661666336663548332906407	2012-02-28 12:55:07	2012-02-28 12:55:07
728250	Myiagra erythrops Hartlaub & Finsch, 1868	MYIAGRA ERYTHROPS HARTLAUB & FINSCH, 1868	59	1	258809597307438395793271592790398247175	2012-02-28 12:55:07	2012-02-28 12:55:07
728254	Rhipidura lepida Hartlaub & Finsch, 1868	RHIPIDURA LEPIDA HARTLAUB & FINSCH, 1868	60	1	318404570255502824603089593062309261401	2012-02-28 12:55:07	2012-02-28 12:55:07
728258	Auriparus flaviceps (Sundevall, 1850)	AURIPARUS FLAVICEPS (SUNDEVALL, 1850)	61	1	267210230532148497814887073574513046845	2012-02-28 12:55:07	2012-02-28 12:55:07
728262	Sitta pusilla Latham, 1790	SITTA PUSILLA LATHAM, 1790	62	1	182689981646340507564331717045219301047	2012-02-28 12:55:07	2012-02-28 12:55:07
728266	Chaetoptila angustipluma (Peale, 1848)	CHAETOPTILA ANGUSTIPLUMA (PEALE, 1848)	63	1	57615127098315749990916343473490467408	2012-02-28 12:55:07	2012-02-28 12:55:07
728270	Moho bishopi (Rothschild, 1893)	MOHO BISHOPI (ROTHSCHILD, 1893)	64	1	164376687564130784966206761059727830891	2012-02-28 12:55:07	2012-02-28 12:55:07
728274	Chamaea fasciata (Gambel, 1845)	CHAMAEA FASCIATA (GAMBEL, 1845)	65	1	24032880090085445620786788062869284856	2012-02-28 12:55:07	2012-02-28 12:55:07
728278	Basileuterus rufifrons (Swainson, 1838)	BASILEUTERUS RUFIFRONS (SWAINSON, 1838)	66	1	293113060540740433561133402134476643931	2012-02-28 12:55:07	2012-02-28 12:55:07
728282	Vermivora chrysoptera (Linnaeus, 1766)	VERMIVORA CHRYSOPTERA (LINNAEUS, 1766)	67	1	89644430061639892502742493283238391633	2012-02-28 12:55:07	2012-02-28 12:55:07
728286	Vermivora celata (Say, 1823)	VERMIVORA CELATA (SAY, 1823)	68	1	304951192749316899909156095381347291252	2012-02-28 12:55:07	2012-02-28 12:55:07
728290	Vermivora luciae (J. G. Cooper, 1861)	VERMIVORA LUCIAE (J. G. COOPER, 1861)	69	1	230911353073220957476653339563955131573	2012-02-28 12:55:07	2012-02-28 12:55:07
728294	Dendroica petechia (Linnaeus, 1766)	DENDROICA PETECHIA (LINNAEUS, 1766)	70	1	16257317842790027962617031629371580452	2012-02-28 12:55:07	2012-02-28 12:55:07
728298	Dendroica coronata (Linnaeus, 1766)	DENDROICA CORONATA (LINNAEUS, 1766)	71	1	175377993376717910338684889015202886554	2012-02-28 12:55:07	2012-02-28 12:55:07
728302	Dendroica chrysoparia P. L. Sclater & Salvin, 1860	DENDROICA CHRYSOPARIA P. L. SCLATER & SALVIN, 1860	72	1	30959510381912696007332794224083281973	2012-02-28 12:55:07	2012-02-28 12:55:07
728306	Dendroica dominica (Linnaeus, 1766)	DENDROICA DOMINICA (LINNAEUS, 1766)	73	1	291450503171126213024029811608060020092	2012-02-28 12:55:07	2012-02-28 12:55:07
728310	Dendroica striata (J. R. Forster, 1772)	DENDROICA STRIATA (J. R. FORSTER, 1772)	74	1	34032180694091986091222307790302502845	2012-02-28 12:55:07	2012-02-28 12:55:07
728314	Dendroica palmarum (Gmelin, 1789)	DENDROICA PALMARUM (GMELIN, 1789)	75	1	193205401959382940128066216371343038524	2012-02-28 12:55:07	2012-02-28 12:55:07
728318	Seiurus motacilla (Vieillot, 1809)	SEIURUS MOTACILLA (VIEILLOT, 1809)	76	1	164555424006551353189352067381311637422	2012-02-28 12:55:07	2012-02-28 12:55:07
728322	Oporornis tolmiei (J. K. Townsend, 1839)	OPORORNIS TOLMIEI (J. K. TOWNSEND, 1839)	77	1	38672535246658267640114357361601374764	2012-02-28 12:55:07	2012-02-28 12:55:07
728326	Icteria virens (Linnaeus, 1758)	ICTERIA VIRENS (LINNAEUS, 1758)	78	1	221878911270433815047322574083452441841	2012-02-28 12:55:07	2012-02-28 12:55:07
728330	Wilsonia pusilla (A. Wilson, 1811)	WILSONIA PUSILLA (A. WILSON, 1811)	79	1	123669207009156570992039604999420995466	2012-02-28 12:55:07	2012-02-28 12:55:07
728334	Myioborus pictus (Swainson, 1829)	MYIOBORUS PICTUS (SWAINSON, 1829)	80	1	98287413630089659962765792414601868473	2012-02-28 12:55:07	2012-02-28 12:55:07
736420	Alcedo leucogaster (Fraser, 1843)	ALCEDO LEUCOGASTER (FRASER, 1843)	81	1	134235068574979661338207882189301692838	2012-02-28 12:55:07	2012-02-28 12:55:07
736424	Ceyx melanurus (Kaup, 1848)	CEYX MELANURUS (KAUP, 1848)	82	1	189364353349990737021991644319301096146	2012-02-28 12:55:07	2012-02-28 12:55:07
736428	Dacelo novaeguineae (Hermann, 1783)	DACELO NOVAEGUINEAE (HERMANN, 1783)	83	1	116245884541704151659633991161176078224	2012-02-28 12:55:07	2012-02-28 12:55:07
736432	Clytoceyx rex Sharpe, 1880	CLYTOCEYX REX SHARPE, 1880	84	1	106523723278200776186565450880341278058	2012-02-28 12:55:07	2012-02-28 12:55:07
736436	Pelargopsis melanorhyncha (Temminck, 1826)	PELARGOPSIS MELANORHYNCHA (TEMMINCK, 1826)	85	1	249510250904757977988530063563493267176	2012-02-28 12:55:07	2012-02-28 12:55:07
736440	Halcyon pileata (Boddaert, 1783)	HALCYON PILEATA (BODDAERT, 1783)	86	1	151481304775070063202262716871819190771	2012-02-28 12:55:07	2012-02-28 12:55:07
736448	Halcyon chelicuti (Stanley, 1814)	HALCYON CHELICUTI (STANLEY, 1814)	87	1	28133847587605886628638426370220118915	2012-02-28 12:55:07	2012-02-28 12:55:07
736452	Actenoides bougainvillei (Rothschild, 1904)	ACTENOIDES BOUGAINVILLEI (ROTHSCHILD, 1904)	88	1	42182862241600838347849815714122309013	2012-02-28 12:55:07	2012-02-28 12:55:07
736456	Actenoides monachus (Bonaparte, 1850)	ACTENOIDES MONACHUS (BONAPARTE, 1850)	89	1	146472833084144899176673892175303477203	2012-02-28 12:55:07	2012-02-28 12:55:07
736460	Tanysiptera hydrocharis G. R. Gray, 1858	TANYSIPTERA HYDROCHARIS G. R. GRAY, 1858	90	1	19798591305521529820714586794149009672	2012-02-28 12:55:07	2012-02-28 12:55:07
736468	Tanysiptera sylvia Gould, 1850	TANYSIPTERA SYLVIA GOULD, 1850	91	1	9989606117317722167141583018115745951	2012-02-28 12:55:07	2012-02-28 12:55:07
736472	Chloroceryle amazona (Latham, 1790)	CHLOROCERYLE AMAZONA (LATHAM, 1790)	92	1	215874155334234284204923200225254197658	2012-02-28 12:55:07	2012-02-28 12:55:07
736476	Nyctyornis athertoni (Jardine & Selby, 1828)	NYCTYORNIS ATHERTONI (JARDINE & SELBY, 1828)	93	1	92679499748009114376864222981110424655	2012-02-28 12:55:07	2012-02-28 12:55:07
736480	Merops bulocki Vieillot, 1817	MEROPS BULOCKI VIEILLOT, 1817	94	1	73332148752670046335489375909391078766	2012-02-28 12:55:07	2012-02-28 12:55:07
736484	Merops oreobates (Sharpe, 1892)	MEROPS OREOBATES (SHARPE, 1892)	95	1	3147208998992870483679813753246700300	2012-02-28 12:55:07	2012-02-28 12:55:07
736488	Merops revoilii Oustalet, 1882	MEROPS REVOILII OUSTALET, 1882	96	1	61242211028081604589055966881698503444	2012-02-28 12:55:07	2012-02-28 12:55:07
736492	Merops viridis Linnaeus, 1758	MEROPS VIRIDIS LINNAEUS, 1758	97	1	294365908517604221851908604164366886679	2012-02-28 12:55:07	2012-02-28 12:55:07
736496	Merops ornatus Latham, 1802	MEROPS ORNATUS LATHAM, 1802	98	1	127091439919317468208920424647410741444	2012-02-28 12:55:07	2012-02-28 12:55:07
736500	Merops nubicus Gmelin, 1788	MEROPS NUBICUS GMELIN, 1788	99	1	271079398779801071561895465286689278506	2012-02-28 12:55:07	2012-02-28 12:55:07
736504	Colius colius (Linnaeus, 1766)	COLIUS COLIUS (LINNAEUS, 1766)	100	1	235957350418873667714173387550440822833	2012-02-28 12:55:07	2012-02-28 12:55:07
736508	Clamator glandarius (Linnaeus, 1758)	CLAMATOR GLANDARIUS (LINNAEUS, 1758)	101	1	168324212555779065940013372114759957762	2012-02-28 12:55:07	2012-02-28 12:55:07
736512	Cuculus varius Vahl, 1797	CUCULUS VARIUS VAHL, 1797	102	1	99413546915113044456916700617811937331	2012-02-28 12:55:07	2012-02-28 12:55:07
736516	Cuculus micropterus Gould, 1838	CUCULUS MICROPTERUS GOULD, 1838	103	1	127508627299748134673900596320920607296	2012-02-28 12:55:07	2012-02-28 12:55:07
736520	Cuculus pallidus (Latham, 1802)	CUCULUS PALLIDUS (LATHAM, 1802)	104	1	240433395792994019246940081372414223937	2012-02-28 12:55:07	2012-02-28 12:55:07
739150	Cnemarchus erythropygius (P. L. Sclater, 1853)	CNEMARCHUS ERYTHROPYGIUS (P. L. SCLATER, 1853)	105	1	261263616844120760985339011672670604654	2012-02-28 12:55:07	2012-02-28 12:55:07
739154	Cnemotriccus fuscatus (Wied-Neuwied, 1831)	CNEMOTRICCUS FUSCATUS (WIED-NEUWIED, 1831)	106	1	233548334646387534451074824742622893494	2012-02-28 12:55:07	2012-02-28 12:55:07
739158	Cochoa beccarii Salvadori, 1879	COCHOA BECCARII SALVADORI, 1879	107	1	60634578266702323363269107584678296551	2012-02-28 12:55:07	2012-02-28 12:55:07
739162	Colluricincla boweri (Ramsay, 1885)	COLLURICINCLA BOWERI (RAMSAY, 1885)	108	1	67632487990922206573261648377984918857	2012-02-28 12:55:07	2012-02-28 12:55:07
739166	Colluricincla woodwardi Hartert, 1905	COLLURICINCLA WOODWARDI HARTERT, 1905	109	1	295204560432156326249102420934789357873	2012-02-28 12:55:07	2012-02-28 12:55:07
739170	Columbina buckleyi (P. L. Sclater & Salvin, 1877)	COLUMBINA BUCKLEYI (P. L. SCLATER & SALVIN, 1877)	110	1	60204101899452913135877073027143393965	2012-02-28 12:55:07	2012-02-28 12:55:07
739174	Conirostrum bicolor (Vieillot, 1809)	CONIROSTRUM BICOLOR (VIEILLOT, 1809)	111	1	116819776065007424400826233625841280677	2012-02-28 12:55:07	2012-02-28 12:55:07
739178	Conirostrum margaritae (Holt, 1931)	CONIROSTRUM MARGARITAE (HOLT, 1931)	112	1	38048112964039953280683800660829893831	2012-02-28 12:55:07	2012-02-28 12:55:07
739182	Conirostrum tamarugense A. W. Johnson & Millie, 1972	CONIROSTRUM TAMARUGENSE A. W. JOHNSON & MILLIE, 1972	113	1	331997197842743535346081100046574008760	2012-02-28 12:55:07	2012-02-28 12:55:07
739186	Conopophaga castaneiceps Sclater, 1857	CONOPOPHAGA CASTANEICEPS SCLATER, 1857	114	1	223182512692044620021882072780161843681	2012-02-28 12:55:07	2012-02-28 12:55:07
739190	Conopophaga peruviana DesMurs, 1856	CONOPOPHAGA PERUVIANA DESMURS, 1856	115	1	260228691417790009642063201592797964679	2012-02-28 12:55:07	2012-02-28 12:55:07
739194	Conopophila whitei (North, 1910)	CONOPOPHILA WHITEI (NORTH, 1910)	116	1	12582845293468639751463346437334899197	2012-02-28 12:55:07	2012-02-28 12:55:07
739198	Conothraupis speculigera (Gould, 1855)	CONOTHRAUPIS SPECULIGERA (GOULD, 1855)	117	1	227193898011300134020429727778942313188	2012-02-28 12:55:07	2012-02-28 12:55:07
739202	Contopus lugubris Lawrence, 1865	CONTOPUS LUGUBRIS LAWRENCE, 1865	118	1	261229788195920684864452436250381343618	2012-02-28 12:55:07	2012-02-28 12:55:07
739206	Copsychus albospecularis (Eydoux & Gervais, 1836)	COPSYCHUS ALBOSPECULARIS (EYDOUX & GERVAIS, 1836)	119	1	324501853845622822906002410239578749699	2012-02-28 12:55:07	2012-02-28 12:55:07
739210	Copsychus stricklandii Motley & Dillwyn, 1855	COPSYCHUS STRICKLANDII MOTLEY & DILLWYN, 1855	120	1	120969402438622316347464715550689297140	2012-02-28 12:55:07	2012-02-28 12:55:07
739214	Coracina azurea (Cassin, 1852)	CORACINA AZUREA (CASSIN, 1852)	121	1	66844128038486592059142907134476662247	2012-02-28 12:55:07	2012-02-28 12:55:07
739218	Coracina caesia (Lichtenstein, 1823)	CORACINA CAESIA (LICHTENSTEIN, 1823)	122	1	62136098822505248995602034905525039001	2012-02-28 12:55:07	2012-02-28 12:55:07
739222	Coracina coerulescens (Blyth, 1842)	CORACINA COERULESCENS (BLYTH, 1842)	123	1	55985014152876556976534766944880663956	2012-02-28 12:55:07	2012-02-28 12:55:07
739226	Coracina fortis (Salvadori, 1878)	CORACINA FORTIS (SALVADORI, 1878)	124	1	66048477100352701470265821257783402510	2012-02-28 12:55:07	2012-02-28 12:55:07
739230	Coracina incerta (Meyer, 1874)	CORACINA INCERTA (MEYER, 1874)	125	1	123105580716330372010099596212496120516	2012-02-28 12:55:07	2012-02-28 12:55:07
739234	Coracina lineata (Swainson, 1825)	CORACINA LINEATA (SWAINSON, 1825)	126	1	324696726443706885911816344040073193105	2012-02-28 12:55:07	2012-02-28 12:55:07
739238	Coracina mcgregori (Mearns, 1907)	CORACINA MCGREGORI (MEARNS, 1907)	127	1	232124994313319084044461882951668346149	2012-02-28 12:55:07	2012-02-28 12:55:07
739242	Coracina mindanensis (Tweeddale, 1878)	CORACINA MINDANENSIS (TWEEDDALE, 1878)	128	1	293704363337137405740218138198410188214	2012-02-28 12:55:07	2012-02-28 12:55:07
739246	Coracina ostenta Ripley, 1952	CORACINA OSTENTA RIPLEY, 1952	129	1	289655074647581434615827923737381330984	2012-02-28 12:55:07	2012-02-28 12:55:07
739250	Coracina personata (Muller, 1843)	CORACINA PERSONATA (MULLER, 1843)	130	1	141629721558997566525563363872210105147	2012-02-28 12:55:07	2012-02-28 12:55:07
739254	Coracina striata (Boddaert, 1783)	CORACINA STRIATA (BODDAERT, 1783)	131	1	290677312747795296363904135669528107062	2012-02-28 12:55:07	2012-02-28 12:55:07
740517	Lanius collurioides Lesson, 1832	LANIUS COLLURIOIDES LESSON, 1832	132	1	279145471193459466355547130372481336756	2012-02-28 12:55:07	2012-02-28 12:55:07
740521	Lanius isabellinus Ehrenberg, 1833	LANIUS ISABELLINUS EHRENBERG, 1833	133	1	261650175346747101648009733222195217948	2012-02-28 12:55:07	2012-02-28 12:55:07
740525	Lanius newtoni Bocage, 1891	LANIUS NEWTONI BOCAGE, 1891	134	1	130259569752138008025927478118615044738	2012-02-28 12:55:07	2012-02-28 12:55:07
740529	Lanius senator Linnaeus, 1758	LANIUS SENATOR LINNAEUS, 1758	135	1	113865042886214111195325248031850960834	2012-02-28 12:55:07	2012-02-28 12:55:07
740533	Lanius tephronotus (Vigors, 1831)	LANIUS TEPHRONOTUS (VIGORS, 1831)	136	1	315714024108168727601119749851108972211	2012-02-28 12:55:07	2012-02-28 12:55:07
740537	Larus armenicus Buturlin, 1934	LARUS ARMENICUS BUTURLIN, 1934	137	1	87679823381249634065857070655835552942	2012-02-28 12:55:07	2012-02-28 12:55:07
740541	Laterallus albigularis (Lawrence, 1861)	LATERALLUS ALBIGULARIS (LAWRENCE, 1861)	138	1	231041264678459520955371014438005467075	2012-02-28 12:55:07	2012-02-28 12:55:07
740545	Leiothrix argentauris (Hodgson, 1838)	LEIOTHRIX ARGENTAURIS (HODGSON, 1838)	139	1	105212790743279344870996684677651990929	2012-02-28 12:55:07	2012-02-28 12:55:07
740549	Lepidocolaptes albolineatus (Lafresnaye, 1846)	LEPIDOCOLAPTES ALBOLINEATUS (LAFRESNAYE, 1846)	140	1	25029634512285015137671250264692236188	2012-02-28 12:55:07	2012-02-28 12:55:07
740553	Lepidocolaptes squamatus (Lichtenstein, 1822)	LEPIDOCOLAPTES SQUAMATUS (LICHTENSTEIN, 1822)	141	1	250027107486857317093623216823480254722	2012-02-28 12:55:07	2012-02-28 12:55:07
740561	Leptasthenura striata (Philippi & Landbeck, 1863)	LEPTASTHENURA STRIATA (PHILIPPI & LANDBECK, 1863)	142	1	6391898157428548218243629678853041780	2012-02-28 12:55:07	2012-02-28 12:55:07
740565	Leptodon forbesi (Swann, 1922)	LEPTODON FORBESI (SWANN, 1922)	143	1	72836299973223816729348713472056611519	2012-02-28 12:55:07	2012-02-28 12:55:07
740569	Leptopogon rufipectus (Lafresnaye, 1846)	LEPTOPOGON RUFIPECTUS (LAFRESNAYE, 1846)	144	1	86225006716352420339682799472811326158	2012-02-28 12:55:07	2012-02-28 12:55:07
740573	Leptotila battyi (Rothschild, 1901)	LEPTOTILA BATTYI (ROTHSCHILD, 1901)	145	1	307185122064122408594120688647224103722	2012-02-28 12:55:07	2012-02-28 12:55:07
740577	Leucopsar rothschildi Stresemann, 1912	LEUCOPSAR ROTHSCHILDI STRESEMANN, 1912	146	1	316351857304620900506305126143044454402	2012-02-28 12:55:07	2012-02-28 12:55:07
740581	Leucosticte sillemi C. S. Roselaar, 1992	LEUCOSTICTE SILLEMI C. S. ROSELAAR, 1992	147	1	34762484533029353989280897140199936463	2012-02-28 12:55:07	2012-02-28 12:55:07
740585	Lichenostomus cratitius (Gould, 1841)	LICHENOSTOMUS CRATITIUS (GOULD, 1841)	148	1	166781505892724605712848983912130624301	2012-02-28 12:55:07	2012-02-28 12:55:07
740589	Lichenostomus flavicollis (Vieillot, 1817)	LICHENOSTOMUS FLAVICOLLIS (VIEILLOT, 1817)	149	1	232635864583164666311341729816837619021	2012-02-28 12:55:07	2012-02-28 12:55:07
740593	Lichenostomus hindwoodi (Longmore & Boles, 1983)	LICHENOSTOMUS HINDWOODI (LONGMORE & BOLES, 1983)	150	1	192938537722184887836118360748488377769	2012-02-28 12:55:07	2012-02-28 12:55:07
740597	Lichenostomus obscurus (De Vis, 1897)	LICHENOSTOMUS OBSCURUS (DE VIS, 1897)	151	1	215005112176030529642678213236128779765	2012-02-28 12:55:07	2012-02-28 12:55:07
740601	Lichenostomus plumulus (Gould, 1841)	LICHENOSTOMUS PLUMULUS (GOULD, 1841)	152	1	12595834849330920195028179734245358406	2012-02-28 12:55:07	2012-02-28 12:55:07
740605	Lichenostomus virescens (Vieillot, 1817)	LICHENOSTOMUS VIRESCENS (VIEILLOT, 1817)	153	1	163672888178835498345610297500094795530	2012-02-28 12:55:07	2012-02-28 12:55:07
740609	Lichmera flavicans (Vieillot, 1817)	LICHMERA FLAVICANS (VIEILLOT, 1817)	154	1	163932825199839151141979297379870271007	2012-02-28 12:55:07	2012-02-28 12:55:07
740613	Lichmera monticola (Stresemann, 1912)	LICHMERA MONTICOLA (STRESEMANN, 1912)	155	1	142165406169734993405524828944553370296	2012-02-28 12:55:07	2012-02-28 12:55:07
740617	Limnornis rectirostris Gould, 1839	LIMNORNIS RECTIROSTRIS GOULD, 1839	156	1	273578566683707335498053283747371514420	2012-02-28 12:55:07	2012-02-28 12:55:07
740621	Liocichla phoenicea (Gould, 1837)	LIOCICHLA PHOENICEA (GOULD, 1837)	157	1	2529847322313991654443605204560765336	2012-02-28 12:55:07	2012-02-28 12:55:07
741880	Phyllastrephus flavostriatus (Sharpe, 1876)	PHYLLASTREPHUS FLAVOSTRIATUS (SHARPE, 1876)	158	1	237625209927022575584864601206468985348	2012-02-28 12:55:07	2012-02-28 12:55:07
741884	Phyllastrephus icterinus (Bonaparte, 1850)	PHYLLASTREPHUS ICTERINUS (BONAPARTE, 1850)	159	1	24458467728842404163804374440233586867	2012-02-28 12:55:07	2012-02-28 12:55:07
741888	Phyllastrephus placidus (Shelley, 1889)	PHYLLASTREPHUS PLACIDUS (SHELLEY, 1889)	160	1	34990830813139801183853109862590165930	2012-02-28 12:55:07	2012-02-28 12:55:07
741892	Phyllastrephus strepitans (Reichenow, 1879)	PHYLLASTREPHUS STREPITANS (REICHENOW, 1879)	161	1	139749271666338522653494620050566365819	2012-02-28 12:55:07	2012-02-28 12:55:07
741896	Phyllastrephus zosterops (Sharpe, 1875)	PHYLLASTREPHUS ZOSTEROPS (SHARPE, 1875)	162	1	30452953940985272649442561745298691763	2012-02-28 12:55:07	2012-02-28 12:55:07
741900	Phyllomyias fasciatus (Thunberg, 1822)	PHYLLOMYIAS FASCIATUS (THUNBERG, 1822)	163	1	225476035214234262549510112473780394546	2012-02-28 12:55:07	2012-02-28 12:55:07
741904	Phyllomyias nigrocapillus (Lafresnaye, 1845)	PHYLLOMYIAS NIGROCAPILLUS (LAFRESNAYE, 1845)	164	1	274456919221768513856672111450030020167	2012-02-28 12:55:07	2012-02-28 12:55:07
741908	Phyllomyias uropygialis (Lawrence, 1869)	PHYLLOMYIAS UROPYGIALIS (LAWRENCE, 1869)	165	1	217549408071374741666120659559522412024	2012-02-28 12:55:07	2012-02-28 12:55:07
741912	Phylloscartes difficilis (H. Ihering & R. Ihering, 1907)	PHYLLOSCARTES DIFFICILIS (H. IHERING & R. IHERING, 1907)	166	1	207437601990783338500673288023231246346	2012-02-28 12:55:07	2012-02-28 12:55:07
741916	Phylloscartes gualaquizae (P. L. Sclater, 1887)	PHYLLOSCARTES GUALAQUIZAE (P. L. SCLATER, 1887)	167	1	63858960140444566618286121071568667663	2012-02-28 12:55:07	2012-02-28 12:55:07
741920	Phylloscartes ophthalmicus (Taczanowski, 1874)	PHYLLOSCARTES OPHTHALMICUS (TACZANOWSKI, 1874)	168	1	105210820644541214369633832009230445647	2012-02-28 12:55:07	2012-02-28 12:55:07
741924	Phylloscartes parkeri Fitzpatrick & Stotz, 1997	PHYLLOSCARTES PARKERI FITZPATRICK & STOTZ, 1997	169	1	36749429194184161632847770643423080085	2012-02-28 12:55:07	2012-02-28 12:55:07
741928	Phylloscartes sylviolus (Cabanis & Heine, 1859)	PHYLLOSCARTES SYLVIOLUS (CABANIS & HEINE, 1859)	170	1	78960474308546831028869281371771663277	2012-02-28 12:55:07	2012-02-28 12:55:07
741932	Phylloscopus affinis (Tickell, 1833)	PHYLLOSCOPUS AFFINIS (TICKELL, 1833)	171	1	273734265622140498380668564954783137937	2012-02-28 12:55:07	2012-02-28 12:55:07
741936	Phylloscopus borealoides Portenko, 1950	PHYLLOSCOPUS BOREALOIDES PORTENKO, 1950	172	1	250474307344504268188256082109204238062	2012-02-28 12:55:07	2012-02-28 12:55:07
741940	Phylloscopus chloronotus (Gray & Gray, 1846)	PHYLLOSCOPUS CHLORONOTUS (GRAY & GRAY, 1846)	173	1	284188775194370798034560454941632417223	2012-02-28 12:55:07	2012-02-28 12:55:07
741944	Phylloscopus davisoni (Oates, 1889)	PHYLLOSCOPUS DAVISONI (OATES, 1889)	174	1	324719109633694715674863074784665601282	2012-02-28 12:55:07	2012-02-28 12:55:07
741948	Phylloscopus ijimae (Stejneger, 1892)	PHYLLOSCOPUS IJIMAE (STEJNEGER, 1892)	175	1	13481263892044488745574317013344231300	2012-02-28 12:55:07	2012-02-28 12:55:07
741952	Phylloscopus lorenzii (Lorenz, 1887)	PHYLLOSCOPUS LORENZII (LORENZ, 1887)	176	1	128688132089809246333529069973921199485	2012-02-28 12:55:07	2012-02-28 12:55:07
741956	Phylloscopus neglectus Hume, 1870	PHYLLOSCOPUS NEGLECTUS HUME, 1870	177	1	44500196934251319915252773390719766482	2012-02-28 12:55:07	2012-02-28 12:55:07
741960	Phylloscopus presbytes (Blyth, 1870)	PHYLLOSCOPUS PRESBYTES (BLYTH, 1870)	178	1	150951035766683583040275094503838396602	2012-02-28 12:55:07	2012-02-28 12:55:07
741964	Phylloscopus reguloides (Blyth, 1842)	PHYLLOSCOPUS REGULOIDES (BLYTH, 1842)	179	1	86598495175002964012030176310073305942	2012-02-28 12:55:07	2012-02-28 12:55:07
741968	Phylloscopus schwarzi (Radde, 1863)	PHYLLOSCOPUS SCHWARZI (RADDE, 1863)	180	1	239019723895195451191888362107135106684	2012-02-28 12:55:07	2012-02-28 12:55:07
741972	Phylloscopus trivirgatus Strickland, 1849	PHYLLOSCOPUS TRIVIRGATUS STRICKLAND, 1849	181	1	181470610401995353132848091425851744372	2012-02-28 12:55:07	2012-02-28 12:55:07
741976	Phytotoma raimondii Taczanowski, 1883	PHYTOTOMA RAIMONDII TACZANOWSKI, 1883	182	1	27340388334168749082369908808872013000	2012-02-28 12:55:07	2012-02-28 12:55:07
741980	Picathartes oreas Reichenow, 1899	PICATHARTES OREAS REICHENOW, 1899	183	1	209008626317613436630218833610630351823	2012-02-28 12:55:07	2012-02-28 12:55:07
741988	Pipilo ocai (Lawrence, 1865)	PIPILO OCAI (LAWRENCE, 1865)	184	1	143130909302442630028087117141724224860	2012-02-28 12:55:07	2012-02-28 12:55:07
743247	Thripophaga fusciceps P. L. Sclater, 1889	THRIPOPHAGA FUSCICEPS P. L. SCLATER, 1889	185	1	164535029876609246264710264794191909273	2012-02-28 12:55:07	2012-02-28 12:55:07
743251	Thryothorus atrogularis Salvin, 1864	THRYOTHORUS ATROGULARIS SALVIN, 1864	186	1	149457117331378429697660004907278316843	2012-02-28 12:55:07	2012-02-28 12:55:07
743255	Thryothorus fasciatoventris Lafresnaye, 1845	THRYOTHORUS FASCIATOVENTRIS LAFRESNAYE, 1845	187	1	198674086284802905652356206696344143561	2012-02-28 12:55:07	2012-02-28 12:55:07
743259	Thryothorus guarayanus (Lafresnaye & d'Orbigny, 1837)	THRYOTHORUS GUARAYANUS (LAFRESNAYE & D'ORBIGNY, 1837)	188	1	49840585088157442611967038297820339918	2012-02-28 12:55:07	2012-02-28 12:55:07
743263	Thryothorus maculipectus Lafresnaye, 1845	THRYOTHORUS MACULIPECTUS LAFRESNAYE, 1845	189	1	252531569737692759332824648860454710318	2012-02-28 12:55:07	2012-02-28 12:55:07
743267	Thryothorus nigricapillus Sclater, 1860	THRYOTHORUS NIGRICAPILLUS SCLATER, 1860	190	1	151064423995645530253819041000656340384	2012-02-28 12:55:07	2012-02-28 12:55:07
743271	Thryothorus rutilus Vieillot, 1819	THRYOTHORUS RUTILUS VIEILLOT, 1819	191	1	330898895482320693716025533282187748916	2012-02-28 12:55:07	2012-02-28 12:55:07
743275	Thryothorus spadix (Bangs, 1910)	THRYOTHORUS SPADIX (BANGS, 1910)	192	1	193628338173907188629379536413730302550	2012-02-28 12:55:07	2012-02-28 12:55:07
743279	Tichodroma muraria (Linnaeus, 1766)	TICHODROMA MURARIA (LINNAEUS, 1766)	193	1	312486284020104404378587016364132180712	2012-02-28 12:55:07	2012-02-28 12:55:07
743283	Timalia pileata Horsfield, 1821	TIMALIA PILEATA HORSFIELD, 1821	194	1	292166456646701706591059943894744185008	2012-02-28 12:55:07	2012-02-28 12:55:07
743287	Tityra inquisitor (Lichtenstein, 1823)	TITYRA INQUISITOR (LICHTENSTEIN, 1823)	195	1	187927265271886467638638693395425837273	2012-02-28 12:55:07	2012-02-28 12:55:07
743291	Todirostrum maculatum (Desmarest, 1806)	TODIROSTRUM MACULATUM (DESMAREST, 1806)	196	1	278013063515060294589406789342386571663	2012-02-28 12:55:07	2012-02-28 12:55:07
743295	Todirostrum poliocephalum (Wied-Neuwied, 1831)	TODIROSTRUM POLIOCEPHALUM (WIED-NEUWIED, 1831)	197	1	216759337618909776859960299388772791907	2012-02-28 12:55:07	2012-02-28 12:55:07
743299	Tolmomyias poliocephalus (Taczanowski, 1884)	TOLMOMYIAS POLIOCEPHALUS (TACZANOWSKI, 1884)	198	1	228156050068485838761709413467323983756	2012-02-28 12:55:07	2012-02-28 12:55:07
743303	Torreornis inexpectata Barbour & J. L. Peters, 1927	TORREORNIS INEXPECTATA BARBOUR & J. L. PETERS, 1927	199	1	109266461667653261577587923754516364096	2012-02-28 12:55:07	2012-02-28 12:55:07
743307	Toxostoma guttatum (Ridgway, 1885)	TOXOSTOMA GUTTATUM (RIDGWAY, 1885)	200	1	142367856939017551651807076536600773962	2012-02-28 12:55:07	2012-02-28 12:55:07
743315	Trichastoma bicolor (Lesson, 1839)	TRICHASTOMA BICOLOR (LESSON, 1839)	201	1	165640760820576902720712413255303048891	2012-02-28 12:55:07	2012-02-28 12:55:07
743319	Trichixos pyrropyga Lesson, 1839	TRICHIXOS PYRROPYGA LESSON, 1839	202	1	218270249448810625362524769815072685594	2012-02-28 12:55:07	2012-02-28 12:55:07
743323	Tricholestes criniger (Blyth, 1845)	TRICHOLESTES CRINIGER (BLYTH, 1845)	203	1	302076261217940396120910257455945231476	2012-02-28 12:55:07	2012-02-28 12:55:07
743327	Trochocercus cyanomelas (Vieillot, 1818)	TROCHOCERCUS CYANOMELAS (VIEILLOT, 1818)	204	1	177747027870928055425828612540001971945	2012-02-28 12:55:07	2012-02-28 12:55:07
743331	Troglodytes ochraceus Ridgway, 1882	TROGLODYTES OCHRACEUS RIDGWAY, 1882	205	1	85679558721790002786130395537930775152	2012-02-28 12:55:07	2012-02-28 12:55:07
743335	Troglodytes tanneri Townsend, 1890	TROGLODYTES TANNERI TOWNSEND, 1890	206	1	215892336631058378961561756317182867846	2012-02-28 12:55:07	2012-02-28 12:55:07
743339	Turdoides bicolor (Jardine, 1831)	TURDOIDES BICOLOR (JARDINE, 1831)	207	1	11364093328365768162970663660532037088	2012-02-28 12:55:07	2012-02-28 12:55:07
743343	Turdoides fulvus (Desfontaines, 1789)	TURDOIDES FULVUS (DESFONTAINES, 1789)	208	1	148970413313620502518567343734248034194	2012-02-28 12:55:07	2012-02-28 12:55:07
743347	Turdoides hindei (Sharpe, 1900)	TURDOIDES HINDEI (SHARPE, 1900)	209	1	123271068452276608200254124912811838426	2012-02-28 12:55:07	2012-02-28 12:55:07
743351	Turdoides leucopygius (Ruppell, 1837)	TURDOIDES LEUCOPYGIUS (RUPPELL, 1837)	210	1	164942892337849384963192226243810723601	2012-02-28 12:55:07	2012-02-28 12:55:07
782898	Capito wallacei O'Neill, D. F. Lane, A. W. Kratter, A. P. Capparella & C. F. Joo, 2000	CAPITO WALLACEI O'NEILL, D. F. LANE, A. W. KRATTER, A. P. CAPPARELLA & C. F. JOO, 2000	211	1	136503510126009950483085621640882992981	2012-02-28 12:55:07	2012-02-28 12:55:07
782902	Picumnus nigropunctatus Zimmer & Phelps, 1950	PICUMNUS NIGROPUNCTATUS ZIMMER & PHELPS, 1950	212	1	83593542463113036884401626855502214865	2012-02-28 12:55:07	2012-02-28 12:55:07
782906	Celeus obrieni Short, 1973	CELEUS OBRIENI SHORT, 1973	213	1	260911846602123808752066653562073754316	2012-02-28 12:55:07	2012-02-28 12:55:07
782942	Otus senegalensis (Swainson, 1837)	OTUS SENEGALENSIS (SWAINSON, 1837)	214	1	315510280310725478112833429737254930750	2012-02-28 12:55:07	2012-02-28 12:55:07
782946	Otus alius Rasmussen, 1998	OTUS ALIUS RASMUSSEN, 1998	215	1	111805644415712874647041023955284181569	2012-02-28 12:55:07	2012-02-28 12:55:07
851200	Larus occidentalis wymani	LARUS OCCIDENTALIS WYMANI	216	1	209035049511438697273948621916405665860	2012-02-28 12:55:07	2012-02-28 12:55:07
851204	Larus argentatus smithsonianus	LARUS ARGENTATUS SMITHSONIANUS	217	1	100317813462576434875860429438012604335	2012-02-28 12:55:07	2012-02-28 12:55:07
851208	Larus canus brachyrhynchus	LARUS CANUS BRACHYRHYNCHUS	218	1	200854853442718341608513909362964653169	2012-02-28 12:55:07	2012-02-28 12:55:07
851212	Larus tridactyla tridactyla	LARUS TRIDACTYLA TRIDACTYLA	219	1	272661590072588603439183747422662816834	2012-02-28 12:55:07	2012-02-28 12:55:07
852471	Merops gularis gularis Shaw, 1798	MEROPS GULARIS GULARIS SHAW, 1798	220	1	324608058243680249039224056910726730023	2012-02-28 12:55:07	2012-02-28 12:55:07
852475	Merops hirundineus hirundineus A. A. H. Lichtenstein, 1793	MEROPS HIRUNDINEUS HIRUNDINEUS A. A. H. LICHTENSTEIN, 1793	221	1	190382504952911715933614205130207512161	2012-02-28 12:55:07	2012-02-28 12:55:07
852479	Merops pusillus ocularis (Reichenow, 1900)	MEROPS PUSILLUS OCULARIS (REICHENOW, 1900)	222	1	214723449215341764482869409229599934819	2012-02-28 12:55:07	2012-02-28 12:55:07
852483	Merops variegatus loringi (Mearns, 1915)	MEROPS VARIEGATUS LORINGI (MEARNS, 1915)	223	1	15817344681477983091185547836055289518	2012-02-28 12:55:07	2012-02-28 12:55:07
852487	Merops orientalis beludschicus Neumann, 1910	MEROPS ORIENTALIS BELUDSCHICUS NEUMANN, 1910	224	1	61066640356939114091617325387145823611	2012-02-28 12:55:07	2012-02-28 12:55:07
852491	Merops orientalis ferrugeiceps Anderson, 1879	MEROPS ORIENTALIS FERRUGEICEPS ANDERSON, 1879	225	1	25283592158753130029311285354937675752	2012-02-28 12:55:07	2012-02-28 12:55:07
852495	Merops persicus chrysocercus Cabanis & Heine, 1860	MEROPS PERSICUS CHRYSOCERCUS CABANIS & HEINE, 1860	226	1	13018504423432693150709316805753847895	2012-02-28 12:55:07	2012-02-28 12:55:07
852499	Merops philippinus celebensis W. Blasius, 1885	MEROPS PHILIPPINUS CELEBENSIS W. BLASIUS, 1885	227	1	297568633380648708240978729353368737925	2012-02-28 12:55:07	2012-02-28 12:55:07
852503	Merops viridis americanus Statius Muller, 1776	MEROPS VIRIDIS AMERICANUS STATIUS MULLER, 1776	228	1	111375714356905775642587696289433035459	2012-02-28 12:55:07	2012-02-28 12:55:07
852507	Merops leschenaulti quinticolor Vieillot, 1817	MEROPS LESCHENAULTI QUINTICOLOR VIEILLOT, 1817	229	1	86458938528249908319085656773358109934	2012-02-28 12:55:07	2012-02-28 12:55:07
852527	Mimus polyglottos polyglottos (Linnaeus, 1758)	MIMUS POLYGLOTTOS POLYGLOTTOS (LINNAEUS, 1758)	230	1	184422243431482597026348162992875025092	2012-02-28 12:55:07	2012-02-28 12:55:07
852531	Toxostoma longirostre sennetti	TOXOSTOMA LONGIROSTRE SENNETTI	231	1	211296548840565073025793459847967105438	2012-02-28 12:55:07	2012-02-28 12:55:07
852535	Toxostoma curvirostre palmeri	TOXOSTOMA CURVIROSTRE PALMERI	232	1	314899796724684419258458580628840630741	2012-02-28 12:55:07	2012-02-28 12:55:07
852539	Toxostoma redivivum redivivum (Gambel, 1845)	TOXOSTOMA REDIVIVUM REDIVIVUM (GAMBEL, 1845)	233	1	319598800892813220701886152859995284858	2012-02-28 12:55:07	2012-02-28 12:55:07
852543	Toxostoma dorsale dorsale	TOXOSTOMA DORSALE DORSALE	234	1	233448841668254239863200081292183956197	2012-02-28 12:55:07	2012-02-28 12:55:07
853834	Eupodotis rueppellii fitzsimonsi (Roberts, 1937)	EUPODOTIS RUEPPELLII FITZSIMONSI (ROBERTS, 1937)	235	1	228206689826378230692979258811721939305	2012-02-28 12:55:07	2012-02-28 12:55:07
853838	Afrotis afraoides etoschae (Grote, 1922)	AFROTIS AFRAOIDES ETOSCHAE (GROTE, 1922)	236	1	255919370801978885279925871888082216764	2012-02-28 12:55:07	2012-02-28 12:55:07
853842	Houbaropsis bengalensis blandini Delacour, 1928	HOUBAROPSIS BENGALENSIS BLANDINI DELACOUR, 1928	237	1	239329907368680287989770945711975912043	2012-02-28 12:55:07	2012-02-28 12:55:07
853922	Baeolophus wollweberi phillipsi (Van Rossem, 1947)	BAEOLOPHUS WOLLWEBERI PHILLIPSI (VAN ROSSEM, 1947)	238	1	6162329429406923593231097884024157587	2012-02-28 12:55:07	2012-02-28 12:55:07
853926	Poecile atricapillus fortuita (Dawson & Bowles, 1909)	POECILE ATRICAPILLUS FORTUITA (DAWSON & BOWLES, 1909)	239	1	148677536259333332473703642213094131055	2012-02-28 12:55:07	2012-02-28 12:55:07
853930	Poecile atricapillus garrina (Behle, 1951)	POECILE ATRICAPILLUS GARRINA (BEHLE, 1951)	240	1	258506908059335479054655954117125903828	2012-02-28 12:55:07	2012-02-28 12:55:07
853934	Baeolophus inornatus mohavensis (A. H. Miller, 1946)	BAEOLOPHUS INORNATUS MOHAVENSIS (A. H. MILLER, 1946)	241	1	293760260315274131892398476568935749885	2012-02-28 12:55:07	2012-02-28 12:55:07
853938	Baeolophus bicolor bicolor (Linnaeus, 1766)	BAEOLOPHUS BICOLOR BICOLOR (LINNAEUS, 1766)	242	1	289068231697000426384175578755943358190	2012-02-28 12:55:07	2012-02-28 12:55:07
853942	Poecile sclateri sclateri (Kleinschmidt, 1897)	POECILE SCLATERI SCLATERI (KLEINSCHMIDT, 1897)	243	1	138339049705259568697085484477204973896	2012-02-28 12:55:07	2012-02-28 12:55:07
855201	Campethera abingoni suahelica (Reichenow, 1902)	CAMPETHERA ABINGONI SUAHELICA (REICHENOW, 1902)	244	1	279055019710542010174830706301585664491	2012-02-28 12:55:07	2012-02-28 12:55:07
855205	Campethera cailliautii permista (Reichenow, 1876)	CAMPETHERA CAILLIAUTII PERMISTA (REICHENOW, 1876)	245	1	198019026804289194103580922752416996365	2012-02-28 12:55:07	2012-02-28 12:55:07
855209	Campethera nivosa herberti (Alexander, 1908)	CAMPETHERA NIVOSA HERBERTI (ALEXANDER, 1908)	246	1	5151330462814928258633942602571811240	2012-02-28 12:55:07	2012-02-28 12:55:07
855213	Campethera caroli caroli (Malherbe, 1852)	CAMPETHERA CAROLI CAROLI (MALHERBE, 1852)	247	1	205828981035454021752634248233046406168	2012-02-28 12:55:07	2012-02-28 12:55:07
855217	Dendropicos fuscescens hemprichii (Ehrenberg, 1833)	DENDROPICOS FUSCESCENS HEMPRICHII (EHRENBERG, 1833)	248	1	230668688670309626086779659675230335795	2012-02-28 12:55:07	2012-02-28 12:55:07
855221	Dendropicos fuscescens massaicus NEUMANN, 1900	DENDROPICOS FUSCESCENS MASSAICUS NEUMANN, 1900	249	1	253866793754670364652055262986455176769	2012-02-28 12:55:07	2012-02-28 12:55:07
855225	Dendropicos gabonensis reichenowi Sjostedt, 1893	DENDROPICOS GABONENSIS REICHENOWI SJOSTEDT, 1893	250	1	188004214291842960578167851720919415493	2012-02-28 12:55:07	2012-02-28 12:55:07
855229	Dendropicos elliotii elliotii (Cassin, 1863)	DENDROPICOS ELLIOTII ELLIOTII (CASSIN, 1863)	251	1	14855101869092226027135620106172999099	2012-02-28 12:55:07	2012-02-28 12:55:07
855233	Dendropicos goertae abessinicus (Reichenow, 1900)	DENDROPICOS GOERTAE ABESSINICUS (REICHENOW, 1900)	252	1	203956508148144013919559757337861054381	2012-02-28 12:55:07	2012-02-28 12:55:07
855237	Dendropicos goertae rhodeogaster (Fischer & Reichenow, 1884)	DENDROPICOS GOERTAE RHODEOGASTER (FISCHER & REICHENOW, 1884)	253	1	111272119228746850589631130591518419079	2012-02-28 12:55:07	2012-02-28 12:55:07
855241	Dendropicos griseocephalus ruwenzori (Sharpe, 1902)	DENDROPICOS GRISEOCEPHALUS RUWENZORI (SHARPE, 1902)	254	1	228879840971575454789607032278273074121	2012-02-28 12:55:07	2012-02-28 12:55:07
855245	Dendropicos obsoletus obsoletus (Wagler, 1829)	DENDROPICOS OBSOLETUS OBSOLETUS (WAGLER, 1829)	255	1	300767015134349946075201657956012743536	2012-02-28 12:55:07	2012-02-28 12:55:07
855249	Hypopicus hyperythrus subrufinus (Cabanis & Heine, 1863)	HYPOPICUS HYPERYTHRUS SUBRUFINUS (CABANIS & HEINE, 1863)	256	1	282325617627179660233769152343514918002	2012-02-28 12:55:07	2012-02-28 12:55:07
855253	Dendrocopos maculatus menagei (Bourns & Worcester, 1894)	DENDROCOPOS MACULATUS MENAGEI (BOURNS & WORCESTER, 1894)	257	1	43458717530662384776991837838012780722	2012-02-28 12:55:07	2012-02-28 12:55:07
855257	Dendrocopos moluccensis cinereigula (Malherbe, 1849)	DENDROCOPOS MOLUCCENSIS CINEREIGULA (MALHERBE, 1849)	258	1	245148296558472227507923479209188542781	2012-02-28 12:55:07	2012-02-28 12:55:07
855261	Dendrocopos moluccensis moluccensis (Gmelin, 1788)	DENDROCOPOS MOLUCCENSIS MOLUCCENSIS (GMELIN, 1788)	259	1	331169449686764961322923548523238423833	2012-02-28 12:55:07	2012-02-28 12:55:07
855265	Dendrocopos kizuki kotataki (Kuroda, 1922)	DENDROCOPOS KIZUKI KOTATAKI (KURODA, 1922)	260	1	199324437371779678416450672457257999251	2012-02-28 12:55:07	2012-02-28 12:55:07
855269	Dendrocopos kizuki orii (Kuroda, 1923)	DENDROCOPOS KIZUKI ORII (KURODA, 1923)	261	1	142114480315250799796389724660786264234	2012-02-28 12:55:07	2012-02-28 12:55:07
855273	Dendrocopos canicapillus aurantiiventris (Salvadori, 1868)	DENDROCOPOS CANICAPILLUS AURANTIIVENTRIS (SALVADORI, 1868)	262	1	63649662615927362974807795837417813907	2012-02-28 12:55:07	2012-02-28 12:55:07
855277	Dendrocopos canicapillus delacouri (Meyer de Schauensee, 1938)	DENDROCOPOS CANICAPILLUS DELACOURI (MEYER DE SCHAUENSEE, 1938)	263	1	65477926943283150691566477040270959251	2012-02-28 12:55:07	2012-02-28 12:55:07
855281	Dendrocopos canicapillus obscurus (La Touche, 1921)	DENDROCOPOS CANICAPILLUS OBSCURUS (LA TOUCHE, 1921)	264	1	288486944789823124208942383900217078226	2012-02-28 12:55:07	2012-02-28 12:55:07
855285	Dendrocopos canicapillus swinhoei (Hartert, 1910)	DENDROCOPOS CANICAPILLUS SWINHOEI (HARTERT, 1910)	265	1	283398324878496062075491605989410209226	2012-02-28 12:55:07	2012-02-28 12:55:07
855289	Dendrocopos minor buturlini (Hartert, 1912)	DENDROCOPOS MINOR BUTURLINI (HARTERT, 1912)	266	1	89449505017112660926527045116384923993	2012-02-28 12:55:07	2012-02-28 12:55:07
855293	Dendrocopos minor hortorum (C. L. Brehm, 1831)	DENDROCOPOS MINOR HORTORUM (C. L. BREHM, 1831)	267	1	190789543521658889253342127934267990635	2012-02-28 12:55:07	2012-02-28 12:55:07
855297	Dendrocopos minor ledouci (Malherbe, 1855)	DENDROCOPOS MINOR LEDOUCI (MALHERBE, 1855)	268	1	105184219678571944597814952805534112067	2012-02-28 12:55:07	2012-02-28 12:55:07
855301	Dendrocopos macei analis (Bonaparte, 1850)	DENDROCOPOS MACEI ANALIS (BONAPARTE, 1850)	269	1	184937720415849959832098155308337074928	2012-02-28 12:55:07	2012-02-28 12:55:07
855305	Dendrocopos macei westermani (Blyth, 1870)	DENDROCOPOS MACEI WESTERMANI (BLYTH, 1870)	270	1	156734801389546700757608143427366741584	2012-02-28 12:55:07	2012-02-28 12:55:07
855309	Dendrocopos auriceps incognitus (Scully, 1879)	DENDROCOPOS AURICEPS INCOGNITUS (SCULLY, 1879)	271	1	119341577108883164535002898634880650106	2012-02-28 12:55:07	2012-02-28 12:55:07
857931	Amazona mercenaria mercenaria (Tschudi, 1844)	AMAZONA MERCENARIA MERCENARIA (TSCHUDI, 1844)	272	1	181705745481951699386727707099863425838	2012-02-28 12:55:07	2012-02-28 12:55:07
857935	Deroptyus accipitrinus accipitrinus (Linnaeus, 1758)	DEROPTYUS ACCIPITRINUS ACCIPITRINUS (LINNAEUS, 1758)	273	1	9252500667194609061993398111398033878	2012-02-28 12:55:07	2012-02-28 12:55:07
857939	Cyclopsitta gulielmitertii gulielmitertii (Schlegel, 1866)	CYCLOPSITTA GULIELMITERTII GULIELMITERTII (SCHLEGEL, 1866)	274	1	16056294317551970231341484885932191358	2012-02-28 12:55:07	2012-02-28 12:55:07
857943	Cyclopsitta gulielmitertii suavissima (Salvadori, 1876)	CYCLOPSITTA GULIELMITERTII SUAVISSIMA (SALVADORI, 1876)	275	1	80357757456831264878180462237713950783	2012-02-28 12:55:07	2012-02-28 12:55:07
857947	Cyclopsitta diophthalma diophthalma (Hombron & Jacquinot, 1841)	CYCLOPSITTA DIOPHTHALMA DIOPHTHALMA (HOMBRON & JACQUINOT, 1841)	276	1	127224329644344666223428037611186770441	2012-02-28 12:55:07	2012-02-28 12:55:07
857951	Cyclopsitta diophthalma virago (Hartert, 1895)	CYCLOPSITTA DIOPHTHALMA VIRAGO (HARTERT, 1895)	277	1	133325370377789659074518579004461342466	2012-02-28 12:55:07	2012-02-28 12:55:07
857955	Psittaculirostris desmarestii godmani (Ogilvie-Grant, 1911)	PSITTACULIROSTRIS DESMARESTII GODMANI (OGILVIE-GRANT, 1911)	278	1	272758010398790161500711397556058213810	2012-02-28 12:55:07	2012-02-28 12:55:07
857959	Bolbopsittacus lunulatus intermedius Salvadori, 1891	BOLBOPSITTACUS LUNULATUS INTERMEDIUS SALVADORI, 1891	279	1	194153625314537755422384846467042027769	2012-02-28 12:55:07	2012-02-28 12:55:07
857963	Psophia crepitans napensis P. L. Sclater & Salvin, 1873	PSOPHIA CREPITANS NAPENSIS P. L. SCLATER & SALVIN, 1873	280	1	155765785143306204868675787328375231344	2012-02-28 12:55:07	2012-02-28 12:55:07
857967	Psophia viridis obscura Pelzeln, 1857	PSOPHIA VIRIDIS OBSCURA PELZELN, 1857	281	1	331366432038321894209662313952790316244	2012-02-28 12:55:07	2012-02-28 12:55:07
858007	Phainopepla nitens lepida	PHAINOPEPLA NITENS LEPIDA	282	1	276979458669504011285475171853470356461	2012-02-28 12:55:07	2012-02-28 12:55:07
858011	Ailuroedus buccoides stonii Sharpe, 1876	AILUROEDUS BUCCOIDES STONII SHARPE, 1876	283	1	335642280788559990219043772786294618313	2012-02-28 12:55:07	2012-02-28 12:55:07
858015	Ailuroedus crassirostris facialis Mayr, 1936	AILUROEDUS CRASSIROSTRIS FACIALIS MAYR, 1936	284	1	34443462200288055181954428673823020331	2012-02-28 12:55:07	2012-02-28 12:55:07
858019	Ailuroedus crassirostris maculosus E. P. Ramsay, 1875	AILUROEDUS CRASSIROSTRIS MACULOSUS E. P. RAMSAY, 1875	285	1	168612199132177118224624297782555179750	2012-02-28 12:55:07	2012-02-28 12:55:07
858023	Archboldia papuensis papuensis Rand, 1940	ARCHBOLDIA PAPUENSIS PAPUENSIS RAND, 1940	286	1	33115499484068603083672328265107965444	2012-02-28 12:55:07	2012-02-28 12:55:07
858027	Amblyornis macgregoriae kombok Schodde & McKean, 1973	AMBLYORNIS MACGREGORIAE KOMBOK SCHODDE & MCKEAN, 1973	287	1	109320551805862495250334913412474591195	2012-02-28 12:55:07	2012-02-28 12:55:07
858031	Amblyornis macgregoriae nubicola Schodde & McKean, 1973	AMBLYORNIS MACGREGORIAE NUBICOLA SCHODDE & MCKEAN, 1973	288	1	216577581360814042323959336749205387891	2012-02-28 12:55:07	2012-02-28 12:55:07
858035	Ptilonorhynchus violaceus violaceus (Vieillot, 1816)	PTILONORHYNCHUS VIOLACEUS VIOLACEUS (VIEILLOT, 1816)	289	1	197546947581290039160182974951766172616	2012-02-28 12:55:07	2012-02-28 12:55:07
858039	Chlamydera nuchalis orientalis (Gould, 1879)	CHLAMYDERA NUCHALIS ORIENTALIS (GOULD, 1879)	290	1	315716386312611573379169407990018097404	2012-02-28 12:55:07	2012-02-28 12:55:07
860677	Cardinalis cardinalis magnirostris Bangs, 1903	CARDINALIS CARDINALIS MAGNIROSTRIS BANGS, 1903	291	1	170998358750128138768155484213350781610	2012-02-28 12:55:07	2012-02-28 12:55:07
860681	Cardinalis cardinalis igneus S. F. Baird, 1860	CARDINALIS CARDINALIS IGNEUS S. F. BAIRD, 1860	292	1	308864777968474181730407449904823145186	2012-02-28 12:55:07	2012-02-28 12:55:07
860685	Passerina versicolor dickeyae Van Rossem, 1934	PASSERINA VERSICOLOR DICKEYAE VAN ROSSEM, 1934	293	1	64722465079436673915598984944333847397	2012-02-28 12:55:07	2012-02-28 12:55:07
860689	Passerina caerulea caerulea (Linnaeus, 1758)	PASSERINA CAERULEA CAERULEA (LINNAEUS, 1758)	294	1	33541462008141206271677241556739851119	2012-02-28 12:55:07	2012-02-28 12:55:07
860693	Cardinalis sinuatus fulvescens (Van Rossem, 1934)	CARDINALIS SINUATUS FULVESCENS (VAN ROSSEM, 1934)	295	1	8772428319537224341494103408545178908	2012-02-28 12:55:07	2012-02-28 12:55:07
860697	Pheucticus chrysopeplus dilutus Van Rossem, 1934	PHEUCTICUS CHRYSOPEPLUS DILUTUS VAN ROSSEM, 1934	296	1	292563035977684252398065637334519371323	2012-02-28 12:55:07	2012-02-28 12:55:07
860701	Pheucticus aureoventris crissalis P. L. Sclater & Salvin, 1877	PHEUCTICUS AUREOVENTRIS CRISSALIS P. L. SCLATER & SALVIN, 1877	297	1	167404913555298340860589657493939398098	2012-02-28 12:55:07	2012-02-28 12:55:07
860705	Cardinalis cardinalis affinis Nelson, 1899	CARDINALIS CARDINALIS AFFINIS NELSON, 1899	298	1	236609502292259635871876382773773744329	2012-02-28 12:55:07	2012-02-28 12:55:07
860709	Cardinalis cardinalis flammiger J. L. Peters, 1913	CARDINALIS CARDINALIS FLAMMIGER J. L. PETERS, 1913	299	1	85428215962436222248527158490295449781	2012-02-28 12:55:07	2012-02-28 12:55:07
860713	Cardinalis cardinalis saturatus Ridgway, 1885	CARDINALIS CARDINALIS SATURATUS RIDGWAY, 1885	300	1	76980762835560542541601516362995834013	2012-02-28 12:55:07	2012-02-28 12:55:07
860717	Caryothraustes poliogaster poliogaster (Du Bus de Gisignies, 1847)	CARYOTHRAUSTES POLIOGASTER POLIOGASTER (DU BUS DE GISIGNIES, 1847)	301	1	333220371190003493461250918035957676973	2012-02-28 12:55:07	2012-02-28 12:55:07
860721	Caryothraustes canadensis canadensis (Linnaeus, 1766)	CARYOTHRAUSTES CANADENSIS CANADENSIS (LINNAEUS, 1766)	302	1	23235926322780229363221962281186172249	2012-02-28 12:55:07	2012-02-28 12:55:07
860725	Saltator atriceps atriceps (Lesson, 1832)	SALTATOR ATRICEPS ATRICEPS (LESSON, 1832)	303	1	281324793363292661634782610610976179034	2012-02-28 12:55:07	2012-02-28 12:55:07
860729	Saltator atriceps raptor (Cabot, 1845)	SALTATOR ATRICEPS RAPTOR (CABOT, 1845)	304	1	127000460776200596125118496291915109062	2012-02-28 12:55:07	2012-02-28 12:55:07
860733	Saltator maximus iungens Griscom, 1929	SALTATOR MAXIMUS IUNGENS GRISCOM, 1929	305	1	334098434222396482565513362385048730106	2012-02-28 12:55:07	2012-02-28 12:55:07
860737	Saltator atripennis caniceps Chapman, 1914	SALTATOR ATRIPENNIS CANICEPS CHAPMAN, 1914	306	1	270657383575457070003399517187356638337	2012-02-28 12:55:07	2012-02-28 12:55:07
860741	Saltator coerulescens brevicaudus Van Rossem, 1931	SALTATOR COERULESCENS BREVICAUDUS VAN ROSSEM, 1931	307	1	55017174464593627065458845068276009636	2012-02-28 12:55:07	2012-02-28 12:55:07
860745	Saltator coerulescens hesperis Griscom, 1930	SALTATOR COERULESCENS HESPERIS GRISCOM, 1930	308	1	52408481655595200883454749338920309343	2012-02-28 12:55:07	2012-02-28 12:55:07
860749	Saltator coerulescens plumbiceps Baird, 1867	SALTATOR COERULESCENS PLUMBICEPS BAIRD, 1867	309	1	336343173573250156570029813113999561524	2012-02-28 12:55:07	2012-02-28 12:55:07
860753	Saltator orenocensis orenocensis Lafresnaye, 1846	SALTATOR ORENOCENSIS ORENOCENSIS LAFRESNAYE, 1846	310	1	18676822302941642745144507545969632967	2012-02-28 12:55:07	2012-02-28 12:55:07
860757	Saltator aurantiirostris hellmayri Bond & Meyer de Schauensee, 1939	SALTATOR AURANTIIROSTRIS HELLMAYRI BOND & MEYER DE SCHAUENSEE, 1939	311	1	24525162346406932478507555218843491365	2012-02-28 12:55:07	2012-02-28 12:55:07
860761	Saltator albicollis albicollis Vieillot, 1817	SALTATOR ALBICOLLIS ALBICOLLIS VIEILLOT, 1817	312	1	20409109748683942071001175828182083815	2012-02-28 12:55:07	2012-02-28 12:55:07
860765	Saltator striatipectus immaculatus Berlepsch & Stolzmann, 1892	SALTATOR STRIATIPECTUS IMMACULATUS BERLEPSCH & STOLZMANN, 1892	313	1	145329404885990172770224170694019913417	2012-02-28 12:55:07	2012-02-28 12:55:07
860769	Saltator striatipectus peruvianus Cory, 1916	SALTATOR STRIATIPECTUS PERUVIANUS CORY, 1916	314	1	41868405884175811530406202193942997474	2012-02-28 12:55:07	2012-02-28 12:55:07
862028	Campylopterus curvipennis pampa (Lesson, 1832)	CAMPYLOPTERUS CURVIPENNIS PAMPA (LESSON, 1832)	315	1	202160518541649513480223497137542968327	2012-02-28 12:55:07	2012-02-28 12:55:07
862032	Campylopterus largipennis largipennis (Boddaert, 1783)	CAMPYLOPTERUS LARGIPENNIS LARGIPENNIS (BODDAERT, 1783)	316	1	110528687278919099465203321365959978641	2012-02-28 12:55:07	2012-02-28 12:55:07
862036	Campylopterus duidae duidae Chapman, 1929	CAMPYLOPTERUS DUIDAE DUIDAE CHAPMAN, 1929	317	1	243264292946954957464938602101785799653	2012-02-28 12:55:07	2012-02-28 12:55:07
862040	Eupetomena macroura hirundo Gould, 1875	EUPETOMENA MACROURA HIRUNDO GOULD, 1875	318	1	259724958004449975015942784492277942639	2012-02-28 12:55:07	2012-02-28 12:55:07
862044	Florisuga mellivora mellivora (Linnaeus, 1758)	FLORISUGA MELLIVORA MELLIVORA (LINNAEUS, 1758)	319	1	226461264578706085075623147260149325377	2012-02-28 12:55:07	2012-02-28 12:55:07
862048	Colibri thalassinus kerdeli Aveledo & Perez, 1991	COLIBRI THALASSINUS KERDELI AVELEDO & PEREZ, 1991	320	1	306185284241206830147395540336501838395	2012-02-28 12:55:07	2012-02-28 12:55:07
862052	Colibri coruscans rostratus W. H. Phelps & W. H. Phelps Jr, 1952	COLIBRI CORUSCANS ROSTRATUS W. H. PHELPS & W. H. PHELPS JR, 1952	321	1	272230340818024901921420224920184477868	2012-02-28 12:55:07	2012-02-28 12:55:07
862056	Anthracothorax prevostii prevostii (Lesson, 1832)	ANTHRACOTHORAX PREVOSTII PREVOSTII (LESSON, 1832)	322	1	38594437980559896579154599840057800146	2012-02-28 12:55:07	2012-02-28 12:55:07
862060	Topaza pella microrhyncha Butler, 1926	TOPAZA PELLA MICRORHYNCHA BUTLER, 1926	323	1	29306334580836543950512604233961442950	2012-02-28 12:55:07	2012-02-28 12:55:07
862064	Topaza pyra pyra (Gould, 1846)	TOPAZA PYRA PYRA (GOULD, 1846)	324	1	330048122756984539759647058933266580640	2012-02-28 12:55:07	2012-02-28 12:55:07
862068	Orthorhyncus cristatus emigrans Lawrence, 1877	ORTHORHYNCUS CRISTATUS EMIGRANS LAWRENCE, 1877	325	1	224061171738407824721268232277521401253	2012-02-28 12:55:07	2012-02-28 12:55:07
862072	Klais guimeti merrittii (Lawrence, 1860)	KLAIS GUIMETI MERRITTII (LAWRENCE, 1860)	326	1	54426564786143668691306933017201991700	2012-02-28 12:55:07	2012-02-28 12:55:07
862076	Abeillia abeillei abeillei (Lesson & Delattre, 1839)	ABEILLIA ABEILLEI ABEILLEI (LESSON & DELATTRE, 1839)	327	1	27788396052090498684919436938622157033	2012-02-28 12:55:07	2012-02-28 12:55:07
862080	Lophornis chalybeus chalybeus (Vieillot, 1822)	LOPHORNIS CHALYBEUS CHALYBEUS (VIEILLOT, 1822)	328	1	22777096936628861812101100811114278869	2012-02-28 12:55:07	2012-02-28 12:55:07
862084	Lophornis pavoninus pavoninus Salvin & Godman, 1882	LOPHORNIS PAVONINUS PAVONINUS SALVIN & GODMAN, 1882	329	1	151487521163850205396066015785820993897	2012-02-28 12:55:07	2012-02-28 12:55:07
862088	Chlorostilbon notatus obsoletus (Zimmer, 1950)	CHLOROSTILBON NOTATUS OBSOLETUS (ZIMMER, 1950)	330	1	195080129044984928746269682473925424547	2012-02-28 12:55:07	2012-02-28 12:55:07
862092	Chlorostilbon canivetii salvini (Cabanis & Heine, 1860)	CHLOROSTILBON CANIVETII SALVINI (CABANIS & HEINE, 1860)	331	1	35075210835556665354650140583028619732	2012-02-28 12:55:07	2012-02-28 12:55:07
862096	Chlorostilbon mellisugus mellisugus (Linnaeus, 1758)	CHLOROSTILBON MELLISUGUS MELLISUGUS (LINNAEUS, 1758)	332	1	174776208010891211170440356090205248016	2012-02-28 12:55:07	2012-02-28 12:55:07
862100	Chlorostilbon mellisugus subfurcatus Berlepsch, 1887	CHLOROSTILBON MELLISUGUS SUBFURCATUS BERLEPSCH, 1887	333	1	145874427634685361013835189183057894617	2012-02-28 12:55:07	2012-02-28 12:55:07
862104	Chlorostilbon stenurus ignotus Todd, 1942	CHLOROSTILBON STENURUS IGNOTUS TODD, 1942	334	1	149484189680085798656359675319917370427	2012-02-28 12:55:07	2012-02-28 12:55:07
862108	Panterpe insignis eisenmanni F. G. Stiles, 1985	PANTERPE INSIGNIS EISENMANNI F. G. STILES, 1985	335	1	218212081499454946628261818202384708115	2012-02-28 12:55:07	2012-02-28 12:55:07
862112	Eupherusa eximia nelsoni Ridgway, 1910	EUPHERUSA EXIMIA NELSONI RIDGWAY, 1910	336	1	278677883862812011946061037106795591555	2012-02-28 12:55:07	2012-02-28 12:55:07
862116	Cynanthus latirostris toroi (Berlioz, 1937)	CYNANTHUS LATIROSTRIS TOROI (BERLIOZ, 1937)	337	1	127435916639083133501303705303726235332	2012-02-28 12:55:07	2012-02-28 12:55:07
862120	Thalurania colombica venusta (Gould, 1851)	THALURANIA COLOMBICA VENUSTA (GOULD, 1851)	338	1	28133722092721900274054075095696256498	2012-02-28 12:55:07	2012-02-28 12:55:07
862124	Thalurania fannyi verticeps (Gould, 1851)	THALURANIA FANNYI VERTICEPS (GOULD, 1851)	339	1	265455596318367327462303545421088879301	2012-02-28 12:55:07	2012-02-28 12:55:07
862128	Thalurania furcata eriphile (Lesson, 1832)	THALURANIA FURCATA ERIPHILE (LESSON, 1832)	340	1	235990519329096757475267648017326381913	2012-02-28 12:55:07	2012-02-28 12:55:07
862132	Thalurania furcata jelskii Taczanowski, 1874	THALURANIA FURCATA JELSKII TACZANOWSKI, 1874	341	1	28923936719747009441075813130877297212	2012-02-28 12:55:07	2012-02-28 12:55:07
863391	Empidonax flavescens salvini Ridgway, 1886	EMPIDONAX FLAVESCENS SALVINI RIDGWAY, 1886	342	1	83693788786160972789013013321743309020	2012-02-28 12:55:07	2012-02-28 12:55:07
863395	Empidonax fulvifrons rubicundus Cabanis & Heine, 1859	EMPIDONAX FULVIFRONS RUBICUNDUS CABANIS & HEINE, 1859	343	1	268193640823915777546221937399986533476	2012-02-28 12:55:07	2012-02-28 12:55:07
863399	Pyrocephalus rubinus dubius Gould, 1839	PYROCEPHALUS RUBINUS DUBIUS GOULD, 1839	344	1	123084299820529768935566011598082091035	2012-02-28 12:55:07	2012-02-28 12:55:07
863403	Pyrocephalus rubinus pinicola T. R. Howell, 1965	PYROCEPHALUS RUBINUS PINICOLA T. R. HOWELL, 1965	345	1	58057813354225166763453881238033649529	2012-02-28 12:55:07	2012-02-28 12:55:07
863407	Knipolegus signatus signatus (Taczanowski, 1875)	KNIPOLEGUS SIGNATUS SIGNATUS (TACZANOWSKI, 1875)	346	1	213647240300221759389615380756219519496	2012-02-28 12:55:07	2012-02-28 12:55:07
863411	Knipolegus poecilurus salvini (P. L. Sclater, 1888)	KNIPOLEGUS POECILURUS SALVINI (P. L. SCLATER, 1888)	347	1	317102402519991522183627761230128433051	2012-02-28 12:55:07	2012-02-28 12:55:07
863415	Knipolegus orenocensis xinguensis Berlepsch, 1912	KNIPOLEGUS ORENOCENSIS XINGUENSIS BERLEPSCH, 1912	348	1	98881014629656696547201809704376322264	2012-02-28 12:55:07	2012-02-28 12:55:07
863419	Knipolegus aterrimus heterogyna Berlepsch, 1907	KNIPOLEGUS ATERRIMUS HETEROGYNA BERLEPSCH, 1907	349	1	78299835419641539467740208026633596581	2012-02-28 12:55:07	2012-02-28 12:55:07
863423	Hymenops perspicillatus perspicillatus (Gmelin, 1789)	HYMENOPS PERSPICILLATUS PERSPICILLATUS (GMELIN, 1789)	350	1	101182279412616061843368855946734150991	2012-02-28 12:55:07	2012-02-28 12:55:07
863427	Muscisaxicola cinereus argentina Hellmayr, 1932	MUSCISAXICOLA CINEREUS ARGENTINA HELLMAYR, 1932	351	1	88850810989812452833042722958348310234	2012-02-28 12:55:07	2012-02-28 12:55:07
863431	Muscisaxicola rufivertex occipitalis Ridgway, 1887	MUSCISAXICOLA RUFIVERTEX OCCIPITALIS RIDGWAY, 1887	352	1	309176106507955020011553435792761694541	2012-02-28 12:55:07	2012-02-28 12:55:07
863435	Muscisaxicola maclovianus mentalis Orbigny & Lafresnaye, 1837	MUSCISAXICOLA MACLOVIANUS MENTALIS ORBIGNY & LAFRESNAYE, 1837	353	1	110194696207684637915790490385743685133	2012-02-28 12:55:07	2012-02-28 12:55:07
863439	Agriornis montanus insolens P. L. Sclater & Salvin, 1869	AGRIORNIS MONTANUS INSOLENS P. L. SCLATER & SALVIN, 1869	354	1	200549160041235508941739451167616697200	2012-02-28 12:55:07	2012-02-28 12:55:07
863443	Agriornis montanus montanus (Orbigny & Lafresnaye, 1837)	AGRIORNIS MONTANUS MONTANUS (ORBIGNY & LAFRESNAYE, 1837)	355	1	68950940505504209882083279740691690838	2012-02-28 12:55:07	2012-02-28 12:55:07
863447	Agriornis lividus fortis Berlepsch, 1907	AGRIORNIS LIVIDUS FORTIS BERLEPSCH, 1907	356	1	243776593416457100401046453181851626843	2012-02-28 12:55:07	2012-02-28 12:55:07
863451	Xolmis pyrope fortis Philippi B. & A. W. Johnson, 1946	XOLMIS PYROPE FORTIS PHILIPPI B. & A. W. JOHNSON, 1946	357	1	93904869011950858233210632415921575140	2012-02-28 12:55:07	2012-02-28 12:55:07
863455	Xolmis irupero irupero (Vieillot, 1823)	XOLMIS IRUPERO IRUPERO (VIEILLOT, 1823)	358	1	320505734165906476925452951538545705720	2012-02-28 12:55:07	2012-02-28 12:55:07
863459	Myiotheretes striaticollis pallidus Berlepsch, 1906	MYIOTHERETES STRIATICOLLIS PALLIDUS BERLEPSCH, 1906	359	1	200788781297618917621159516034474926783	2012-02-28 12:55:07	2012-02-28 12:55:07
863463	Myiotheretes fumigatus lugubris (Berlepsch, 1883)	MYIOTHERETES FUMIGATUS LUGUBRIS (BERLEPSCH, 1883)	360	1	30625964556582607183878864172054068707	2012-02-28 12:55:07	2012-02-28 12:55:07
863467	Polioxolmis rufipennis bolivianus Fjeldsa, 1990	POLIOXOLMIS RUFIPENNIS BOLIVIANUS FJELDSA, 1990	361	1	181538201823739938315909256404788459014	2012-02-28 12:55:07	2012-02-28 12:55:07
863471	Fluvicola nengeta atripennis P. L. Sclater, 1860	FLUVICOLA NENGETA ATRIPENNIS P. L. SCLATER, 1860	362	1	248998952396468953673155571665363980572	2012-02-28 12:55:07	2012-02-28 12:55:07
863475	Ochthoeca frontalis spodionota Berlepsch & Stolzmann, 1896	OCHTHOECA FRONTALIS SPODIONOTA BERLEPSCH & STOLZMANN, 1896	363	1	200968022115163498991989282199384710397	2012-02-28 12:55:07	2012-02-28 12:55:07
863479	Ochthoeca diadema diadema (Hartlaub, 1843)	OCHTHOECA DIADEMA DIADEMA (HARTLAUB, 1843)	364	1	241369435159494963390564425792151891146	2012-02-28 12:55:07	2012-02-28 12:55:07
863483	Ochthoeca diadema rubellula Wetmore, 1946	OCHTHOECA DIADEMA RUBELLULA WETMORE, 1946	365	1	249854003252288736515464721792161940650	2012-02-28 12:55:07	2012-02-28 12:55:07
863487	Ochthoeca cinnamomeiventris nigrita P. L. Sclater & Salvin, 1871	OCHTHOECA CINNAMOMEIVENTRIS NIGRITA P. L. SCLATER & SALVIN, 1871	366	1	274787388180600056336392342932763212097	2012-02-28 12:55:07	2012-02-28 12:55:07
863491	Ochthoeca rufipectoralis poliogastra Salvin & Godman, 1880	OCHTHOECA RUFIPECTORALIS POLIOGASTRA SALVIN & GODMAN, 1880	367	1	175228771513360828477877089565116113253	2012-02-28 12:55:07	2012-02-28 12:55:07
863495	Ochthoeca rufipectoralis tectricialis Chapman, 1921	OCHTHOECA RUFIPECTORALIS TECTRICIALIS CHAPMAN, 1921	368	1	125108067033908064886624033343825910013	2012-02-28 12:55:07	2012-02-28 12:55:07
863499	Ochthoeca fumicolor fumicolor P. L. Sclater, 1856	OCHTHOECA FUMICOLOR FUMICOLOR P. L. SCLATER, 1856	369	1	16860954252358333219819421646348892253	2012-02-28 12:55:07	2012-02-28 12:55:07
864758	Geotrygon violacea albiventer Lawrence, 1865	GEOTRYGON VIOLACEA ALBIVENTER LAWRENCE, 1865	370	1	102659882690401553328991429958627053638	2012-02-28 12:55:07	2012-02-28 12:55:07
864762	Goura scheepmakeri scheepmakeri Finsch, 1876	GOURA SCHEEPMAKERI SCHEEPMAKERI FINSCH, 1876	371	1	249719161697812802254286961314190397028	2012-02-28 12:55:07	2012-02-28 12:55:07
864766	Gymnophaps albertisii exsul (Hartert, 1903)	GYMNOPHAPS ALBERTISII EXSUL (HARTERT, 1903)	372	1	50456637286007170205800810289652204467	2012-02-28 12:55:07	2012-02-28 12:55:07
864770	Hemiphaga novaeseelandiae spadicea (Latham, 1802)	HEMIPHAGA NOVAESEELANDIAE SPADICEA (LATHAM, 1802)	373	1	238514027510688898660927372375592314248	2012-02-28 12:55:07	2012-02-28 12:55:07
864774	Leptotila battyi malae Griscom, 1927	LEPTOTILA BATTYI MALAE GRISCOM, 1927	374	1	18061626039689805201311921764621670120	2012-02-28 12:55:07	2012-02-28 12:55:07
864778	Leptotila jamaicensis collaris (Cory, 1886)	LEPTOTILA JAMAICENSIS COLLARIS (CORY, 1886)	375	1	43692345476390694531808105299406687097	2012-02-28 12:55:07	2012-02-28 12:55:07
864782	Leptotila plumbeiceps plumbeiceps (P. L. Sclater & Salvin, 1868)	LEPTOTILA PLUMBEICEPS PLUMBEICEPS (P. L. SCLATER & SALVIN, 1868)	376	1	143611207737999240238567553239886336875	2012-02-28 12:55:07	2012-02-28 12:55:07
864786	Leptotila rufaxilla reichenbachii (Pelzeln, 1870)	LEPTOTILA RUFAXILLA REICHENBACHII (PELZELN, 1870)	377	1	177832336878141383199739514487428198082	2012-02-28 12:55:07	2012-02-28 12:55:07
864790	Leptotila verreauxi approximans (Cory, 1917)	LEPTOTILA VERREAUXI APPROXIMANS (CORY, 1917)	378	1	223649458346926288486274998184124103785	2012-02-28 12:55:07	2012-02-28 12:55:07
864794	Leptotila verreauxi decolor (Salvin, 1895)	LEPTOTILA VERREAUXI DECOLOR (SALVIN, 1895)	379	1	68704524180263145782384786339101265648	2012-02-28 12:55:07	2012-02-28 12:55:07
864798	Leptotila verreauxi capitalis Nelson, 1898	LEPTOTILA VERREAUXI CAPITALIS NELSON, 1898	380	1	92060841372462122761878695324157474144	2012-02-28 12:55:07	2012-02-28 12:55:07
864802	Macropygia amboinensis phasianella (Temminck, 1821)	MACROPYGIA AMBOINENSIS PHASIANELLA (TEMMINCK, 1821)	381	1	189255247906383407775783589865304372527	2012-02-28 12:55:07	2012-02-28 12:55:07
864806	Macropygia amboinensis albiceps Bonaparte, 1856	MACROPYGIA AMBOINENSIS ALBICEPS BONAPARTE, 1856	382	1	39092250984791291731523176936033066092	2012-02-28 12:55:07	2012-02-28 12:55:07
864810	Macropygia amboinensis hueskeri Neumann, 1922	MACROPYGIA AMBOINENSIS HUESKERI NEUMANN, 1922	383	1	257992112896240823010513572512294489311	2012-02-28 12:55:07	2012-02-28 12:55:07
864814	Macropygia amboinensis keyensis Salvadori, 1876	MACROPYGIA AMBOINENSIS KEYENSIS SALVADORI, 1876	384	1	276566666244664475279773541442602138217	2012-02-28 12:55:07	2012-02-28 12:55:07
864818	Macropygia amboinensis quinkan Schodde, 1989	MACROPYGIA AMBOINENSIS QUINKAN SCHODDE, 1989	385	1	303150332561597563230493730667271263615	2012-02-28 12:55:07	2012-02-28 12:55:07
864822	Macropygia emiliana elassa Oberholser, 1912	MACROPYGIA EMILIANA ELASSA OBERHOLSER, 1912	386	1	1759188730774367609447186480308591252	2012-02-28 12:55:07	2012-02-28 12:55:07
864826	Macropygia emiliana megala Siebers, 1929	MACROPYGIA EMILIANA MEGALA SIEBERS, 1929	387	1	138742740467885569322841768531992872744	2012-02-28 12:55:07	2012-02-28 12:55:07
864830	Macropygia mackinlayi arossi Tristram, 1879	MACROPYGIA MACKINLAYI AROSSI TRISTRAM, 1879	388	1	48915685111916775424827643519729971733	2012-02-28 12:55:07	2012-02-28 12:55:07
864834	Macropygia magna macassariensis Wallace, 1865	MACROPYGIA MAGNA MACASSARIENSIS WALLACE, 1865	389	1	199935410314028896234635929922160211721	2012-02-28 12:55:07	2012-02-28 12:55:07
864838	Macropygia ruficeps orientalis Hartert, 1896	MACROPYGIA RUFICEPS ORIENTALIS HARTERT, 1896	390	1	229773107586189984265031811843258947834	2012-02-28 12:55:07	2012-02-28 12:55:07
864842	Macropygia ruficeps nana Stresemann, 1913	MACROPYGIA RUFICEPS NANA STRESEMANN, 1913	391	1	255738380305243331563325801825467604547	2012-02-28 12:55:07	2012-02-28 12:55:07
864846	Macropygia unchall unchall (Wagler, 1827)	MACROPYGIA UNCHALL UNCHALL (WAGLER, 1827)	392	1	174030149256463570079839910353137029807	2012-02-28 12:55:07	2012-02-28 12:55:07
864850	Metriopelia ceciliae zimmeri J. L. Peters, 1937	METRIOPELIA CECILIAE ZIMMERI J. L. PETERS, 1937	393	1	197961853484345134906913731333270789865	2012-02-28 12:55:07	2012-02-28 12:55:07
864854	Ocyphaps lophotes whitlocki Mathews, 1912	OCYPHAPS LOPHOTES WHITLOCKI MATHEWS, 1912	394	1	290724981419566149123396564942457981453	2012-02-28 12:55:07	2012-02-28 12:55:07
864858	Otidiphaps nobilis nobilis Gould, 1870	OTIDIPHAPS NOBILIS NOBILIS GOULD, 1870	395	1	14937648678904746543445466960329626859	2012-02-28 12:55:07	2012-02-28 12:55:07
864862	Patagioenas cayennensis pallidicrissa (Chubb, 1910)	PATAGIOENAS CAYENNENSIS PALLIDICRISSA (CHUBB, 1910)	396	1	218564625085067949187510990115834768880	2012-02-28 12:55:07	2012-02-28 12:55:07
864866	Patagioenas cayennensis sylvestris (Vieillot, 1818)	PATAGIOENAS CAYENNENSIS SYLVESTRIS (VIEILLOT, 1818)	397	1	301535129808052201654772658695494868119	2012-02-28 12:55:07	2012-02-28 12:55:07
866161	Arremonops rufivirgatus rufivirgatus (Lawrence, 1851)	ARREMONOPS RUFIVIRGATUS RUFIVIRGATUS (LAWRENCE, 1851)	398	1	187974250118376093659584125712013272702	2012-02-28 12:55:07	2012-02-28 12:55:07
866165	Pipilo erythrophthalmus canaster A. H. Howell, 1913	PIPILO ERYTHROPHTHALMUS CANASTER A. H. HOWELL, 1913	399	1	73082201385786220386714856191716340248	2012-02-28 12:55:07	2012-02-28 12:55:07
866169	Pipilo fuscus fuscus Swainson, 1827	PIPILO FUSCUS FUSCUS SWAINSON, 1827	400	1	157727291532483106323623766704788374567	2012-02-28 12:55:07	2012-02-28 12:55:07
866173	Passerculus sandwichensis sandwichensis (Gmelin, 1789)	PASSERCULUS SANDWICHENSIS SANDWICHENSIS (GMELIN, 1789)	401	1	16773717736498411511230191628564046590	2012-02-28 12:55:07	2012-02-28 12:55:07
866177	Passerculus sandwichensis rostratus (Cassin, 1852)	PASSERCULUS SANDWICHENSIS ROSTRATUS (CASSIN, 1852)	402	1	107230308353147175363626090119157024246	2012-02-28 12:55:07	2012-02-28 12:55:07
866181	Ammodramus savannarum ammolegus Oberholser, 1942	AMMODRAMUS SAVANNARUM AMMOLEGUS OBERHOLSER, 1942	403	1	157406900765417102106116836070910803826	2012-02-28 12:55:07	2012-02-28 12:55:07
866185	Pooecetes gramineus gramineus (Gmelin, 1789)	POOECETES GRAMINEUS GRAMINEUS (GMELIN, 1789)	404	1	158712516071869585654765565211441868530	2012-02-28 12:55:07	2012-02-28 12:55:07
866189	Chondestes grammacus strigatus Swainson, 1827	CHONDESTES GRAMMACUS STRIGATUS SWAINSON, 1827	405	1	33036339905612231817189752555931704789	2012-02-28 12:55:07	2012-02-28 12:55:07
866193	Aimophila ruficeps ruficeps (Cassin, 1852)	AIMOPHILA RUFICEPS RUFICEPS (CASSIN, 1852)	406	1	203671786131918181920268701715961748148	2012-02-28 12:55:07	2012-02-28 12:55:07
866197	Aimophila ruficeps sororia Ridgway, 1898	AIMOPHILA RUFICEPS SORORIA RIDGWAY, 1898	407	1	125970687534176684898497946253173461821	2012-02-28 12:55:07	2012-02-28 12:55:07
866201	Aimophila botterii botterii (P. L. Sclater, 1858)	AIMOPHILA BOTTERII BOTTERII (P. L. SCLATER, 1858)	408	1	225380739199277251654120343821743006496	2012-02-28 12:55:07	2012-02-28 12:55:07
866205	Amphispiza bilineata deserticola Ridgway, 1898	AMPHISPIZA BILINEATA DESERTICOLA RIDGWAY, 1898	409	1	136516974523208071218982190669925932138	2012-02-28 12:55:07	2012-02-28 12:55:07
866209	Amphispiza belli canescens Grinnell, 1905	AMPHISPIZA BELLI CANESCENS GRINNELL, 1905	410	1	320829037407716753490201706128892463931	2012-02-28 12:55:07	2012-02-28 12:55:07
866213	Junco hyemalis aikeni Ridgway, 1873	JUNCO HYEMALIS AIKENI RIDGWAY, 1873	411	1	163169957138636182187284948074580196817	2012-02-28 12:55:07	2012-02-28 12:55:07
866217	Junco hyemalis montanus Ridgway, 1898	JUNCO HYEMALIS MONTANUS RIDGWAY, 1898	412	1	36867753335651755634768615132729477861	2012-02-28 12:55:07	2012-02-28 12:55:07
866221	Junco hyemalis thurberi Anthony, 1890	JUNCO HYEMALIS THURBERI ANTHONY, 1890	413	1	118276770339908583463060940249053115561	2012-02-28 12:55:07	2012-02-28 12:55:07
866225	Junco hyemalis insularis Ridgway, 1876	JUNCO HYEMALIS INSULARIS RIDGWAY, 1876	414	1	163519240317849359732324106614373394010	2012-02-28 12:55:07	2012-02-28 12:55:07
866229	Spizella arborea arborea (A. Wilson, 1810)	SPIZELLA ARBOREA ARBOREA (A. WILSON, 1810)	415	1	337177080251995942675701864124492315746	2012-02-28 12:55:07	2012-02-28 12:55:07
872948	Lepidocolaptes albolineatus layardi (P. L. Sclater, 1873)	LEPIDOCOLAPTES ALBOLINEATUS LAYARDI (P. L. SCLATER, 1873)	416	1	174478454068345491880510006553617850730	2012-02-28 12:55:07	2012-02-28 12:55:07
872952	Campylorhamphus trochilirostris guttistriatus Pinto & Camargo, 1955	CAMPYLORHAMPHUS TROCHILIROSTRIS GUTTISTRIATUS PINTO & CAMARGO, 1955	417	1	202728844976983899708803677363090659930	2012-02-28 12:55:07	2012-02-28 12:55:07
872956	Campylorhamphus trochilirostris napensis Chapman, 1925	CAMPYLORHAMPHUS TROCHILIROSTRIS NAPENSIS CHAPMAN, 1925	418	1	303847099878159941134748990627442135309	2012-02-28 12:55:07	2012-02-28 12:55:07
872960	Campylorhamphus trochilirostris thoracicus (P. L. Sclater, 1860)	CAMPYLORHAMPHUS TROCHILIROSTRIS THORACICUS (P. L. SCLATER, 1860)	419	1	52700555513563528350961847569413906280	2012-02-28 12:55:07	2012-02-28 12:55:07
872964	Campylorhamphus pusillus borealis Carriker, 1910	CAMPYLORHAMPHUS PUSILLUS BOREALIS CARRIKER, 1910	420	1	237099483229055350336453187500162928645	2012-02-28 12:55:07	2012-02-28 12:55:07
872968	Campylorhamphus pusillus tachirensis W. H. Phelps & W. H. Phelps Jr, 1956	CAMPYLORHAMPHUS PUSILLUS TACHIRENSIS W. H. PHELPS & W. H. PHELPS JR, 1956	421	1	51831633927009883595512238524115518510	2012-02-28 12:55:07	2012-02-28 12:55:07
872972	Campylorhamphus procurvoides sanus Zimmer, 1934	CAMPYLORHAMPHUS PROCURVOIDES SANUS ZIMMER, 1934	422	1	65233162058910302483797507037114043860	2012-02-28 12:55:07	2012-02-28 12:55:07
872976	Brachygalba lugubris naumburgi Chapman, 1931	BRACHYGALBA LUGUBRIS NAUMBURGI CHAPMAN, 1931	423	1	201155383387868659568715691486845445445	2012-02-28 12:55:07	2012-02-28 12:55:07
872980	Brachygalba lugubris obscuriceps Zimmer & Phelps, 1947	BRACHYGALBA LUGUBRIS OBSCURICEPS ZIMMER & PHELPS, 1947	424	1	331236197983982174595028666718424160164	2012-02-28 12:55:07	2012-02-28 12:55:07
872984	Galbula dea amazonum (P. L. Sclater, 1855)	GALBULA DEA AMAZONUM (P. L. SCLATER, 1855)	425	1	179646839727400035304605877570157284215	2012-02-28 12:55:07	2012-02-28 12:55:07
872988	Galbula leucogastra leucogastra Vieillot, 1817	GALBULA LEUCOGASTRA LEUCOGASTRA VIEILLOT, 1817	426	1	263124659447222541270264436916554954070	2012-02-28 12:55:07	2012-02-28 12:55:07
872992	Galbula ruficauda ruficauda Cuvier, 1816	GALBULA RUFICAUDA RUFICAUDA CUVIER, 1816	427	1	125152293315013834044293291345883593522	2012-02-28 12:55:07	2012-02-28 12:55:07
872996	Galbula tombacea mentalis Todd, 1943	GALBULA TOMBACEA MENTALIS TODD, 1943	428	1	249218750737731835969802786211507582220	2012-02-28 12:55:07	2012-02-28 12:55:07
873000	Jacamerops aureus ridgwayi Todd, 1943	JACAMEROPS AUREUS RIDGWAYI TODD, 1943	429	1	151864363136637601775351266862521785673	2012-02-28 12:55:07	2012-02-28 12:55:07
1899660	Halcyon sancta Vigors & Horsfield, 1827	HALCYON SANCTA VIGORS & HORSFIELD, 1827	430	1	64455777350495392138149058644814234742	2012-02-28 12:55:07	2012-02-28 12:55:07
1899664	Ramphastos culminatus Gould, 1833	RAMPHASTOS CULMINATUS GOULD, 1833	431	1	193220497627724973855868290768167939875	2012-02-28 12:55:07	2012-02-28 12:55:07
1899668	Bucco noanamae Hellmayr, 1909	BUCCO NOANAMAE HELLMAYR, 1909	432	1	328935391475686517651133768531389294447	2012-02-28 12:55:07	2012-02-28 12:55:07
1899672	Tockus albocristatus (Cassin, 1848)	TOCKUS ALBOCRISTATUS (CASSIN, 1848)	433	1	191489576329341339209553082226031983635	2012-02-28 12:55:07	2012-02-28 12:55:07
1899676	Aceros undulatus (Shaw, 1811)	ACEROS UNDULATUS (SHAW, 1811)	434	1	122333387981588250701217124355350157391	2012-02-28 12:55:07	2012-02-28 12:55:07
1899680	Saxicola torquata (Linnaeus, 1766)	SAXICOLA TORQUATA (LINNAEUS, 1766)	435	1	215007056869598737163794500431939864671	2012-02-28 12:55:07	2012-02-28 12:55:07
1899684	Ceratogymna fistulator (Cassin, 1850)	CERATOGYMNA FISTULATOR (CASSIN, 1850)	436	1	218677665576331864050562820440037469169	2012-02-28 12:55:07	2012-02-28 12:55:07
1899688	Ceratogymna albotibialis (Cabanis & Reichenow, 1877)	CERATOGYMNA ALBOTIBIALIS (CABANIS & REICHENOW, 1877)	437	1	103634218586927831788836947159454040457	2012-02-28 12:55:07	2012-02-28 12:55:07
1899692	Coracias spatulata Trimen, 1880	CORACIAS SPATULATA TRIMEN, 1880	438	1	239177292659044654055314732865049183630	2012-02-28 12:55:07	2012-02-28 12:55:07
1899696	Alcedo thomensis (Salvadori, 1902)	ALCEDO THOMENSIS (SALVADORI, 1902)	439	1	94758191970307466524398667438765706514	2012-02-28 12:55:07	2012-02-28 12:55:07
1899700	Ispidina madagascariensis (Linnaeus, 1766)	ISPIDINA MADAGASCARIENSIS (LINNAEUS, 1766)	440	1	35789015244154444179156703377366882771	2012-02-28 12:55:07	2012-02-28 12:55:07
1899704	Todirhamphus nigrocyaneus (Wallace, 1862)	TODIRHAMPHUS NIGROCYANEUS (WALLACE, 1862)	441	1	10827201393527827695114992190466570225	2012-02-28 12:55:07	2012-02-28 12:55:07
1899708	Todirhamphus macleayii (Jardine & Selby, 1830)	TODIRHAMPHUS MACLEAYII (JARDINE & SELBY, 1830)	442	1	69444783753458525649521243004759336823	2012-02-28 12:55:07	2012-02-28 12:55:07
1899712	Todirhamphus pyrrhopygia (Gould, 1841)	TODIRHAMPHUS PYRRHOPYGIA (GOULD, 1841)	443	1	291921524655518218320312589360163163063	2012-02-28 12:55:07	2012-02-28 12:55:07
1899716	Todirhamphus chloris (Boddaert, 1783)	TODIRHAMPHUS CHLORIS (BODDAERT, 1783)	444	1	36952231816704796824355814384976739750	2012-02-28 12:55:07	2012-02-28 12:55:07
1899720	Todirhamphus sanctus (Vigors & Horsfield, 1827)	TODIRHAMPHUS SANCTUS (VIGORS & HORSFIELD, 1827)	445	1	272502589539550132144631119796555368511	2012-02-28 12:55:07	2012-02-28 12:55:07
1899724	Todirhamphus godeffroyi (Finsch, 1877)	TODIRHAMPHUS GODEFFROYI (FINSCH, 1877)	446	1	305605360125824745679101460402708653717	2012-02-28 12:55:07	2012-02-28 12:55:07
1899728	Oxylophus levaillantii (Swainson, 1829)	OXYLOPHUS LEVAILLANTII (SWAINSON, 1829)	447	1	55002028592121667426906313970326777719	2012-02-28 12:55:07	2012-02-28 12:55:07
1899732	Chrysococcyx rufomerus Hartert, 1900	CHRYSOCOCCYX RUFOMERUS HARTERT, 1900	448	1	175486282585573413469273710872612077482	2012-02-28 12:55:07	2012-02-28 12:55:07
1899736	Eudynamys taitensis (Sparrman, 1787)	EUDYNAMYS TAITENSIS (SPARRMAN, 1787)	449	1	181151136076794004964695893923101277697	2012-02-28 12:55:07	2012-02-28 12:55:07
1899740	Phaenicophaeus viridirostris (Jerdon, 1840)	PHAENICOPHAEUS VIRIDIROSTRIS (JERDON, 1840)	450	1	197840597324903198410151541961466516738	2012-02-28 12:55:07	2012-02-28 12:55:07
1899748	Phaenicophaeus cumingi Fraser, 1839	PHAENICOPHAEUS CUMINGI FRASER, 1839	451	1	295564651580408341772312702114814596668	2012-02-28 12:55:07	2012-02-28 12:55:07
1899752	Lorius albidinuchus (Rothschild & Hartert, 1924)	LORIUS ALBIDINUCHUS (ROTHSCHILD & HARTERT, 1924)	452	1	23105937705731829253416430917676073676	2012-02-28 12:55:07	2012-02-28 12:55:07
1899756	Prioniturus waterstradti Rothschild, 1904	PRIONITURUS WATERSTRADTI ROTHSCHILD, 1904	453	1	190048384572593600215602393660542485247	2012-02-28 12:55:07	2012-02-28 12:55:07
1899760	Platycercus barnardi (Vigors & Horsfield, 1827)	PLATYCERCUS BARNARDI (VIGORS & HORSFIELD, 1827)	454	1	258586251403479480047256563706448695804	2012-02-28 12:55:07	2012-02-28 12:55:07
1899764	Aratinga leucophthalmus (Statius Muller, 1776)	ARATINGA LEUCOPHTHALMUS (STATIUS MULLER, 1776)	455	1	45345918138880178255101532519802510045	2012-02-28 12:55:07	2012-02-28 12:55:07
1899768	Aerodramus vulcanorum (Stresemann, 1926)	AERODRAMUS VULCANORUM (STRESEMANN, 1926)	456	1	47547419971294399169478211438102791198	2012-02-28 12:55:07	2012-02-28 12:55:07
1902390	Tachymarptis melba melba (Linnaeus, 1758)	TACHYMARPTIS MELBA MELBA (LINNAEUS, 1758)	457	1	258978373109903305574193760894974078376	2012-02-28 12:55:07	2012-02-28 12:55:07
1902394	Campylopterus cuvierii berlepschi (Hellmayr, 1915)	CAMPYLOPTERUS CUVIERII BERLEPSCHI (HELLMAYR, 1915)	458	1	49455094628777732354529262296213668521	2012-02-28 12:55:07	2012-02-28 12:55:07
1902398	Campylopterus cuvierii roberti (Salvin, 1861)	CAMPYLOPTERUS CUVIERII ROBERTI (SALVIN, 1861)	459	1	78035814628026375599256826303701600737	2012-02-28 12:55:07	2012-02-28 12:55:07
1903757	Trichoglossus rubrigularis P. L. Sclater, 1881	TRICHOGLOSSUS RUBRIGULARIS P. L. SCLATER, 1881	460	1	235143305032817379444505208508166974457	2012-02-28 12:55:07	2012-02-28 12:55:07
1903761	Branta minima Ridgway, 1885	BRANTA MINIMA RIDGWAY, 1885	461	1	71304489527537418347507821413898542521	2012-02-28 12:55:07	2012-02-28 12:55:07
1903765	Anas carolinensis Gmelin, 1789	ANAS CAROLINENSIS GMELIN, 1789	462	1	322617109462658830995514348015205330359	2012-02-28 12:55:07	2012-02-28 12:55:07
1903769	Melanitta americana (Swainson, 1832)	MELANITTA AMERICANA (SWAINSON, 1832)	463	1	64449479056952284394069225130211046338	2012-02-28 12:55:07	2012-02-28 12:55:07
1903773	Aratinga brevipes (Lawrence, 1871)	ARATINGA BREVIPES (LAWRENCE, 1871)	464	1	320822632689798312682018229051600046465	2012-02-28 12:55:07	2012-02-28 12:55:07
1903781	Trichoglossus moluccanus (Gmelin, 1788)	TRICHOGLOSSUS MOLUCCANUS (GMELIN, 1788)	465	1	220893567922098592626074564916301353635	2012-02-28 12:55:07	2012-02-28 12:55:07
1903785	Somateria faeroeensis C. L. Brehm, 1831	SOMATERIA FAEROEENSIS C. L. BREHM, 1831	466	1	263344949302025329970356636742447502330	2012-02-28 12:55:07	2012-02-28 12:55:07
1903789	Fuligula fischeri Brandt, 1847	FULIGULA FISCHERI BRANDT, 1847	467	1	138900439310030132262033117008803082343	2012-02-28 12:55:07	2012-02-28 12:55:07
1903845	Forpus sclateri sclateri (G. R. Gray, 1859)	FORPUS SCLATERI SCLATERI (G. R. GRAY, 1859)	468	1	225563401451705608699849079228153487823	2012-02-28 12:55:07	2012-02-28 12:55:07
1905128	Melospiza melodia inexspectata Riley, 1911	MELOSPIZA MELODIA INEXSPECTATA RILEY, 1911	469	1	284749785937727995896897674948046249586	2012-02-28 12:55:07	2012-02-28 12:55:07
1905132	Basileuterus culicivorus auricapillus (Swainson, 1838)	BASILEUTERUS CULICIVORUS AURICAPILLUS (SWAINSON, 1838)	470	1	71964956588284658570076142574505676970	2012-02-28 12:55:07	2012-02-28 12:55:07
4916986	Crypturellus Brabourne & Chubb, 1914	CRYPTURELLUS BRABOURNE & CHUBB, 1914	471	1	330924953427856286402369420505070550771	2012-02-28 12:55:07	2012-02-28 12:55:07
4919716	Cnemotriccus Hellmayr, 1927	CNEMOTRICCUS HELLMAYR, 1927	472	1	264118038466191449277316708727625647810	2012-02-28 12:55:07	2012-02-28 12:55:07
4921091	Egretta sacra (Gmelin, 1789)	EGRETTA SACRA (GMELIN, 1789)	473	1	85918546687194398675336746644254358878	2012-02-28 12:55:07	2012-02-28 12:55:07
4921183	Casmerodius Gloger, 1842	CASMERODIUS GLOGER, 1842	474	1	215291717391536332352335143545458613140	2012-02-28 12:55:07	2012-02-28 12:55:07
4927942	Phoenicopterus roseus Pallas, 1811	PHOENICOPTERUS ROSEUS PALLAS, 1811	475	1	294117458901709915185443733321805379456	2012-02-28 12:55:07	2012-02-28 12:55:07
4927954	Aulacorhynchus Gould, 1835	AULACORHYNCHUS GOULD, 1835	476	1	191172721448181821635509752085964908341	2012-02-28 12:55:07	2012-02-28 12:55:07
4927958	Jynx Linnaeus, 1758	JYNX LINNAEUS, 1758	477	1	53434929187888578236942350775089551995	2012-02-28 12:55:07	2012-02-28 12:55:07
4929281	Teretistris Cabanis, 1855	TERETISTRIS CABANIS, 1855	478	1	254126997314963792023476544294328555263	2012-02-28 12:55:07	2012-02-28 12:55:07
4929321	Peucedramus Henshaw, 1875	PEUCEDRAMUS HENSHAW, 1875	479	1	54114956271325543884057627325143068284	2012-02-28 12:55:07	2012-02-28 12:55:07
4929357	Oedistoma Salvadori, 1876	OEDISTOMA SALVADORI, 1876	480	1	887208164875011349270321332376717666	2012-02-28 12:55:07	2012-02-28 12:55:07
4929381	Dinemellia Reichenbach, 1863	DINEMELLIA REICHENBACH, 1863	481	1	180414490636036714938759410744907579883	2012-02-28 12:55:07	2012-02-28 12:55:07
4930640	Salpinctes Cabanis, 1847	SALPINCTES CABANIS, 1847	482	1	306896975809934488782089854454956284191	2012-02-28 12:55:07	2012-02-28 12:55:07
4930644	Troglodytes Vieillot, 1809	TROGLODYTES VIEILLOT, 1809	483	1	119493641816132237223308033708061373607	2012-02-28 12:55:07	2012-02-28 12:55:07
4930648	Heleia Hartlaub, 1865	HELEIA HARTLAUB, 1865	484	1	25305551253264503639060132023069438337	2012-02-28 12:55:07	2012-02-28 12:55:07
4930656	Tephrozosterops Stresemann, 1931	TEPHROZOSTEROPS STRESEMANN, 1931	485	1	67565672239518873417602103658454146686	2012-02-28 12:55:07	2012-02-28 12:55:07
4930660	Alophoixus Oates, 1889	ALOPHOIXUS OATES, 1889	486	1	169449596352173688510763583903351980971	2012-02-28 12:55:07	2012-02-28 12:55:07
4930664	Bleda Bonaparte, 1857	BLEDA BONAPARTE, 1857	487	1	205167975892213946219164822913044365817	2012-02-28 12:55:07	2012-02-28 12:55:07
4930668	Criniger Temminck, 1820	CRINIGER TEMMINCK, 1820	488	1	40062245067864134547974458379700898977	2012-02-28 12:55:07	2012-02-28 12:55:07
4930676	Neolestes Cabanis, 1875	NEOLESTES CABANIS, 1875	489	1	106066382124782797401610480981010812166	2012-02-28 12:55:07	2012-02-28 12:55:07
4930680	Setornis Lesson, 1839	SETORNIS LESSON, 1839	490	1	300248048417200859791410019982697507304	2012-02-28 12:55:07	2012-02-28 12:55:07
4930704	Hypocolius Bonaparte, 1850	HYPOCOLIUS BONAPARTE, 1850	491	1	335477403577358083363587549072839218651	2012-02-28 12:55:07	2012-02-28 12:55:07
4930708	Calamonastes Sharpe, 1883	CALAMONASTES SHARPE, 1883	492	1	223787709275956238172274049666269159045	2012-02-28 12:55:07	2012-02-28 12:55:07
4930712	Euryptila Sharpe, 1883	EURYPTILA SHARPE, 1883	493	1	235920899826468053776267323898792522028	2012-02-28 12:55:07	2012-02-28 12:55:07
4930716	Oreophilais Clancey, 1991	OREOPHILAIS CLANCEY, 1991	494	1	264695946826921226334921173322718806061	2012-02-28 12:55:07	2012-02-28 12:55:07
4930720	Scotocerca Sundevall, 1872	SCOTOCERCA SUNDEVALL, 1872	495	1	250304483597861531986397592178989817388	2012-02-28 12:55:07	2012-02-28 12:55:07
4930736	Bebrornis Sharpe, 1883	BEBRORNIS SHARPE, 1883	496	1	148117679075073836345260765413678985046	2012-02-28 12:55:07	2012-02-28 12:55:07
4930744	Dromaeocercus Sharpe, 1877	DROMAEOCERCUS SHARPE, 1877	497	1	297823463983171456548480903149525562240	2012-02-28 12:55:07	2012-02-28 12:55:07
4937471	Myrmochanes Allen, 1889	MYRMOCHANES ALLEN, 1889	498	1	243602913448579725125884377518928337462	2012-02-28 12:55:07	2012-02-28 12:55:07
4937491	Percnostola Cabanis & Heine, 1859	PERCNOSTOLA CABANIS & HEINE, 1859	499	1	189880134685785400337952021569724352501	2012-02-28 12:55:07	2012-02-28 12:55:07
4937499	Pithys Vieillot, 1818	PITHYS VIEILLOT, 1818	500	1	129694537176382349365613507515498643546	2012-02-28 12:55:07	2012-02-28 12:55:07
4937503	Rhegmatorhina Ridgway, 1888	RHEGMATORHINA RIDGWAY, 1888	501	1	80063200351967581244025305139386778197	2012-02-28 12:55:07	2012-02-28 12:55:07
4937511	Sclateria Oberholser, 1899	SCLATERIA OBERHOLSER, 1899	502	1	155837792219810537425477365693616155823	2012-02-28 12:55:07	2012-02-28 12:55:07
4937523	Thamnomanes Cabanis, 1847	THAMNOMANES CABANIS, 1847	503	1	192972177186870977165187642739635093825	2012-02-28 12:55:07	2012-02-28 12:55:07
4951121	Rhodopis Reichenbach, 1854	RHODOPIS REICHENBACH, 1854	504	1	186157056192213218154407483121389369663	2012-02-28 12:55:07	2012-02-28 12:55:07
5093189	Eudyptes moseleyi Mathews & Iredale, 1921	EUDYPTES MOSELEYI MATHEWS & IREDALE, 1921	505	1	15981832695770405923031105102357667343	2012-02-28 12:55:07	2012-02-28 12:55:07
5207817	Strigopinae	STRIGOPINAE	506	1	287089284145808810132049338688830588265	2012-02-28 12:55:07	2012-02-28 12:55:07
7851025	Haematopus ostralegus occidentalis Neumann, 1929	HAEMATOPUS OSTRALEGUS OCCIDENTALIS NEUMANN, 1929	507	1	14730695542824063046920270335189204102	2012-02-28 12:55:07	2012-02-28 12:55:07
7851029	Charadrius melodus circumcinctus (Ridgway, 1874)	CHARADRIUS MELODUS CIRCUMCINCTUS (RIDGWAY, 1874)	508	1	317562390996912740210968541866211798414	2012-02-28 12:55:07	2012-02-28 12:55:07
7851033	Charadrius wilsonia wilsonia Ord, 1814	CHARADRIUS WILSONIA WILSONIA ORD, 1814	509	1	141992901645578395103498133111358535309	2012-02-28 12:55:07	2012-02-28 12:55:07
7851037	Charadrius cucullatus Vieillot, 1818	CHARADRIUS CUCULLATUS VIEILLOT, 1818	510	1	58213999859351608365791477956425477476	2012-02-28 12:55:07	2012-02-28 12:55:07
7851041	Charadrius placidus J. E. Gray & G. R. Gray, 1863	CHARADRIUS PLACIDUS J. E. GRAY & G. R. GRAY, 1863	511	1	225066202715379289695163519856220142330	2012-02-28 12:55:07	2012-02-28 12:55:07
7851045	Pluvianellus socialis G. R. Gray, 1846	PLUVIANELLUS SOCIALIS G. R. GRAY, 1846	512	1	160854432226607072702665999914896844993	2012-02-28 12:55:07	2012-02-28 12:55:07
7851049	Pluvialis apricaria altifrons (C. L. Brehm, 1831)	PLUVIALIS APRICARIA ALTIFRONS (C. L. BREHM, 1831)	513	1	40445347797075710618658383271439600345	2012-02-28 12:55:07	2012-02-28 12:55:07
7851053	Scolopacidae Rafinesque, 1815	SCOLOPACIDAE RAFINESQUE, 1815	514	1	19557247934239111507094489225749764238	2012-02-28 12:55:07	2012-02-28 12:55:07
7851057	Capella gallinago faeroeensis (C. L. Brehm, 1831)	CAPELLA GALLINAGO FAEROEENSIS (C. L. BREHM, 1831)	515	1	161708898804246703798756585977269225681	2012-02-28 12:55:07	2012-02-28 12:55:07
7851061	Numenius phaeopus islandicus C. L. Brehm, 1831	NUMENIUS PHAEOPUS ISLANDICUS C. L. BREHM, 1831	516	1	266074417973675618159393929978844680960	2012-02-28 12:55:07	2012-02-28 12:55:07
7851065	Actitis Illiger, 1811	ACTITIS ILLIGER, 1811	517	1	59452678659440532378929013032760259191	2012-02-28 12:55:07	2012-02-28 12:55:07
7851069	Tringa hypoleucos Linnaeus, 1758	TRINGA HYPOLEUCOS LINNAEUS, 1758	518	1	290380467535418862243527572511497333864	2012-02-28 12:55:07	2012-02-28 12:55:07
7851073	Tringa incana (Gmelin, 1789)	TRINGA INCANA (GMELIN, 1789)	519	1	68826544651742093381908015429920346013	2012-02-28 12:55:07	2012-02-28 12:55:07
7851077	Catoptrophorus semipalmatus inornatus (Brewster, 1887)	CATOPTROPHORUS SEMIPALMATUS INORNATUS (BREWSTER, 1887)	520	1	279157273880593126849956262258814598596	2012-02-28 12:55:07	2012-02-28 12:55:07
7851081	Calidris ptilocnemis couesi (Ridgway, 1880)	CALIDRIS PTILOCNEMIS COUESI (RIDGWAY, 1880)	521	1	288478906537784672608062032788155930334	2012-02-28 12:55:07	2012-02-28 12:55:07
7851085	Calidris cooperi (Baird, 1858)	CALIDRIS COOPERI (BAIRD, 1858)	522	1	318213324178239530460821478879436611652	2012-02-28 12:55:07	2012-02-28 12:55:07
7851089	Limnodromus scolopaceus (Say, 1822)	LIMNODROMUS SCOLOPACEUS (SAY, 1822)	523	1	136419518883828178413131713318689914214	2012-02-28 12:55:07	2012-02-28 12:55:07
7851093	Gallinago hardwickii (J. E. Gray, 1831)	GALLINAGO HARDWICKII (J. E. GRAY, 1831)	524	1	149391033924647848447849456507316977687	2012-02-28 12:55:07	2012-02-28 12:55:07
7851097	Coenocorypha G. R. Gray, 1855	COENOCORYPHA G. R. GRAY, 1855	525	1	258786892648408699063719028901227151615	2012-02-28 12:55:07	2012-02-28 12:55:07
7851101	Himantopus mexicanus (Statius Muller, 1776)	HIMANTOPUS MEXICANUS (STATIUS MULLER, 1776)	526	1	269387124457066928290307023936780403402	2012-02-28 12:55:07	2012-02-28 12:55:07
7851105	Lobipes Cuvier, 1817	LOBIPES CUVIER, 1817	527	1	61071968224499245113284769976239914697	2012-02-28 12:55:07	2012-02-28 12:55:07
7851109	Cursorius africanus Temminck, 1807	CURSORIUS AFRICANUS TEMMINCK, 1807	528	1	37900547022404420383964883539673093733	2012-02-28 12:55:07	2012-02-28 12:55:07
7851113	Peltohyas Sharpe, 1896	PELTOHYAS SHARPE, 1896	529	1	240368881921241983310347978034178469753	2012-02-28 12:55:07	2012-02-28 12:55:07
7851117	Glareola nuchalis G. R. Gray, 1849	GLAREOLA NUCHALIS G. R. GRAY, 1849	530	1	15247996571428049571959077089530991759	2012-02-28 12:55:07	2012-02-28 12:55:07
7851121	Thinocorus orbignyianus I. Geoffroy Saint-Hilaire & Lesson, 1831	THINOCORUS ORBIGNYIANUS I. GEOFFROY SAINT-HILAIRE & LESSON, 1831	531	1	215412340592924035679687061006166826538	2012-02-28 12:55:07	2012-02-28 12:55:07
7851125	Catharacta maccormicki (H. Saunders, 1893)	CATHARACTA MACCORMICKI (H. SAUNDERS, 1893)	532	1	14623918269428560977952211529178839427	2012-02-28 12:55:07	2012-02-28 12:55:07
7851129	Larus glaucescens J. F. Naumann, 1840	LARUS GLAUCESCENS J. F. NAUMANN, 1840	533	1	231765925037976343468224578026385554709	2012-02-28 12:55:07	2012-02-28 12:55:07
7851133	Larus fuscus graellsii A. E. Brehm, 1857	LARUS FUSCUS GRAELLSII A. E. BREHM, 1857	534	1	247965105939518527233579760434514435416	2012-02-28 12:55:07	2012-02-28 12:55:07
8079102	Mesitornithes	MESITORNITHES	535	1	62111246406209382339442181261610261954	2012-02-28 12:55:07	2012-02-28 12:55:07
8199262	Coquus newtoni (Pollen, 1866)	COQUUS NEWTONI (POLLEN, 1866)	536	1	205272326283782743763795506432613123244	2012-02-28 12:55:07	2012-02-28 12:55:07
8211469	Aviceda subcristata waigeuensis Mayr, 1940	AVICEDA SUBCRISTATA WAIGEUENSIS MAYR, 1940	537	1	21074371191816100915274017459082615247	2012-02-28 12:55:07	2012-02-28 12:55:07
8211473	Bostrychia olivacea akeleyorum (Chapman, 1912)	BOSTRYCHIA OLIVACEA AKELEYORUM (CHAPMAN, 1912)	538	1	305651409666067809056765902071144190015	2012-02-28 12:55:07	2012-02-28 12:55:07
8211477	Botaurus pinnatus caribaeus Dickerman, 1961	BOTAURUS PINNATUS CARIBAEUS DICKERMAN, 1961	539	1	94804693993110322726530388649898814987	2012-02-28 12:55:07	2012-02-28 12:55:07
8211481	Burhinus bistriatus bistriatus (Wagler, 1829)	BURHINUS BISTRIATUS BISTRIATUS (WAGLER, 1829)	540	1	255267037566075850879015336874265638749	2012-02-28 12:55:07	2012-02-28 12:55:07
8211485	Burhinus capensis capensis (Lichtenstein, 1823)	BURHINUS CAPENSIS CAPENSIS (LICHTENSTEIN, 1823)	541	1	147157687789730357790146268913424540233	2012-02-28 12:55:07	2012-02-28 12:55:07
8211489	Burhinus oedicnemus distinctus (Bannerman, 1914)	BURHINUS OEDICNEMUS DISTINCTUS (BANNERMAN, 1914)	542	1	207960964416055728181846190968383239224	2012-02-28 12:55:07	2012-02-28 12:55:07
8211493	Burhinus oedicnemus saharae (Reichenow, 1894)	BURHINUS OEDICNEMUS SAHARAE (REICHENOW, 1894)	543	1	203271991961732898619378296843612520855	2012-02-28 12:55:07	2012-02-28 12:55:07
8211497	Busarellus nigricollis nigricollis (Latham, 1790)	BUSARELLUS NIGRICOLLIS NIGRICOLLIS (LATHAM, 1790)	544	1	12966390389068469941591864379816877560	2012-02-28 12:55:07	2012-02-28 12:55:07
8211501	Buteo buteo bannermani Swann, 1919	BUTEO BUTEO BANNERMANI SWANN, 1919	545	1	268811446885377641870094308940047036567	2012-02-28 12:55:07	2012-02-28 12:55:07
8211505	Buteo buteo menetriesi Bogdanov, 1879	BUTEO BUTEO MENETRIESI BOGDANOV, 1879	546	1	249423979754595543598976277828051087170	2012-02-28 12:55:07	2012-02-28 12:55:07
8211509	Buteo jamaicensis fumosus Nelson, 1898	BUTEO JAMAICENSIS FUMOSUS NELSON, 1898	547	1	267141879724013018778221901592840741137	2012-02-28 12:55:07	2012-02-28 12:55:07
8211513	Buteo jamaicensis solitudinis Barbour, 1935	BUTEO JAMAICENSIS SOLITUDINIS BARBOUR, 1935	548	1	222719992266973029663898692052453372980	2012-02-28 12:55:07	2012-02-28 12:55:07
8211517	Buteo japonicus toyoshimai Momiyama, 1927	BUTEO JAPONICUS TOYOSHIMAI MOMIYAMA, 1927	549	1	270745428849219228532662920406729653731	2012-02-28 12:55:07	2012-02-28 12:55:07
8211521	Buteo nitidus plagiatus (Schlegel, 1862)	BUTEO NITIDUS PLAGIATUS (SCHLEGEL, 1862)	550	1	191261061038906045732888754628876004749	2012-02-28 12:55:07	2012-02-28 12:55:07
8211525	Buteo platypterus insulicola Riley, 1908	BUTEO PLATYPTERUS INSULICOLA RILEY, 1908	551	1	125379380928130468955569898141976935332	2012-02-28 12:55:07	2012-02-28 12:55:07
8211529	Buteo rufinus cirtensis (J. Levaillant, 1850)	BUTEO RUFINUS CIRTENSIS (J. LEVAILLANT, 1850)	552	1	220824458226851320147755316546131234677	2012-02-28 12:55:07	2012-02-28 12:55:07
8211533	Buteogallus anthracinus subtilis (Thayer & Bangs, 1905)	BUTEOGALLUS ANTHRACINUS SUBTILIS (THAYER & BANGS, 1905)	553	1	179432541888293387663924190572144345856	2012-02-28 12:55:07	2012-02-28 12:55:07
8211537	Butorides striata actophila Oberholser, 1912	BUTORIDES STRIATA ACTOPHILA OBERHOLSER, 1912	554	1	144513439823784708342412504979039378039	2012-02-28 12:55:07	2012-02-28 12:55:07
8211541	Butorides striata brevipes (Hemprich & Ehrenberg, 1833)	BUTORIDES STRIATA BREVIPES (HEMPRICH & EHRENBERG, 1833)	555	1	221410692082594569667190301213331089286	2012-02-28 12:55:07	2012-02-28 12:55:07
8211545	Butorides striata idenburgi Rand, 1941	BUTORIDES STRIATA IDENBURGI RAND, 1941	556	1	338749736653164417483148523492120005372	2012-02-28 12:55:07	2012-02-28 12:55:07
8211549	Butorides striata papuensis Mayr, 1940	BUTORIDES STRIATA PAPUENSIS MAYR, 1940	557	1	312541311369424806623561890880376647193	2012-02-28 12:55:07	2012-02-28 12:55:07
8211553	Butorides striata solomonensis Mayr, 1940	BUTORIDES STRIATA SOLOMONENSIS MAYR, 1940	558	1	37635951361059736237973272530423571956	2012-02-28 12:55:07	2012-02-28 12:55:07
8211557	Butorides virescens maculata (Boddaert, 1783)	BUTORIDES VIRESCENS MACULATA (BODDAERT, 1783)	559	1	112278563774262178377534963262999870048	2012-02-28 12:55:07	2012-02-28 12:55:07
8211561	Calidris alpina arcticola (Todd, 1953)	CALIDRIS ALPINA ARCTICOLA (TODD, 1953)	560	1	327376470923755275073772255949727857495	2012-02-28 12:55:07	2012-02-28 12:55:07
8211565	Calidris alpina sakhalina (Vieillot, 1816)	CALIDRIS ALPINA SAKHALINA (VIEILLOT, 1816)	561	1	45151642493601195679800362506558999451	2012-02-28 12:55:07	2012-02-28 12:55:07
8211569	Calidris canutus roselaari Tomkovich, 1990	CALIDRIS CANUTUS ROSELAARI TOMKOVICH, 1990	562	1	334109015547821847049767445660127976503	2012-02-28 12:55:07	2012-02-28 12:55:07
8211573	Cathartes aura jota (Molina, 1782)	CATHARTES AURA JOTA (MOLINA, 1782)	563	1	94782489320956211479345969851391160940	2012-02-28 12:55:07	2012-02-28 12:55:07
