2584	2584	332392	1	0	10	\N	\N
2585	2585	332396	1	0	8	\N	\N
2586	2586	337852	1	0	10	\N	\N
2587	2587	344611	1	0	6	\N	\N
2588	2588	347361	1	0	10	\N	\N
2589	2589	351486	1	0	7	\N	\N
2590	2590	366423	1	0	13	\N	\N
2591	2591	366435	1	0	10	\N	\N
2592	2592	366443	1	0	8	\N	\N
2593	2593	366451	1	0	9	\N	\N
2594	2594	366463	1	0	9	\N	\N
2595	2595	366475	1	0	6	\N	\N
2596	2596	366483	1	0	8	\N	\N
2597	2597	366495	1	0	8	\N	\N
2598	2598	366503	1	0	8	\N	\N
2599	2599	367794	1	0	9	\N	\N
2600	2600	367810	1	0	11	\N	\N
2601	2601	371979	1	0	8	\N	\N
2602	2602	380093	1	0	10	\N	\N
2603	2603	380137	1	0	9	\N	\N
2604	2604	380157	1	0	8	\N	\N
2605	2605	386952	1	0	6	\N	\N
2606	2606	396509	1	0	11	\N	\N
2607	2607	402005	1	0	9	\N	\N
2608	2608	406022	1	0	8	\N	\N
2609	2609	726863	2	0	5	\N	\N
2610	2610	726863	4	6	12	\N	\N
2611	2611	726863	7	19	2	\N	\N
2612	2612	726863	7	22	5	\N	\N
2613	2613	726863	9	29	4	\N	\N
2614	2609	726867	2	0	5	\N	\N
2615	2614	726867	4	6	11	\N	\N
2616	2615	726867	7	18	8	\N	\N
2617	2616	726867	9	28	4	\N	\N
2618	2617	726871	2	0	12	\N	\N
2619	2618	726871	4	13	9	\N	\N
2620	2619	726871	7	24	2	\N	\N
2621	2620	726871	7	27	2	\N	\N
2622	2621	726871	7	30	6	\N	\N
2623	2622	726871	9	38	4	\N	\N
2624	2623	726875	2	0	7	\N	\N
2625	2624	726875	4	8	8	\N	\N
2626	2625	726875	7	18	8	\N	\N
2627	2626	726875	9	28	4	\N	\N
2628	2627	726879	2	0	9	\N	\N
2629	2628	726879	4	10	8	\N	\N
2630	2629	726879	7	19	2	\N	\N
2631	2630	726879	7	22	2	\N	\N
2632	2631	726879	7	25	7	\N	\N
2633	2632	726879	9	34	4	\N	\N
2634	2633	726883	2	0	10	\N	\N
2635	2634	726883	4	11	13	\N	\N
2636	2611	726883	7	26	2	\N	\N
2637	2612	726883	7	29	5	\N	\N
2638	2635	726883	9	36	4	\N	\N
2639	2636	726887	2	0	11	\N	\N
2640	2637	726887	4	12	9	\N	\N
2641	2638	726887	7	22	6	\N	\N
2642	2639	726887	9	30	4	\N	\N
2643	2640	726891	2	0	6	\N	\N
2644	2641	726891	4	7	8	\N	\N
2645	2642	726891	7	16	5	\N	\N
2646	2643	726891	9	23	4	\N	\N
2647	2644	726895	2	0	10	\N	\N
2648	2645	726895	4	11	10	\N	\N
2649	2646	726895	7	23	9	\N	\N
2650	2647	726895	9	34	4	\N	\N
2651	2648	726899	2	0	7	\N	\N
2652	2649	726899	4	8	10	\N	\N
2653	2650	726899	7	20	6	\N	\N
2654	2651	726899	9	28	4	\N	\N
2655	2648	726903	2	0	7	\N	\N
2656	2652	726903	4	8	9	\N	\N
2657	2653	726903	7	18	7	\N	\N
2658	2654	726903	9	27	4	\N	\N
2659	2655	726907	2	0	8	\N	\N
2660	2656	726907	4	9	9	\N	\N
2661	2657	726907	7	20	9	\N	\N
2662	2658	726907	9	31	4	\N	\N
2663	2655	726911	2	0	8	\N	\N
2664	2659	726911	4	9	6	\N	\N
2665	2660	726911	7	17	7	\N	\N
2666	2661	726911	7	25	6	\N	\N
2667	2662	726911	9	33	4	\N	\N
2668	2655	726915	2	0	8	\N	\N
2669	2663	726915	4	9	6	\N	\N
2670	2664	726915	7	16	6	\N	\N
2671	2665	726915	9	24	4	\N	\N
2672	2655	726919	2	0	8	\N	\N
2673	2666	726919	4	9	13	\N	\N
2674	2667	726919	7	23	8	\N	\N
2675	2668	726919	9	33	4	\N	\N
2676	2669	726923	2	0	11	\N	\N
2677	2670	726923	4	12	8	\N	\N
2678	2671	726923	7	22	6	\N	\N
2679	2672	726923	9	30	4	\N	\N
2680	2673	726927	2	0	9	\N	\N
2681	2674	726927	4	10	8	\N	\N
2682	2675	726927	7	20	4	\N	\N
2683	2676	726927	9	26	4	\N	\N
2684	2677	726931	2	0	4	\N	\N
2685	2678	726931	4	5	10	\N	\N
2686	2679	726931	7	16	2	\N	\N
2687	2680	726931	7	19	2	\N	\N
2688	2681	726931	7	22	4	\N	\N
2689	2682	726931	9	28	4	\N	\N
2690	2683	726935	2	0	6	\N	\N
2691	2684	726935	4	7	8	\N	\N
2692	2615	726935	7	17	8	\N	\N
2693	2616	726935	9	27	4	\N	\N
2694	2685	726939	2	0	11	\N	\N
2695	2686	726939	4	12	12	\N	\N
2696	2615	726939	7	26	8	\N	\N
2697	2687	726939	9	36	4	\N	\N
2698	2688	726943	2	0	7	\N	\N
2699	2689	726943	4	8	9	\N	\N
2700	2615	726943	7	19	8	\N	\N
2701	2616	726943	9	29	4	\N	\N
2702	2690	726947	2	0	10	\N	\N
2703	2691	726947	4	11	8	\N	\N
2704	2692	726947	7	21	6	\N	\N
2705	2693	726947	9	29	4	\N	\N
2706	2694	726951	2	0	9	\N	\N
2707	2695	726951	4	10	9	\N	\N
2708	2615	726951	7	20	8	\N	\N
2709	2687	726951	9	30	4	\N	\N
2710	2696	726955	2	0	9	\N	\N
2711	2697	726955	4	10	6	\N	\N
2712	2698	726955	7	18	7	\N	\N
2713	2699	726955	9	27	4	\N	\N
2714	2700	726959	2	0	6	\N	\N
2715	2700	726959	4	7	6	\N	\N
2716	2615	726959	7	15	8	\N	\N
2717	2687	726959	9	25	4	\N	\N
2718	2701	726963	2	0	12	\N	\N
2719	2702	726963	4	13	9	\N	\N
2720	2703	726963	7	23	5	\N	\N
2721	2704	726963	9	30	4	\N	\N
2722	2701	726967	2	0	12	\N	\N
2723	2705	726967	4	13	9	\N	\N
2724	2706	726967	7	23	7	\N	\N
2725	2707	726967	9	32	4	\N	\N
2726	2708	728226	2	0	9	\N	\N
2727	2709	728226	4	10	11	\N	\N
2728	2710	728226	7	23	10	\N	\N
2729	2711	728226	9	35	4	\N	\N
2730	2708	728230	2	0	9	\N	\N
2731	2712	728230	4	10	9	\N	\N
2732	2692	728230	7	21	6	\N	\N
2733	2713	728230	9	29	4	\N	\N
2734	2714	728234	2	0	11	\N	\N
2735	2715	728234	4	12	8	\N	\N
2736	2716	728234	7	22	8	\N	\N
2737	2717	728234	9	32	4	\N	\N
2738	2718	728238	2	0	9	\N	\N
2739	2719	728238	4	10	8	\N	\N
2740	2619	728238	7	19	2	\N	\N
2741	2620	728238	7	22	2	\N	\N
2742	2621	728238	7	25	6	\N	\N
2743	2720	728238	9	33	4	\N	\N
2744	2721	728242	2	0	6	\N	\N
2745	2722	728242	4	7	7	\N	\N
2746	2723	728242	7	16	8	\N	\N
2747	2651	728242	9	26	4	\N	\N
2748	2724	728246	2	0	13	\N	\N
2749	2725	728246	4	14	9	\N	\N
2750	2726	728246	7	25	8	\N	\N
2751	2727	728246	9	35	4	\N	\N
2752	2728	728250	2	0	7	\N	\N
2753	2729	728250	4	8	9	\N	\N
2754	2726	728250	7	18	8	\N	\N
2755	2730	728250	7	29	6	\N	\N
2756	2731	728250	9	37	4	\N	\N
2757	2732	728254	2	0	9	\N	\N
2758	2733	728254	4	10	6	\N	\N
2759	2726	728254	7	17	8	\N	\N
2760	2730	728254	7	28	6	\N	\N
2761	2731	728254	9	36	4	\N	\N
2762	2734	728258	2	0	9	\N	\N
2763	2735	728258	4	10	9	\N	\N
2764	2736	728258	7	21	9	\N	\N
2765	2737	728258	9	32	4	\N	\N
2766	2738	728262	2	0	5	\N	\N
2767	2739	728262	4	6	7	\N	\N
2768	2740	728262	7	14	6	\N	\N
2769	2741	728262	9	22	4	\N	\N
2770	2742	728266	2	0	11	\N	\N
2771	2743	728266	4	12	12	\N	\N
2772	2744	728266	7	26	5	\N	\N
2773	2745	728266	9	33	4	\N	\N
2774	2746	728270	2	0	4	\N	\N
2775	2747	728270	4	5	7	\N	\N
2776	2748	728270	7	14	10	\N	\N
2777	2749	728270	9	26	4	\N	\N
2778	2750	728274	2	0	7	\N	\N
2779	2751	728274	4	8	8	\N	\N
2780	2692	728274	7	18	6	\N	\N
2781	2713	728274	9	26	4	\N	\N
2782	2752	728278	2	0	12	\N	\N
2783	2753	728278	4	13	9	\N	\N
2784	2754	728278	7	24	8	\N	\N
2785	2711	728278	9	34	4	\N	\N
2786	2755	728282	2	0	9	\N	\N
2787	2756	728282	4	10	11	\N	\N
2788	2615	728282	7	23	8	\N	\N
2789	2616	728282	9	33	4	\N	\N
2790	2755	728286	2	0	9	\N	\N
2791	2757	728286	4	10	6	\N	\N
2792	2758	728286	7	18	3	\N	\N
2793	2759	728286	9	23	4	\N	\N
2794	2755	728290	2	0	9	\N	\N
2795	2760	728290	4	10	6	\N	\N
2796	2619	728290	7	18	2	\N	\N
2797	2679	728290	7	21	2	\N	\N
2798	2761	728290	7	24	6	\N	\N
2799	2762	728290	9	32	4	\N	\N
2800	2763	728294	2	0	9	\N	\N
2801	2764	728294	4	10	8	\N	\N
2802	2615	728294	7	20	8	\N	\N
2803	2616	728294	9	30	4	\N	\N
2804	2763	728298	2	0	9	\N	\N
2805	2765	728298	4	10	8	\N	\N
2806	2615	728298	7	20	8	\N	\N
2807	2616	728298	9	30	4	\N	\N
2808	2763	728302	2	0	9	\N	\N
2809	2766	728302	4	10	11	\N	\N
2810	2767	728302	7	22	2	\N	\N
2811	2630	728302	7	25	2	\N	\N
2812	2631	728302	7	28	7	\N	\N
2813	2664	728302	7	38	6	\N	\N
2814	2768	728302	9	46	4	\N	\N
2815	2763	728306	2	0	9	\N	\N
2816	2769	728306	4	10	8	\N	\N
2817	2615	728306	7	20	8	\N	\N
2818	2616	728306	9	30	4	\N	\N
2819	2763	728310	2	0	9	\N	\N
2820	2770	728310	4	10	7	\N	\N
2821	2619	728310	7	19	2	\N	\N
2822	2680	728310	7	22	2	\N	\N
2823	2771	728310	7	25	7	\N	\N
2824	2772	728310	9	34	4	\N	\N
2825	2763	728314	2	0	9	\N	\N
2826	2773	728314	4	10	8	\N	\N
2827	2621	728314	7	20	6	\N	\N
2828	2720	728314	9	28	4	\N	\N
2829	2774	728318	2	0	7	\N	\N
2830	2775	728318	4	8	9	\N	\N
2831	2625	728318	7	19	8	\N	\N
2832	2776	728318	9	29	4	\N	\N
2833	2777	728322	2	0	9	\N	\N
2834	2778	728322	4	10	7	\N	\N
2835	2619	728322	7	19	2	\N	\N
2836	2779	728322	7	22	2	\N	\N
2837	2716	728322	7	25	8	\N	\N
2838	2780	728322	9	35	4	\N	\N
2839	2781	728326	2	0	7	\N	\N
2840	2782	728326	4	8	6	\N	\N
2841	2615	728326	7	16	8	\N	\N
2842	2687	728326	9	26	4	\N	\N
2843	2783	728330	2	0	8	\N	\N
2844	2739	728330	4	9	7	\N	\N
2845	2611	728330	7	18	2	\N	\N
2846	2784	728330	7	21	6	\N	\N
2847	2785	728330	9	29	4	\N	\N
2848	2786	728334	2	0	9	\N	\N
2849	2787	728334	4	10	6	\N	\N
2850	2754	728334	7	18	8	\N	\N
2851	2613	728334	9	28	4	\N	\N
2852	2788	736420	2	0	6	\N	\N
2853	2789	736420	4	7	11	\N	\N
2854	2790	736420	7	20	6	\N	\N
2855	2693	736420	9	28	4	\N	\N
2856	2791	736424	2	0	4	\N	\N
2857	2792	736424	4	5	9	\N	\N
2858	2793	736424	7	16	4	\N	\N
2859	2745	736424	9	22	4	\N	\N
2860	2794	736428	2	0	6	\N	\N
2861	2795	736428	4	7	12	\N	\N
2862	2796	736428	7	21	7	\N	\N
2863	2797	736428	9	30	4	\N	\N
2864	2798	736432	2	0	9	\N	\N
2865	2799	736432	4	10	3	\N	\N
2866	2638	736432	7	14	6	\N	\N
2867	2800	736432	9	22	4	\N	\N
2868	2801	736436	2	0	11	\N	\N
2869	2802	736436	4	12	13	\N	\N
2870	2667	736436	7	27	8	\N	\N
2871	2803	736436	9	37	4	\N	\N
2872	2804	736440	2	0	7	\N	\N
2873	2805	736440	4	8	7	\N	\N
2874	2806	736440	7	17	8	\N	\N
2875	2797	736440	9	27	4	\N	\N
2876	2804	736448	2	0	7	\N	\N
2877	2807	736448	4	8	9	\N	\N
2878	2808	736448	7	19	7	\N	\N
2879	2809	736448	9	28	4	\N	\N
2880	2810	736452	2	0	10	\N	\N
2881	2811	736452	4	11	13	\N	\N
2882	2748	736452	7	26	10	\N	\N
2883	2812	736452	9	38	4	\N	\N
2884	2810	736456	2	0	10	\N	\N
2885	2813	736456	4	11	8	\N	\N
2886	2657	736456	7	21	9	\N	\N
2887	2737	736456	9	32	4	\N	\N
2888	2814	736460	2	0	11	\N	\N
2889	2815	736460	4	12	11	\N	\N
2890	2679	736460	7	24	2	\N	\N
2891	2680	736460	7	27	2	\N	\N
2892	2681	736460	7	30	4	\N	\N
2893	2816	736460	9	36	4	\N	\N
2894	2814	736468	2	0	11	\N	\N
2895	2817	736468	4	12	6	\N	\N
2896	2642	736468	7	19	5	\N	\N
2897	2737	736468	9	26	4	\N	\N
2898	2818	736472	2	0	12	\N	\N
2899	2819	736472	4	13	7	\N	\N
2900	2740	736472	7	22	6	\N	\N
2901	2741	736472	9	30	4	\N	\N
2902	2820	736476	2	0	10	\N	\N
2903	2821	736476	4	11	9	\N	\N
2904	2653	736476	7	22	7	\N	\N
2905	2822	736476	7	32	5	\N	\N
2906	2672	736476	9	39	4	\N	\N
2907	2823	736480	2	0	6	\N	\N
2908	2824	736480	4	7	7	\N	\N
2909	2625	736480	7	15	8	\N	\N
2910	2825	736480	9	25	4	\N	\N
2911	2823	736484	2	0	6	\N	\N
2912	2826	736484	4	7	9	\N	\N
2913	2638	736484	7	18	6	\N	\N
2914	2827	736484	9	26	4	\N	\N
2915	2823	736488	2	0	6	\N	\N
2916	2828	736488	4	7	8	\N	\N
2917	2829	736488	7	16	8	\N	\N
2918	2830	736488	9	26	4	\N	\N
2919	2823	736492	2	0	6	\N	\N
2920	2831	736492	4	7	7	\N	\N
2921	2615	736492	7	15	8	\N	\N
2922	2687	736492	9	25	4	\N	\N
2923	2823	736496	2	0	6	\N	\N
2924	2832	736496	4	7	7	\N	\N
2925	2740	736496	7	15	6	\N	\N
2926	2833	736496	9	23	4	\N	\N
2927	2823	736500	2	0	6	\N	\N
2928	2834	736500	4	7	7	\N	\N
2929	2621	736500	7	15	6	\N	\N
2930	2622	736500	9	23	4	\N	\N
2931	2835	736504	2	0	6	\N	\N
2932	2835	736504	4	7	6	\N	\N
2933	2615	736504	7	15	8	\N	\N
2934	2616	736504	9	25	4	\N	\N
2935	2836	736508	2	0	8	\N	\N
2936	2837	736508	4	9	10	\N	\N
2937	2615	736508	7	21	8	\N	\N
2938	2687	736508	9	31	4	\N	\N
2939	2838	736512	2	0	7	\N	\N
2940	2839	736512	4	8	6	\N	\N
2941	2840	736512	7	15	4	\N	\N
2942	2841	736512	9	21	4	\N	\N
2943	2838	736516	2	0	7	\N	\N
2944	2842	736516	4	8	11	\N	\N
2945	2642	736516	7	20	5	\N	\N
2946	2711	736516	9	27	4	\N	\N
2947	2838	736520	2	0	7	\N	\N
2948	2843	736520	4	8	8	\N	\N
2949	2740	736520	7	18	6	\N	\N
2950	2833	736520	9	26	4	\N	\N
2951	2844	739150	2	0	10	\N	\N
2952	2845	739150	4	11	13	\N	\N
2953	2767	739150	7	26	2	\N	\N
2954	2630	739150	7	29	2	\N	\N
2955	2631	739150	7	32	7	\N	\N
2956	2846	739150	9	41	4	\N	\N
2957	2847	739154	2	0	12	\N	\N
2958	2848	739154	4	13	8	\N	\N
2959	2849	739154	7	23	12	\N	\N
2960	2850	739154	9	37	4	\N	\N
2961	2851	739158	2	0	6	\N	\N
2962	2852	739158	4	7	8	\N	\N
2963	2646	739158	7	16	9	\N	\N
2964	2639	739158	9	27	4	\N	\N
2965	2853	739162	2	0	13	\N	\N
2966	2854	739162	4	14	6	\N	\N
2967	2855	739162	7	22	6	\N	\N
2968	2856	739162	9	30	4	\N	\N
2969	2853	739166	2	0	13	\N	\N
2970	2857	739166	4	14	9	\N	\N
2971	2858	739166	7	24	7	\N	\N
2972	2859	739166	9	33	4	\N	\N
2973	2860	739170	2	0	9	\N	\N
2974	2861	739170	4	10	8	\N	\N
2975	2767	739170	7	20	2	\N	\N
2976	2630	739170	7	23	2	\N	\N
2977	2631	739170	7	26	7	\N	\N
2978	2664	739170	7	36	6	\N	\N
2979	2647	739170	9	44	4	\N	\N
2980	2862	739174	2	0	11	\N	\N
2981	2863	739174	4	12	7	\N	\N
2982	2625	739174	7	21	8	\N	\N
2983	2776	739174	9	31	4	\N	\N
2984	2862	739178	2	0	11	\N	\N
2985	2864	739178	4	12	10	\N	\N
2986	2865	739178	7	24	4	\N	\N
2987	2866	739178	9	30	4	\N	\N
2988	2862	739182	2	0	11	\N	\N
2989	2867	739182	4	12	11	\N	\N
2990	2611	739182	7	24	2	\N	\N
2991	2629	739182	7	27	2	\N	\N
2992	2868	739182	7	30	7	\N	\N
2993	2869	739182	7	40	6	\N	\N
2994	2870	739182	9	48	4	\N	\N
2995	2871	739186	2	0	11	\N	\N
2996	2872	739186	4	12	12	\N	\N
2997	2631	739186	7	25	7	\N	\N
2998	2873	739186	9	34	4	\N	\N
2999	2871	739190	2	0	11	\N	\N
3000	2874	739190	4	12	9	\N	\N
3001	2875	739190	7	22	7	\N	\N
3002	2658	739190	9	31	4	\N	\N
3003	2876	739194	2	0	11	\N	\N
3004	2877	739194	4	12	6	\N	\N
3005	2878	739194	7	20	5	\N	\N
3006	2879	739194	9	27	4	\N	\N
3007	2880	739198	2	0	12	\N	\N
3008	2881	739198	4	13	11	\N	\N
3009	2642	739198	7	26	5	\N	\N
3010	2882	739198	9	33	4	\N	\N
3011	2883	739202	2	0	8	\N	\N
3012	2884	739202	4	9	8	\N	\N
3013	2885	739202	7	18	8	\N	\N
3014	2886	739202	9	28	4	\N	\N
3015	2887	739206	2	0	9	\N	\N
3016	2888	739206	4	10	14	\N	\N
3017	2889	739206	7	26	6	\N	\N
3018	2890	739206	7	35	7	\N	\N
3019	2635	739206	9	44	4	\N	\N
3020	2887	739210	2	0	9	\N	\N
3021	2891	739210	4	10	12	\N	\N
3022	2892	739210	7	23	6	\N	\N
3023	2893	739210	7	32	7	\N	\N
3024	2882	739210	9	41	4	\N	\N
3025	2894	739214	2	0	8	\N	\N
3026	2895	739214	4	9	6	\N	\N
3027	2896	739214	7	17	6	\N	\N
3028	2897	739214	9	25	4	\N	\N
3029	2894	739218	2	0	8	\N	\N
3030	2898	739218	4	9	6	\N	\N
3031	2899	739218	7	17	12	\N	\N
3032	2759	739218	9	31	4	\N	\N
3033	2894	739222	2	0	8	\N	\N
3034	2900	739222	4	9	12	\N	\N
3035	2901	739222	7	23	5	\N	\N
3036	2902	739222	9	30	4	\N	\N
3037	2894	739226	2	0	8	\N	\N
3038	2903	739226	4	9	6	\N	\N
3039	2646	739226	7	17	9	\N	\N
3040	2904	739226	9	28	4	\N	\N
3041	2894	739230	2	0	8	\N	\N
3042	2905	739230	4	9	7	\N	\N
3043	2906	739230	7	18	5	\N	\N
3044	2665	739230	9	25	4	\N	\N
3045	2894	739234	2	0	8	\N	\N
3046	2907	739234	4	9	7	\N	\N
3047	2754	739234	7	18	8	\N	\N
3048	2676	739234	9	28	4	\N	\N
3049	2894	739238	2	0	8	\N	\N
3050	2908	739238	4	9	9	\N	\N
3051	2909	739238	7	20	6	\N	\N
3052	2910	739238	9	28	4	\N	\N
3053	2894	739242	2	0	8	\N	\N
3054	2911	739242	4	9	11	\N	\N
3055	2912	739242	7	22	9	\N	\N
3056	2904	739242	9	33	4	\N	\N
3057	2894	739246	2	0	8	\N	\N
3058	2913	739246	4	9	7	\N	\N
3059	2914	739246	7	17	6	\N	\N
3060	2915	739246	9	25	4	\N	\N
3061	2894	739250	2	0	8	\N	\N
3062	2916	739250	4	9	9	\N	\N
3063	2661	739250	7	20	6	\N	\N
3064	2693	739250	9	28	4	\N	\N
3065	2894	739254	2	0	8	\N	\N
3066	2770	739254	4	9	7	\N	\N
3067	2806	739254	7	18	8	\N	\N
3068	2797	739254	9	28	4	\N	\N
3069	2917	740517	2	0	6	\N	\N
3070	2918	740517	4	7	12	\N	\N
3071	2671	740517	7	20	6	\N	\N
3072	2919	740517	9	28	4	\N	\N
3073	2917	740521	2	0	6	\N	\N
3074	2920	740521	4	7	11	\N	\N
3075	2921	740521	7	19	9	\N	\N
3076	2922	740521	9	30	4	\N	\N
3077	2917	740525	2	0	6	\N	\N
3078	2923	740525	4	7	7	\N	\N
3079	2924	740525	7	15	6	\N	\N
3080	2925	740525	9	23	4	\N	\N
3081	2917	740529	2	0	6	\N	\N
3082	2926	740529	4	7	7	\N	\N
3083	2615	740529	7	15	8	\N	\N
3084	2687	740529	9	25	4	\N	\N
3085	2917	740533	2	0	6	\N	\N
3086	2927	740533	4	7	11	\N	\N
3087	2928	740533	7	20	6	\N	\N
3088	2850	740533	9	28	4	\N	\N
3089	2929	740537	2	0	5	\N	\N
3090	2930	740537	4	6	9	\N	\N
3091	2931	740537	7	16	8	\N	\N
3092	2932	740537	9	26	4	\N	\N
3093	2933	740541	2	0	10	\N	\N
3094	2934	740541	4	11	11	\N	\N
3095	2885	740541	7	24	8	\N	\N
3096	2762	740541	9	34	4	\N	\N
3097	2935	740545	2	0	9	\N	\N
3098	2936	740545	4	10	11	\N	\N
3099	2937	740545	7	23	7	\N	\N
3100	2711	740545	9	32	4	\N	\N
3101	2938	740549	2	0	14	\N	\N
3102	2939	740549	4	15	12	\N	\N
3103	2710	740549	7	29	10	\N	\N
3104	2940	740549	9	41	4	\N	\N
3105	2938	740553	2	0	14	\N	\N
3106	2941	740553	4	15	9	\N	\N
3107	2899	740553	7	26	12	\N	\N
3108	2942	740553	9	40	4	\N	\N
3109	2943	740561	2	0	13	\N	\N
3110	2770	740561	4	14	7	\N	\N
3111	2944	740561	7	23	8	\N	\N
3112	2945	740561	7	34	8	\N	\N
3113	2946	740561	9	44	4	\N	\N
3114	2947	740565	2	0	8	\N	\N
3115	2948	740565	4	9	7	\N	\N
3116	2949	740565	7	18	5	\N	\N
3117	2950	740565	9	25	4	\N	\N
3118	2951	740569	2	0	10	\N	\N
3119	2952	740569	4	11	10	\N	\N
3120	2710	740569	7	23	10	\N	\N
3121	2940	740569	9	35	4	\N	\N
3122	2953	740573	2	0	9	\N	\N
3123	2954	740573	4	10	6	\N	\N
3124	2748	740573	7	18	10	\N	\N
3125	2955	740573	9	30	4	\N	\N
3126	2956	740577	2	0	9	\N	\N
3127	2957	740577	4	10	11	\N	\N
3128	2958	740577	7	22	10	\N	\N
3129	2959	740577	9	34	4	\N	\N
3130	2960	740581	2	0	11	\N	\N
3131	2961	740581	4	12	7	\N	\N
3132	2962	740581	7	20	2	\N	\N
3133	2963	740581	7	23	2	\N	\N
3134	2964	740581	7	26	8	\N	\N
3135	2965	740581	9	36	4	\N	\N
3136	2966	740585	2	0	13	\N	\N
3137	2967	740585	4	14	9	\N	\N
3138	2642	740585	7	25	5	\N	\N
3139	2968	740585	9	32	4	\N	\N
3140	2966	740589	2	0	13	\N	\N
3141	2969	740589	4	14	11	\N	\N
3142	2625	740589	7	27	8	\N	\N
3143	2825	740589	9	37	4	\N	\N
3144	2966	740593	2	0	13	\N	\N
3145	2970	740593	4	14	9	\N	\N
3146	2971	740593	7	25	8	\N	\N
3147	2972	740593	7	36	5	\N	\N
3148	2973	740593	9	43	4	\N	\N
3149	2966	740597	2	0	13	\N	\N
3150	2974	740597	4	14	8	\N	\N
3151	2975	740597	7	24	2	\N	\N
3152	2976	740597	7	27	3	\N	\N
3153	2977	740597	9	32	4	\N	\N
3154	2966	740601	2	0	13	\N	\N
3155	2978	740601	4	14	8	\N	\N
3156	2642	740601	7	24	5	\N	\N
3157	2968	740601	9	31	4	\N	\N
3158	2966	740605	2	0	13	\N	\N
3159	2979	740605	4	14	9	\N	\N
3160	2625	740605	7	25	8	\N	\N
3161	2825	740605	9	35	4	\N	\N
3162	2980	740609	2	0	8	\N	\N
3163	2981	740609	4	9	9	\N	\N
3164	2625	740609	7	20	8	\N	\N
3165	2825	740609	9	30	4	\N	\N
3166	2980	740613	2	0	8	\N	\N
3167	2982	740613	4	9	9	\N	\N
3168	2958	740613	7	20	10	\N	\N
3169	2959	740613	9	32	4	\N	\N
3170	2983	740617	2	0	9	\N	\N
3171	2984	740617	4	10	12	\N	\N
3172	2642	740617	7	23	5	\N	\N
3173	2780	740617	9	30	4	\N	\N
3174	2985	740621	2	0	9	\N	\N
3175	2986	740621	4	10	9	\N	\N
3176	2642	740621	7	21	5	\N	\N
3177	2717	740621	9	28	4	\N	\N
3178	2987	741880	2	0	14	\N	\N
3179	2988	741880	4	15	13	\N	\N
3180	2638	741880	7	30	6	\N	\N
3181	2989	741880	9	38	4	\N	\N
3182	2987	741884	2	0	14	\N	\N
3183	2990	741884	4	15	9	\N	\N
3184	2657	741884	7	26	9	\N	\N
3185	2737	741884	9	37	4	\N	\N
3186	2987	741888	2	0	14	\N	\N
3187	2991	741888	4	15	8	\N	\N
3188	2992	741888	7	25	7	\N	\N
3189	2993	741888	9	34	4	\N	\N
3190	2987	741892	2	0	14	\N	\N
3191	2994	741892	4	15	10	\N	\N
3192	2995	741892	7	27	9	\N	\N
3193	2639	741892	9	38	4	\N	\N
3194	2987	741896	2	0	14	\N	\N
3195	2996	741896	4	15	9	\N	\N
3196	2638	741896	7	26	6	\N	\N
3197	2997	741896	9	34	4	\N	\N
3198	2998	741900	2	0	11	\N	\N
3199	2999	741900	4	12	9	\N	\N
3200	3000	741900	7	23	8	\N	\N
3201	2942	741900	9	33	4	\N	\N
3202	2998	741904	2	0	11	\N	\N
3203	3001	741904	4	12	13	\N	\N
3204	2710	741904	7	27	10	\N	\N
3205	2713	741904	9	39	4	\N	\N
3206	2998	741908	2	0	11	\N	\N
3207	3002	741908	4	12	11	\N	\N
3208	2885	741908	7	25	8	\N	\N
3209	3003	741908	9	35	4	\N	\N
3210	3004	741912	2	0	13	\N	\N
3211	3005	741912	4	14	10	\N	\N
3212	3006	741912	7	26	2	\N	\N
3213	3007	741912	7	29	7	\N	\N
3214	2680	741912	7	39	2	\N	\N
3215	3007	741912	7	42	7	\N	\N
3216	2910	741912	9	51	4	\N	\N
3217	3004	741916	2	0	13	\N	\N
3218	3008	741916	4	14	11	\N	\N
3219	2767	741916	7	27	2	\N	\N
3220	2630	741916	7	30	2	\N	\N
3221	2631	741916	7	33	7	\N	\N
3222	3009	741916	9	42	4	\N	\N
3223	3004	741920	2	0	13	\N	\N
3224	3010	741920	4	14	12	\N	\N
3225	3011	741920	7	28	11	\N	\N
3226	2665	741920	9	41	4	\N	\N
3227	3004	741924	2	0	13	\N	\N
3228	3012	741924	4	14	7	\N	\N
3229	3013	741924	7	22	11	\N	\N
3230	3014	741924	7	36	5	\N	\N
3231	3015	741924	9	43	4	\N	\N
3232	3004	741928	2	0	13	\N	\N
3233	3016	741928	4	14	9	\N	\N
3234	3017	741928	7	25	7	\N	\N
3235	3018	741928	7	35	5	\N	\N
3236	3019	741928	9	42	4	\N	\N
3237	3020	741932	2	0	12	\N	\N
3238	3021	741932	4	13	7	\N	\N
3239	3022	741932	7	22	7	\N	\N
3240	2922	741932	9	31	4	\N	\N
3241	3020	741936	2	0	12	\N	\N
3242	3023	741936	4	13	11	\N	\N
3243	3024	741936	7	25	8	\N	\N
3244	3025	741936	9	35	4	\N	\N
3245	3020	741940	2	0	12	\N	\N
3246	3026	741940	4	13	11	\N	\N
3247	2681	741940	7	26	4	\N	\N
3248	2681	741940	7	33	4	\N	\N
3249	2940	741940	9	39	4	\N	\N
3250	3020	741944	2	0	12	\N	\N
3251	3027	741944	4	13	8	\N	\N
3252	3028	741944	7	23	5	\N	\N
3253	2993	741944	9	30	4	\N	\N
3254	3020	741948	2	0	12	\N	\N
3255	3029	741948	4	13	6	\N	\N
3256	3030	741948	7	21	9	\N	\N
3257	2827	741948	9	32	4	\N	\N
3258	3020	741952	2	0	12	\N	\N
3259	3031	741952	4	13	8	\N	\N
3260	3032	741952	7	23	6	\N	\N
3261	3009	741952	9	31	4	\N	\N
3262	3020	741956	2	0	12	\N	\N
3263	3033	741956	4	13	9	\N	\N
3264	3034	741956	7	23	4	\N	\N
3265	3035	741956	9	29	4	\N	\N
3266	3020	741960	2	0	12	\N	\N
3267	3036	741960	4	13	9	\N	\N
3268	2901	741960	7	24	5	\N	\N
3269	3035	741960	9	31	4	\N	\N
3270	3020	741964	2	0	12	\N	\N
3271	3037	741964	4	13	10	\N	\N
3272	2901	741964	7	25	5	\N	\N
3273	2902	741964	9	32	4	\N	\N
3274	3020	741968	2	0	12	\N	\N
3275	3038	741968	4	13	8	\N	\N
3276	3039	741968	7	23	5	\N	\N
3277	2946	741968	9	30	4	\N	\N
3278	3020	741972	2	0	12	\N	\N
3279	3040	741972	4	13	11	\N	\N
3280	3041	741972	7	25	10	\N	\N
3281	3042	741972	9	37	4	\N	\N
3282	3043	741976	2	0	9	\N	\N
3283	3044	741976	4	10	9	\N	\N
3284	3011	741976	7	20	11	\N	\N
3285	3045	741976	9	33	4	\N	\N
3286	3046	741980	2	0	11	\N	\N
3287	3047	741980	4	12	5	\N	\N
3288	2995	741980	7	18	9	\N	\N
3289	3048	741980	9	29	4	\N	\N
3290	3049	741988	2	0	6	\N	\N
3291	3050	741988	4	7	4	\N	\N
3292	2885	741988	7	13	8	\N	\N
3293	2886	741988	9	23	4	\N	\N
3294	3051	743247	2	0	11	\N	\N
3295	3052	743247	4	12	9	\N	\N
3296	2767	743247	7	22	2	\N	\N
3297	2630	743247	7	25	2	\N	\N
3298	2631	743247	7	28	7	\N	\N
3299	2993	743247	9	37	4	\N	\N
3300	3053	743251	2	0	11	\N	\N
3301	3054	743251	4	12	11	\N	\N
3302	2664	743251	7	24	6	\N	\N
3303	3055	743251	9	32	4	\N	\N
3304	3053	743255	2	0	11	\N	\N
3305	3056	743255	4	12	15	\N	\N
3306	2710	743255	7	28	10	\N	\N
3307	2713	743255	9	40	4	\N	\N
3308	3053	743259	2	0	11	\N	\N
3309	3057	743259	4	12	10	\N	\N
3310	3053	743263	2	0	11	\N	\N
3311	3058	743263	4	12	12	\N	\N
3312	2710	743263	7	25	10	\N	\N
3313	2713	743263	9	37	4	\N	\N
3314	3053	743267	2	0	11	\N	\N
3315	3059	743267	4	12	13	\N	\N
3316	2631	743267	7	26	7	\N	\N
3317	2768	743267	9	35	4	\N	\N
3318	3053	743271	2	0	11	\N	\N
3319	3060	743271	4	12	7	\N	\N
3320	2625	743271	7	20	8	\N	\N
3321	3061	743271	9	30	4	\N	\N
3322	3053	743275	2	0	11	\N	\N
3323	3062	743275	4	12	6	\N	\N
3324	3063	743275	7	20	5	\N	\N
3325	2879	743275	9	27	4	\N	\N
3326	3064	743279	2	0	10	\N	\N
3327	3065	743279	4	11	7	\N	\N
3328	2615	743279	7	20	8	\N	\N
3329	2616	743279	9	30	4	\N	\N
3330	3066	743283	2	0	7	\N	\N
3331	2805	743283	4	8	7	\N	\N
3332	3067	743283	7	16	9	\N	\N
3333	3068	743283	9	27	4	\N	\N
3334	3069	743287	2	0	6	\N	\N
3335	3070	743287	4	7	10	\N	\N
3336	2899	743287	7	19	12	\N	\N
3337	2759	743287	9	33	4	\N	\N
3338	3071	743291	2	0	11	\N	\N
3339	3072	743291	4	12	9	\N	\N
3340	3073	743291	7	23	9	\N	\N
3341	3074	743291	9	34	4	\N	\N
3342	3071	743295	2	0	11	\N	\N
3343	3075	743295	4	12	13	\N	\N
3344	2849	743295	7	27	12	\N	\N
3345	2850	743295	9	41	4	\N	\N
3346	3076	743299	2	0	10	\N	\N
3347	3077	743299	4	11	13	\N	\N
3348	3011	743299	7	26	11	\N	\N
3349	3078	743299	9	39	4	\N	\N
3350	3079	743303	2	0	10	\N	\N
3351	3080	743303	4	11	11	\N	\N
3352	3081	743303	7	23	7	\N	\N
3353	2619	743303	7	33	2	\N	\N
3354	2630	743303	7	36	2	\N	\N
3355	3082	743303	7	39	6	\N	\N
3356	3083	743303	9	47	4	\N	\N
3357	2708	743307	2	0	9	\N	\N
3358	3084	743307	4	10	8	\N	\N
3359	3085	743307	7	20	7	\N	\N
3360	2856	743307	9	29	4	\N	\N
3361	3086	743315	2	0	11	\N	\N
3362	2863	743315	4	12	7	\N	\N
3363	2671	743315	7	21	6	\N	\N
3364	2780	743315	9	29	4	\N	\N
3365	3087	743319	2	0	9	\N	\N
3366	3088	743319	4	10	9	\N	\N
3367	2671	743319	7	20	6	\N	\N
3368	2780	743319	9	28	4	\N	\N
3369	3089	743323	2	0	12	\N	\N
3370	3090	743323	4	13	8	\N	\N
3371	2901	743323	7	23	5	\N	\N
3372	2713	743323	9	30	4	\N	\N
3373	3091	743327	2	0	12	\N	\N
3374	3092	743327	4	13	10	\N	\N
3375	2625	743327	7	25	8	\N	\N
3376	3093	743327	9	35	4	\N	\N
3377	3094	743331	2	0	11	\N	\N
3378	3095	743331	4	12	9	\N	\N
3379	3085	743331	7	22	7	\N	\N
3380	2830	743331	9	31	4	\N	\N
3381	3094	743335	2	0	11	\N	\N
3382	3096	743335	4	12	7	\N	\N
3383	2716	743335	7	20	8	\N	\N
3384	3097	743335	9	30	4	\N	\N
3385	3098	743339	2	0	9	\N	\N
3386	2863	743339	4	10	7	\N	\N
3387	2653	743339	7	19	7	\N	\N
3388	2850	743339	9	28	4	\N	\N
3389	3098	743343	2	0	9	\N	\N
3390	3099	743343	4	10	6	\N	\N
3391	3100	743343	7	18	12	\N	\N
3392	2720	743343	9	32	4	\N	\N
3393	3098	743347	2	0	9	\N	\N
3394	3101	743347	4	10	6	\N	\N
3395	2638	743347	7	18	6	\N	\N
3396	2704	743347	9	26	4	\N	\N
3397	3098	743351	2	0	9	\N	\N
3398	3102	743351	4	10	11	\N	\N
3399	3103	743351	7	23	7	\N	\N
3400	2717	743351	9	32	4	\N	\N
3401	3104	782898	2	0	6	\N	\N
3402	3105	782898	4	7	8	\N	\N
3403	3106	782898	7	16	7	\N	\N
3404	3107	782898	7	25	2	\N	\N
3405	2620	782898	7	28	2	\N	\N
3406	3108	782898	7	31	4	\N	\N
3407	2611	782898	7	37	2	\N	\N
3408	2629	782898	7	40	2	\N	\N
3409	3109	782898	7	43	7	\N	\N
3410	2611	782898	7	52	2	\N	\N
3411	2767	782898	7	55	2	\N	\N
3412	3110	782898	7	58	10	\N	\N
3413	2962	782898	7	71	2	\N	\N
3414	2620	782898	7	74	2	\N	\N
3415	3111	782898	7	77	3	\N	\N
3416	3112	782898	9	82	4	\N	\N
3417	3113	782902	2	0	8	\N	\N
3418	3114	782902	4	9	14	\N	\N
3419	3115	782902	7	24	6	\N	\N
3420	3116	782902	7	33	6	\N	\N
3421	3025	782902	9	41	4	\N	\N
3422	3117	782906	2	0	6	\N	\N
3423	3118	782906	4	7	7	\N	\N
3424	3119	782906	7	15	5	\N	\N
3425	3120	782906	9	22	4	\N	\N
3426	3121	782942	2	0	4	\N	\N
3427	3122	782942	4	5	12	\N	\N
3428	2754	782942	7	19	8	\N	\N
3429	2717	782942	9	29	4	\N	\N
3430	3121	782946	2	0	4	\N	\N
3431	3123	782946	4	5	5	\N	\N
3432	3124	782946	7	11	9	\N	\N
3433	3125	782946	9	22	4	\N	\N
3434	2929	851200	2	0	5	\N	\N
3435	3126	851200	4	6	12	\N	\N
3436	3127	851200	5	19	6	\N	\N
3437	2929	851204	2	0	5	\N	\N
3438	3128	851204	4	6	10	\N	\N
3439	3129	851204	5	17	13	\N	\N
3440	2929	851208	2	0	5	\N	\N
3441	3130	851208	4	6	5	\N	\N
3442	3131	851208	5	12	14	\N	\N
3443	2929	851212	2	0	5	\N	\N
3444	3132	851212	4	6	10	\N	\N
3445	3132	851212	5	17	10	\N	\N
3446	2823	852471	2	0	6	\N	\N
3447	3133	852471	4	7	7	\N	\N
3448	3133	852471	5	15	7	\N	\N
3449	3134	852471	7	23	4	\N	\N
3450	3135	852471	9	29	4	\N	\N
3451	2823	852475	2	0	6	\N	\N
3452	3136	852475	4	7	11	\N	\N
3453	3136	852475	5	19	11	\N	\N
3454	2611	852475	7	31	2	\N	\N
3455	2611	852475	7	34	2	\N	\N
3456	3006	852475	7	37	2	\N	\N
3457	2899	852475	7	40	12	\N	\N
3458	3137	852475	9	54	4	\N	\N
3459	2823	852479	2	0	6	\N	\N
3460	3138	852479	4	7	8	\N	\N
3461	3139	852479	5	16	8	\N	\N
3462	2995	852479	7	26	9	\N	\N
3463	2704	852479	9	37	4	\N	\N
3464	2823	852483	2	0	6	\N	\N
3465	3140	852483	4	7	10	\N	\N
3466	3141	852483	5	18	7	\N	\N
3467	2909	852483	7	27	6	\N	\N
3468	3142	852483	9	35	4	\N	\N
3469	2823	852487	2	0	6	\N	\N
3470	3143	852487	4	7	10	\N	\N
3471	3144	852487	5	18	12	\N	\N
3472	3145	852487	7	31	7	\N	\N
3473	2879	852487	9	40	4	\N	\N
3474	2823	852491	2	0	6	\N	\N
3475	3143	852491	4	7	10	\N	\N
3476	3146	852491	5	18	12	\N	\N
3477	3147	852491	7	31	8	\N	\N
3478	2639	852491	9	41	4	\N	\N
3479	2823	852495	2	0	6	\N	\N
3480	3148	852495	4	7	8	\N	\N
3481	3149	852495	5	16	12	\N	\N
3482	3017	852495	7	29	7	\N	\N
3483	3018	852495	7	39	5	\N	\N
3484	2768	852495	9	46	4	\N	\N
3485	2823	852499	2	0	6	\N	\N
3486	3150	852499	4	7	11	\N	\N
3487	3151	852499	5	19	10	\N	\N
3488	2629	852499	7	30	2	\N	\N
3489	3152	852499	7	33	7	\N	\N
3490	2856	852499	9	42	4	\N	\N
3491	2823	852503	2	0	6	\N	\N
3492	2831	852503	4	7	7	\N	\N
3493	3153	852503	5	15	10	\N	\N
3494	2660	852503	7	26	7	\N	\N
3495	2661	852503	7	34	6	\N	\N
3496	2662	852503	9	42	4	\N	\N
3497	2823	852507	2	0	6	\N	\N
3498	3154	852507	4	7	12	\N	\N
3499	3155	852507	5	20	11	\N	\N
3500	2625	852507	7	32	8	\N	\N
3501	2825	852507	9	42	4	\N	\N
3502	3156	852527	2	0	5	\N	\N
3503	3157	852527	4	6	11	\N	\N
3504	3157	852527	5	18	11	\N	\N
3505	2615	852527	7	31	8	\N	\N
3506	2687	852527	9	41	4	\N	\N
3507	2708	852531	2	0	9	\N	\N
3508	2709	852531	4	10	11	\N	\N
3509	3158	852531	5	22	8	\N	\N
3510	2708	852535	2	0	9	\N	\N
3511	3159	852535	4	10	11	\N	\N
3512	3160	852535	5	22	7	\N	\N
3513	2708	852539	2	0	9	\N	\N
3514	2712	852539	4	10	9	\N	\N
3515	2712	852539	5	20	9	\N	\N
3516	2692	852539	7	31	6	\N	\N
3517	2713	852539	9	39	4	\N	\N
3518	2708	852543	2	0	9	\N	\N
3519	3161	852543	4	10	7	\N	\N
3520	3161	852543	5	18	7	\N	\N
3521	3162	853834	2	0	9	\N	\N
3522	3163	853834	4	10	10	\N	\N
3523	3164	853834	5	21	11	\N	\N
3524	3165	853834	7	34	7	\N	\N
3525	3166	853834	9	43	4	\N	\N
3526	3167	853838	2	0	7	\N	\N
3527	3168	853838	4	8	9	\N	\N
3528	3169	853838	5	18	8	\N	\N
3529	3170	853838	7	28	5	\N	\N
3530	2950	853838	9	35	4	\N	\N
3531	3171	853842	2	0	11	\N	\N
3532	3172	853842	4	12	11	\N	\N
3533	3173	853842	5	24	8	\N	\N
3534	3174	853842	7	33	8	\N	\N
3535	3175	853842	9	43	4	\N	\N
3536	3176	853922	2	0	10	\N	\N
3537	3177	853922	4	11	10	\N	\N
3538	3178	853922	5	22	9	\N	\N
3539	3179	853922	7	33	3	\N	\N
3540	3180	853922	7	37	6	\N	\N
3541	3181	853922	9	45	4	\N	\N
3542	3182	853926	2	0	7	\N	\N
3543	3183	853926	4	8	12	\N	\N
3544	3184	853926	5	21	8	\N	\N
3545	3185	853926	7	31	6	\N	\N
3546	3186	853926	7	40	6	\N	\N
3547	3187	853926	9	48	4	\N	\N
3548	3182	853930	2	0	7	\N	\N
3549	3183	853930	4	8	12	\N	\N
3550	3188	853930	5	21	7	\N	\N
3551	3189	853930	7	30	5	\N	\N
3552	3190	853930	9	37	4	\N	\N
3553	3176	853934	2	0	10	\N	\N
3554	3191	853934	4	11	9	\N	\N
3555	3192	853934	5	21	10	\N	\N
3556	2611	853934	7	33	2	\N	\N
3557	3006	853934	7	36	2	\N	\N
3558	3193	853934	7	39	6	\N	\N
3559	3194	853934	9	47	4	\N	\N
3560	3176	853938	2	0	10	\N	\N
3561	2863	853938	4	11	7	\N	\N
3562	2863	853938	5	19	7	\N	\N
3563	2615	853938	7	28	8	\N	\N
3564	2616	853938	9	38	4	\N	\N
3565	3182	853942	2	0	7	\N	\N
3566	3195	853942	4	8	8	\N	\N
3567	3195	853942	5	17	8	\N	\N
3568	3196	853942	7	27	12	\N	\N
3569	2977	853942	9	41	4	\N	\N
3570	3197	855201	2	0	10	\N	\N
3571	3198	855201	4	11	8	\N	\N
3572	3199	855201	5	20	9	\N	\N
3573	2995	855201	7	31	9	\N	\N
3574	3200	855201	9	42	4	\N	\N
3575	3197	855205	2	0	10	\N	\N
3576	3201	855205	4	11	11	\N	\N
3577	3202	855205	5	23	8	\N	\N
3578	2995	855205	7	33	9	\N	\N
3579	2989	855205	9	44	4	\N	\N
3580	3197	855209	2	0	10	\N	\N
3581	3203	855209	4	11	6	\N	\N
3582	3204	855209	5	18	8	\N	\N
3583	3205	855209	7	28	9	\N	\N
3584	3206	855209	9	39	4	\N	\N
3585	3197	855213	2	0	10	\N	\N
3586	3207	855213	4	11	6	\N	\N
3587	3207	855213	5	18	6	\N	\N
3588	3208	855213	7	26	8	\N	\N
3589	2897	855213	9	36	4	\N	\N
3590	3209	855217	2	0	11	\N	\N
3591	3210	855217	4	12	10	\N	\N
3592	3211	855217	5	23	10	\N	\N
3593	2921	855217	7	35	9	\N	\N
3594	2922	855217	9	46	4	\N	\N
3595	3209	855221	2	0	11	\N	\N
3596	3210	855221	4	12	10	\N	\N
3597	3212	855221	5	23	9	\N	\N
3598	3145	855221	7	33	7	\N	\N
3599	2704	855221	9	42	4	\N	\N
3600	3209	855225	2	0	11	\N	\N
3601	3213	855225	4	12	10	\N	\N
3602	3214	855225	5	23	10	\N	\N
3603	3215	855225	7	34	8	\N	\N
3604	2749	855225	9	44	4	\N	\N
3605	3209	855229	2	0	11	\N	\N
3606	3216	855229	4	12	8	\N	\N
3607	3216	855229	5	21	8	\N	\N
3608	2896	855229	7	31	6	\N	\N
3609	2946	855229	9	39	4	\N	\N
3610	3209	855233	2	0	11	\N	\N
3611	3217	855233	4	12	7	\N	\N
3612	3218	855233	5	20	11	\N	\N
3613	2995	855233	7	33	9	\N	\N
3614	2704	855233	9	44	4	\N	\N
3615	3209	855237	2	0	11	\N	\N
3616	3217	855237	4	12	7	\N	\N
3617	3219	855237	5	20	12	\N	\N
3618	3220	855237	7	34	7	\N	\N
3619	2995	855237	7	44	9	\N	\N
3620	3078	855237	9	55	4	\N	\N
3621	3209	855241	2	0	11	\N	\N
3622	3221	855241	4	12	14	\N	\N
3623	3222	855241	5	27	9	\N	\N
3624	2638	855241	7	38	6	\N	\N
3625	3200	855241	9	46	4	\N	\N
3626	3209	855245	2	0	11	\N	\N
3627	3223	855245	4	12	9	\N	\N
3628	3223	855245	5	22	9	\N	\N
3629	2650	855245	7	33	6	\N	\N
3630	2613	855245	9	41	4	\N	\N
3631	3224	855249	2	0	9	\N	\N
3632	3225	855249	4	10	11	\N	\N
3633	3226	855249	5	22	10	\N	\N
3634	3017	855249	7	34	7	\N	\N
3635	3018	855249	7	44	5	\N	\N
3636	2946	855249	9	51	4	\N	\N
3637	3227	855253	2	0	11	\N	\N
3638	3228	855253	4	12	9	\N	\N
3639	3229	855253	5	22	7	\N	\N
3640	3230	855253	7	31	6	\N	\N
3641	3231	855253	7	40	9	\N	\N
3642	3232	855253	9	51	4	\N	\N
3643	3227	855257	2	0	11	\N	\N
3644	3233	855257	4	12	11	\N	\N
3645	3234	855257	5	24	11	\N	\N
3646	3208	855257	7	37	8	\N	\N
3647	3042	855257	9	47	4	\N	\N
3648	3227	855261	2	0	11	\N	\N
3649	3233	855261	4	12	11	\N	\N
3650	3233	855261	5	24	11	\N	\N
3651	2621	855261	7	37	6	\N	\N
3652	2622	855261	9	45	4	\N	\N
3653	3227	855265	2	0	11	\N	\N
3654	3235	855265	4	12	6	\N	\N
3655	3236	855265	5	19	8	\N	\N
3656	3237	855265	7	29	6	\N	\N
3657	2950	855265	9	37	4	\N	\N
3658	3227	855269	2	0	11	\N	\N
3659	3235	855269	4	12	6	\N	\N
3660	3238	855269	5	19	4	\N	\N
3661	3237	855269	7	25	6	\N	\N
3662	3239	855269	9	33	4	\N	\N
3663	3227	855273	2	0	11	\N	\N
3664	3240	855273	4	12	12	\N	\N
3665	3241	855273	5	25	15	\N	\N
3666	2646	855273	7	42	9	\N	\N
3667	2731	855273	9	53	4	\N	\N
3668	3227	855277	2	0	11	\N	\N
3669	3240	855277	4	12	12	\N	\N
3670	3242	855277	5	25	9	\N	\N
3671	2906	855277	7	36	5	\N	\N
3672	2975	855277	7	42	2	\N	\N
3673	3243	855277	7	45	10	\N	\N
3674	3244	855277	9	57	4	\N	\N
3675	3227	855281	2	0	11	\N	\N
3676	3240	855281	4	12	12	\N	\N
3677	2974	855281	5	25	8	\N	\N
3678	3245	855281	7	35	2	\N	\N
3679	3246	855281	7	38	6	\N	\N
3680	3247	855281	9	46	4	\N	\N
3681	3227	855285	2	0	11	\N	\N
3682	3240	855285	4	12	12	\N	\N
3683	3248	855285	5	25	8	\N	\N
3684	2858	855285	7	35	7	\N	\N
3685	2879	855285	9	44	4	\N	\N
3686	3227	855289	2	0	11	\N	\N
3687	3249	855289	4	12	5	\N	\N
3688	3250	855289	5	18	9	\N	\N
3689	2858	855289	7	29	7	\N	\N
3690	2959	855289	9	38	4	\N	\N
3691	3227	855293	1	0	11	\N	\N
3692	3227	855297	2	0	11	\N	\N
3693	3249	855297	4	12	5	\N	\N
3694	3251	855297	5	18	7	\N	\N
3695	3208	855297	7	27	8	\N	\N
3696	2882	855297	9	37	4	\N	\N
3697	3227	855301	2	0	11	\N	\N
3698	3252	855301	4	12	5	\N	\N
3699	3253	855301	5	18	6	\N	\N
3700	2657	855301	7	26	9	\N	\N
3701	2737	855301	9	37	4	\N	\N
3702	3227	855305	2	0	11	\N	\N
3703	3252	855305	4	12	5	\N	\N
3704	3254	855305	5	18	10	\N	\N
3705	2901	855305	7	30	5	\N	\N
3706	3035	855305	9	37	4	\N	\N
3707	3227	855309	2	0	11	\N	\N
3708	3255	855309	4	12	8	\N	\N
3709	3256	855309	5	21	10	\N	\N
3710	3257	855309	7	33	6	\N	\N
3711	2639	855309	9	41	4	\N	\N
3712	2819	857931	2	0	7	\N	\N
3713	3258	857931	4	8	10	\N	\N
3714	3258	857931	5	19	10	\N	\N
3715	3259	857931	7	31	7	\N	\N
3716	3260	857931	9	40	4	\N	\N
3717	3261	857935	2	0	9	\N	\N
3718	3262	857935	4	10	12	\N	\N
3719	3262	857935	5	23	12	\N	\N
3720	2615	857935	7	37	8	\N	\N
3721	2687	857935	9	47	4	\N	\N
3722	3263	857939	2	0	11	\N	\N
3723	3264	857939	4	12	14	\N	\N
3724	3264	857939	5	27	14	\N	\N
3725	3265	857939	7	43	8	\N	\N
3726	2727	857939	9	53	4	\N	\N
3727	3263	857943	2	0	11	\N	\N
3728	3264	857943	4	12	14	\N	\N
3729	3266	857943	5	27	10	\N	\N
3730	2646	857943	7	39	9	\N	\N
3731	2989	857943	9	50	4	\N	\N
3732	3263	857947	2	0	11	\N	\N
3733	3267	857947	4	12	11	\N	\N
3734	3267	857947	5	24	11	\N	\N
3735	3268	857947	7	37	7	\N	\N
3736	3269	857947	7	47	9	\N	\N
3737	2968	857947	9	58	4	\N	\N
3738	3263	857951	2	0	11	\N	\N
3739	3267	857951	4	12	11	\N	\N
3740	3270	857951	5	24	6	\N	\N
3741	2858	857951	7	32	7	\N	\N
3742	3271	857951	9	41	4	\N	\N
3743	3272	857955	2	0	17	\N	\N
3744	3273	857955	4	18	11	\N	\N
3745	3274	857955	5	30	7	\N	\N
3746	3275	857955	7	39	13	\N	\N
3747	3276	857955	9	54	4	\N	\N
3748	3277	857959	2	0	14	\N	\N
3749	3278	857959	4	15	9	\N	\N
3750	3279	857959	5	25	11	\N	\N
3751	2646	857959	7	37	9	\N	\N
3752	2925	857959	9	48	4	\N	\N
3753	3280	857963	2	0	7	\N	\N
3754	3281	857963	4	8	9	\N	\N
3755	3282	857963	5	18	8	\N	\N
3756	2767	857963	7	27	2	\N	\N
3757	2630	857963	7	30	2	\N	\N
3758	2631	857963	7	33	7	\N	\N
3759	2664	857963	7	43	6	\N	\N
3760	3283	857963	9	51	4	\N	\N
3761	3280	857967	2	0	7	\N	\N
3762	2831	857967	4	8	7	\N	\N
3763	3284	857967	5	16	7	\N	\N
3764	3285	857967	7	24	7	\N	\N
3765	2873	857967	9	33	4	\N	\N
3766	3286	858007	2	0	11	\N	\N
3767	3287	858007	4	12	6	\N	\N
3768	2733	858007	5	19	6	\N	\N
3769	3288	858011	2	0	10	\N	\N
3770	3289	858011	4	11	9	\N	\N
3771	3290	858011	5	21	6	\N	\N
3772	2638	858011	7	28	6	\N	\N
3773	2989	858011	9	36	4	\N	\N
3774	3288	858015	2	0	10	\N	\N
3775	3291	858015	4	11	13	\N	\N
3776	3292	858015	5	25	8	\N	\N
3777	3293	858015	7	34	4	\N	\N
3778	3294	858015	9	40	4	\N	\N
3779	3288	858019	2	0	10	\N	\N
3780	3291	858019	4	11	13	\N	\N
3781	3295	858019	5	25	9	\N	\N
3782	3296	858019	7	35	2	\N	\N
3783	2767	858019	7	38	2	\N	\N
3784	2855	858019	7	41	6	\N	\N
3785	2997	858019	9	49	4	\N	\N
3786	3297	858023	2	0	10	\N	\N
3787	3298	858023	4	11	9	\N	\N
3788	3298	858023	5	21	9	\N	\N
3789	3299	858023	7	31	4	\N	\N
3790	3300	858023	9	37	4	\N	\N
3791	3301	858027	2	0	10	\N	\N
3792	3302	858027	4	11	12	\N	\N
3793	3303	858027	5	24	6	\N	\N
3794	3304	858027	7	31	7	\N	\N
3795	3305	858027	7	41	6	\N	\N
3796	3120	858027	9	49	4	\N	\N
3797	3301	858031	2	0	10	\N	\N
3798	3302	858031	4	11	12	\N	\N
3799	3306	858031	5	24	8	\N	\N
3800	3304	858031	7	33	7	\N	\N
3801	3305	858031	7	43	6	\N	\N
3802	3120	858031	9	51	4	\N	\N
3803	3307	858035	2	0	15	\N	\N
3804	3308	858035	4	16	9	\N	\N
3805	3308	858035	5	26	9	\N	\N
3806	2625	858035	7	37	8	\N	\N
3807	2626	858035	9	47	4	\N	\N
3808	3309	858039	2	0	10	\N	\N
3809	3310	858039	4	11	8	\N	\N
3810	3143	858039	5	20	10	\N	\N
3811	2642	858039	7	32	5	\N	\N
3812	2639	858039	9	39	4	\N	\N
3813	3311	860677	2	0	10	\N	\N
3814	3311	860677	4	11	10	\N	\N
3815	3312	860677	5	22	12	\N	\N
3816	3063	860677	7	35	5	\N	\N
3817	3313	860677	9	42	4	\N	\N
3818	3311	860681	2	0	10	\N	\N
3819	3311	860681	4	11	10	\N	\N
3820	3314	860681	5	22	6	\N	\N
3821	2963	860681	7	29	2	\N	\N
3822	2620	860681	7	32	2	\N	\N
3823	3315	860681	7	35	5	\N	\N
3824	2768	860681	9	42	4	\N	\N
3825	3316	860685	2	0	9	\N	\N
3826	3317	860685	4	10	10	\N	\N
3827	3318	860685	5	21	8	\N	\N
3828	3179	860685	7	30	3	\N	\N
3829	3180	860685	7	34	6	\N	\N
3830	2932	860685	9	42	4	\N	\N
3831	3316	860689	2	0	9	\N	\N
3832	3319	860689	4	10	8	\N	\N
3833	3319	860689	5	19	8	\N	\N
3834	2615	860689	7	29	8	\N	\N
3835	2687	860689	9	39	4	\N	\N
3836	3311	860693	2	0	10	\N	\N
3837	3320	860693	4	11	8	\N	\N
3838	3321	860693	5	20	10	\N	\N
3839	3179	860693	7	32	3	\N	\N
3840	3180	860693	7	36	6	\N	\N
3841	2932	860693	9	44	4	\N	\N
3842	3322	860697	2	0	10	\N	\N
3843	3323	860697	4	11	12	\N	\N
3844	3324	860697	5	24	7	\N	\N
3845	3179	860697	7	32	3	\N	\N
3846	3180	860697	7	36	6	\N	\N
3847	2932	860697	9	44	4	\N	\N
3848	3322	860701	2	0	10	\N	\N
3849	3325	860701	4	11	12	\N	\N
3850	3326	860701	5	24	9	\N	\N
3851	2767	860701	7	34	2	\N	\N
3852	2630	860701	7	37	2	\N	\N
3853	2631	860701	7	40	7	\N	\N
3854	2664	860701	7	50	6	\N	\N
3855	2647	860701	9	58	4	\N	\N
3856	3311	860705	2	0	10	\N	\N
3857	3311	860705	4	11	10	\N	\N
3858	3021	860705	5	22	7	\N	\N
3859	3327	860705	7	30	6	\N	\N
3860	3048	860705	9	38	4	\N	\N
3861	3311	860709	2	0	10	\N	\N
3862	3311	860709	4	11	10	\N	\N
3863	3328	860709	5	22	9	\N	\N
3864	2619	860709	7	32	2	\N	\N
3865	2630	860709	7	35	2	\N	\N
3866	3082	860709	7	38	6	\N	\N
3867	3329	860709	9	46	4	\N	\N
3868	3311	860713	2	0	10	\N	\N
3869	3311	860713	4	11	10	\N	\N
3870	3330	860713	5	22	9	\N	\N
3871	3085	860713	7	32	7	\N	\N
3872	2856	860713	9	41	4	\N	\N
3873	3331	860717	2	0	14	\N	\N
3874	3332	860717	4	15	11	\N	\N
3875	3332	860717	5	27	11	\N	\N
3876	3333	860717	7	40	2	\N	\N
3877	3334	860717	7	43	3	\N	\N
3878	2975	860717	7	47	2	\N	\N
3879	3335	860717	7	50	9	\N	\N
3880	2654	860717	9	61	4	\N	\N
3881	3331	860721	2	0	14	\N	\N
3882	3336	860721	4	15	10	\N	\N
3883	3336	860721	5	26	10	\N	\N
3884	2615	860721	7	38	8	\N	\N
3885	2616	860721	9	48	4	\N	\N
3886	3337	860725	2	0	8	\N	\N
3887	3338	860725	4	9	8	\N	\N
3888	3338	860725	5	18	8	\N	\N
3889	2671	860725	7	28	6	\N	\N
3890	2919	860725	9	36	4	\N	\N
3891	3337	860729	2	0	8	\N	\N
3892	3338	860729	4	9	8	\N	\N
3893	3339	860729	5	18	6	\N	\N
3894	3340	860729	7	26	5	\N	\N
3895	2713	860729	9	33	4	\N	\N
3896	3337	860733	2	0	8	\N	\N
3897	3341	860733	4	9	7	\N	\N
3898	3342	860733	5	17	7	\N	\N
3899	3343	860733	7	25	7	\N	\N
3900	3344	860733	9	34	4	\N	\N
3901	3337	860737	2	0	8	\N	\N
3902	3345	860737	4	9	10	\N	\N
3903	3346	860737	5	20	8	\N	\N
3904	3347	860737	7	29	7	\N	\N
3905	3348	860737	9	38	4	\N	\N
3906	3337	860741	2	0	8	\N	\N
3907	2900	860741	4	9	12	\N	\N
3908	3349	860741	5	22	11	\N	\N
3909	3179	860741	7	34	3	\N	\N
3910	3180	860741	7	38	6	\N	\N
3911	2866	860741	9	46	4	\N	\N
3912	3337	860745	2	0	8	\N	\N
3913	2900	860745	4	9	12	\N	\N
3914	3350	860745	5	22	8	\N	\N
3915	3343	860745	7	31	7	\N	\N
3916	3351	860745	9	40	4	\N	\N
3917	3337	860749	2	0	8	\N	\N
3918	2900	860749	4	9	12	\N	\N
3919	3352	860749	5	22	10	\N	\N
3920	3315	860749	7	33	5	\N	\N
3921	2682	860749	9	40	4	\N	\N
3922	3337	860753	2	0	8	\N	\N
3923	3353	860753	4	9	11	\N	\N
3924	3353	860753	5	21	11	\N	\N
3925	2710	860753	7	33	10	\N	\N
3926	2940	860753	9	45	4	\N	\N
3927	3337	860757	2	0	8	\N	\N
3928	3354	860757	4	9	15	\N	\N
3929	3355	860757	5	25	9	\N	\N
3930	3356	860757	7	35	4	\N	\N
3931	2906	860757	7	42	5	\N	\N
3932	2975	860757	7	48	2	\N	\N
3933	3243	860757	7	51	10	\N	\N
3934	3357	860757	9	63	4	\N	\N
3935	3337	860761	2	0	8	\N	\N
3936	3358	860761	4	9	10	\N	\N
3937	3358	860761	5	20	10	\N	\N
3938	2625	860761	7	31	8	\N	\N
3939	2825	860761	9	41	4	\N	\N
3940	3337	860765	2	0	8	\N	\N
3941	3359	860765	4	9	13	\N	\N
3942	3360	860765	5	23	11	\N	\N
3943	3361	860765	7	35	9	\N	\N
3944	3362	860765	7	47	9	\N	\N
3945	2827	860765	9	58	4	\N	\N
3946	3337	860769	2	0	8	\N	\N
3947	3359	860769	4	9	13	\N	\N
3948	3363	860769	5	23	10	\N	\N
3949	3364	860769	7	34	4	\N	\N
3950	3365	860769	9	40	4	\N	\N
3951	3366	862028	2	0	13	\N	\N
3952	3367	862028	4	14	11	\N	\N
3953	3368	862028	5	26	5	\N	\N
3954	2671	862028	7	33	6	\N	\N
3955	2919	862028	9	41	4	\N	\N
3956	3366	862032	2	0	13	\N	\N
3957	3369	862032	4	14	11	\N	\N
3958	3369	862032	5	26	11	\N	\N
3959	2806	862032	7	39	8	\N	\N
3960	2797	862032	9	49	4	\N	\N
3961	3366	862036	2	0	13	\N	\N
3962	3370	862036	4	14	6	\N	\N
3963	3370	862036	5	21	6	\N	\N
3964	3347	862036	7	28	7	\N	\N
3965	3344	862036	9	37	4	\N	\N
3966	3371	862040	2	0	10	\N	\N
3967	3372	862040	4	11	8	\N	\N
3968	3373	862040	5	20	7	\N	\N
3969	2642	862040	7	28	5	\N	\N
3970	2997	862040	9	35	4	\N	\N
3971	3374	862044	2	0	9	\N	\N
3972	3375	862044	4	10	9	\N	\N
3973	3375	862044	5	20	9	\N	\N
3974	2615	862044	7	31	8	\N	\N
3975	2687	862044	9	41	4	\N	\N
3976	3376	862048	2	0	7	\N	\N
3977	3377	862048	4	8	11	\N	\N
3978	3378	862048	5	20	7	\N	\N
3979	3379	862048	7	28	7	\N	\N
3980	3380	862048	7	38	5	\N	\N
3981	3381	862048	9	45	4	\N	\N
3982	3376	862052	2	0	7	\N	\N
3983	3382	862052	4	8	9	\N	\N
3984	3383	862052	5	18	9	\N	\N
3985	2629	862052	7	28	2	\N	\N
3986	3006	862052	7	31	2	\N	\N
3987	3116	862052	7	34	6	\N	\N
3988	2629	862052	7	43	2	\N	\N
3989	3006	862052	7	46	2	\N	\N
3990	3116	862052	7	49	6	\N	\N
3991	3384	862052	7	56	2	\N	\N
3992	2915	862052	9	60	4	\N	\N
3993	3385	862056	2	0	14	\N	\N
3994	3386	862056	4	15	9	\N	\N
3995	3386	862056	5	25	9	\N	\N
3996	2671	862056	7	36	6	\N	\N
3997	2919	862056	9	44	4	\N	\N
3998	3387	862060	2	0	6	\N	\N
3999	3388	862060	4	7	5	\N	\N
4000	3389	862060	5	13	12	\N	\N
4001	3390	862060	7	26	6	\N	\N
4002	3391	862060	9	34	4	\N	\N
4003	3387	862064	2	0	6	\N	\N
4004	3392	862064	4	7	4	\N	\N
4005	3392	862064	5	12	4	\N	\N
4006	2642	862064	7	18	5	\N	\N
4007	2940	862064	9	25	4	\N	\N
4008	3393	862068	2	0	12	\N	\N
4009	2689	862068	4	13	9	\N	\N
4010	3394	862068	5	23	8	\N	\N
4011	2885	862068	7	32	8	\N	\N
4012	2647	862068	9	42	4	\N	\N
4013	3395	862072	2	0	5	\N	\N
4014	3396	862072	4	6	7	\N	\N
4015	3397	862072	5	14	9	\N	\N
4016	2885	862072	7	25	8	\N	\N
4017	2768	862072	9	35	4	\N	\N
4018	3398	862076	2	0	8	\N	\N
4019	3399	862076	4	9	8	\N	\N
4020	3399	862076	5	18	8	\N	\N
4021	2671	862076	7	28	6	\N	\N
4022	3400	862076	7	37	8	\N	\N
4023	2780	862076	9	47	4	\N	\N
4024	3401	862080	2	0	9	\N	\N
4025	3402	862080	4	10	9	\N	\N
4026	3402	862080	5	20	9	\N	\N
4027	2625	862080	7	31	8	\N	\N
4028	2942	862080	9	41	4	\N	\N
4029	3401	862084	2	0	9	\N	\N
4030	3403	862084	4	10	9	\N	\N
4031	3403	862084	5	20	9	\N	\N
4032	2664	862084	7	30	6	\N	\N
4033	3404	862084	7	39	6	\N	\N
4034	2830	862084	9	47	4	\N	\N
4035	3405	862088	2	0	13	\N	\N
4036	3406	862088	4	14	7	\N	\N
4037	3223	862088	5	22	9	\N	\N
4038	3115	862088	7	33	6	\N	\N
4039	3025	862088	9	41	4	\N	\N
4040	3405	862092	2	0	13	\N	\N
4041	3407	862092	4	14	9	\N	\N
4042	3408	862092	5	24	7	\N	\N
4043	3017	862092	7	33	7	\N	\N
4044	3018	862092	7	43	5	\N	\N
4045	2768	862092	9	50	4	\N	\N
4046	3405	862096	2	0	13	\N	\N
4047	3409	862096	4	14	10	\N	\N
4048	3409	862096	5	25	10	\N	\N
4049	2615	862096	7	37	8	\N	\N
4050	2687	862096	9	47	4	\N	\N
4051	3405	862100	2	0	13	\N	\N
4052	3409	862100	4	14	10	\N	\N
4053	3410	862100	5	25	11	\N	\N
4054	3361	862100	7	37	9	\N	\N
4055	3009	862100	9	48	4	\N	\N
4056	3405	862104	2	0	13	\N	\N
4057	3411	862104	4	14	8	\N	\N
4058	3412	862104	5	23	7	\N	\N
4059	3413	862104	7	31	4	\N	\N
4060	3414	862104	9	37	4	\N	\N
4061	3415	862108	2	0	8	\N	\N
4062	3416	862108	4	9	8	\N	\N
4063	3417	862108	5	18	10	\N	\N
4064	2620	862108	7	29	2	\N	\N
4065	2679	862108	7	32	2	\N	\N
4066	3418	862108	7	35	6	\N	\N
4067	3419	862108	9	43	4	\N	\N
4068	3420	862112	2	0	9	\N	\N
4069	3421	862112	4	10	6	\N	\N
4070	3422	862112	5	17	7	\N	\N
4071	3085	862112	7	25	7	\N	\N
4072	2879	862112	9	34	4	\N	\N
4073	3423	862116	2	0	9	\N	\N
4074	3424	862116	4	10	11	\N	\N
4075	3425	862116	5	22	5	\N	\N
4076	3426	862116	7	29	7	\N	\N
4077	3166	862116	9	38	4	\N	\N
4078	3427	862120	2	0	10	\N	\N
4079	3428	862120	4	11	9	\N	\N
4080	3429	862120	5	21	7	\N	\N
4081	2642	862120	7	30	5	\N	\N
4082	3430	862120	9	37	4	\N	\N
4083	3427	862124	2	0	10	\N	\N
4084	3431	862124	4	11	6	\N	\N
4085	3432	862124	5	18	9	\N	\N
4086	2642	862124	7	29	5	\N	\N
4087	3430	862124	9	36	4	\N	\N
4088	3427	862128	2	0	10	\N	\N
4089	3433	862128	4	11	7	\N	\N
4090	3434	862128	5	19	8	\N	\N
4091	2671	862128	7	29	6	\N	\N
4092	2919	862128	9	37	4	\N	\N
4093	3427	862132	2	0	10	\N	\N
4094	3433	862132	4	11	7	\N	\N
4095	3435	862132	5	19	7	\N	\N
4096	3011	862132	7	27	11	\N	\N
4097	2665	862132	9	40	4	\N	\N
4098	3436	863391	2	0	9	\N	\N
4099	3437	863391	4	10	10	\N	\N
4100	3408	863391	5	21	7	\N	\N
4101	3085	863391	7	29	7	\N	\N
4102	3438	863391	9	38	4	\N	\N
4103	3436	863395	2	0	9	\N	\N
4104	3439	863395	4	10	10	\N	\N
4105	3440	863395	5	21	10	\N	\N
4106	3017	863395	7	32	7	\N	\N
4107	3018	863395	7	42	5	\N	\N
4108	3019	863395	9	49	4	\N	\N
4109	3441	863399	2	0	12	\N	\N
4110	3442	863399	4	13	7	\N	\N
4111	3443	863399	5	21	6	\N	\N
4112	2642	863399	7	28	5	\N	\N
4113	2780	863399	9	35	4	\N	\N
4114	3441	863403	2	0	12	\N	\N
4115	3442	863403	4	13	7	\N	\N
4116	2592	863403	5	21	8	\N	\N
4117	3444	863403	7	30	2	\N	\N
4118	2680	863403	7	33	2	\N	\N
4119	3445	863403	7	36	6	\N	\N
4120	3446	863403	9	44	4	\N	\N
4121	3447	863407	2	0	10	\N	\N
4122	3448	863407	4	11	8	\N	\N
4123	3448	863407	5	20	8	\N	\N
4124	3011	863407	7	30	11	\N	\N
4125	2997	863407	9	43	4	\N	\N
4126	3447	863411	2	0	10	\N	\N
4127	3449	863411	4	11	10	\N	\N
4128	3408	863411	5	22	7	\N	\N
4129	2767	863411	7	31	2	\N	\N
4130	2630	863411	7	34	2	\N	\N
4131	2631	863411	7	37	7	\N	\N
4132	3450	863411	9	46	4	\N	\N
4133	3447	863415	2	0	10	\N	\N
4134	3353	863415	4	11	11	\N	\N
4135	3451	863415	5	23	10	\N	\N
4136	3361	863415	7	34	9	\N	\N
4137	2959	863415	9	45	4	\N	\N
4138	3447	863419	2	0	10	\N	\N
4139	3452	863419	4	11	9	\N	\N
4140	3453	863419	5	21	10	\N	\N
4141	3361	863419	7	32	9	\N	\N
4142	2910	863419	9	43	4	\N	\N
4143	3454	863423	2	0	8	\N	\N
4144	3455	863423	4	9	14	\N	\N
4145	3455	863423	5	24	14	\N	\N
4146	2621	863423	7	40	6	\N	\N
4147	2720	863423	9	48	4	\N	\N
4148	3456	863427	2	0	13	\N	\N
4149	3457	863427	4	14	8	\N	\N
4150	3458	863427	5	23	9	\N	\N
4151	3459	863427	7	33	8	\N	\N
4152	3460	863427	9	43	4	\N	\N
4153	3456	863431	2	0	13	\N	\N
4154	3461	863431	4	14	10	\N	\N
4155	3462	863431	5	25	11	\N	\N
4156	3085	863431	7	37	7	\N	\N
4157	3009	863431	9	46	4	\N	\N
4158	3456	863435	2	0	13	\N	\N
4159	3463	863435	4	14	11	\N	\N
4160	3464	863435	5	26	8	\N	\N
4161	3465	863435	7	35	7	\N	\N
4162	2710	863435	7	45	10	\N	\N
4163	2717	863435	9	57	4	\N	\N
4164	3466	863439	2	0	9	\N	\N
4165	2715	863439	4	10	8	\N	\N
4166	3467	863439	5	19	8	\N	\N
4167	2767	863439	7	28	2	\N	\N
4168	2630	863439	7	31	2	\N	\N
4169	2631	863439	7	34	7	\N	\N
4170	2664	863439	7	44	6	\N	\N
4171	3003	863439	9	52	4	\N	\N
4172	3466	863443	2	0	9	\N	\N
4173	2715	863443	4	10	8	\N	\N
4174	2715	863443	5	19	8	\N	\N
4175	3465	863443	7	29	7	\N	\N
4176	2710	863443	7	39	10	\N	\N
4177	2717	863443	9	51	4	\N	\N
4178	3466	863447	2	0	9	\N	\N
4179	3468	863447	4	10	7	\N	\N
4180	2903	863447	5	18	6	\N	\N
4181	3361	863447	7	25	9	\N	\N
4182	2910	863447	9	36	4	\N	\N
4183	3469	863451	2	0	6	\N	\N
4184	3470	863451	4	7	6	\N	\N
4185	2903	863451	5	14	6	\N	\N
4186	2944	863451	7	21	8	\N	\N
4187	3471	863451	7	30	2	\N	\N
4188	2611	863451	7	35	2	\N	\N
4189	2629	863451	7	38	2	\N	\N
4190	2868	863451	7	41	7	\N	\N
4191	3194	863451	9	50	4	\N	\N
4192	3469	863455	2	0	6	\N	\N
4193	3472	863455	4	7	7	\N	\N
4194	3472	863455	5	15	7	\N	\N
4195	2625	863455	7	24	8	\N	\N
4196	2759	863455	9	34	4	\N	\N
4197	3473	863459	2	0	12	\N	\N
4198	3474	863459	4	13	13	\N	\N
4199	2843	863459	5	27	8	\N	\N
4200	3361	863459	7	36	9	\N	\N
4201	3475	863459	9	47	4	\N	\N
4202	3473	863463	2	0	12	\N	\N
4203	3476	863463	4	13	9	\N	\N
4204	2884	863463	5	23	8	\N	\N
4205	3361	863463	7	33	9	\N	\N
4206	3045	863463	9	44	4	\N	\N
4207	3477	863467	2	0	11	\N	\N
4208	3478	863467	4	12	10	\N	\N
4209	3479	863467	5	23	10	\N	\N
4210	3480	863467	7	34	7	\N	\N
4211	3481	863467	9	43	4	\N	\N
4212	3482	863471	2	0	9	\N	\N
4213	3483	863471	4	10	7	\N	\N
4214	3345	863471	5	18	10	\N	\N
4215	2767	863471	7	29	2	\N	\N
4216	2630	863471	7	32	2	\N	\N
4217	2631	863471	7	35	7	\N	\N
4218	2768	863471	9	44	4	\N	\N
4219	3484	863475	2	0	9	\N	\N
4220	3485	863475	4	10	9	\N	\N
4221	3486	863475	5	20	10	\N	\N
4222	3361	863475	7	31	9	\N	\N
4223	3362	863475	7	43	9	\N	\N
4224	3487	863475	9	54	4	\N	\N
4225	3484	863479	2	0	9	\N	\N
4226	3488	863479	4	10	7	\N	\N
4227	3488	863479	5	18	7	\N	\N
4228	2726	863479	7	27	8	\N	\N
4229	2693	863479	9	37	4	\N	\N
4230	3484	863483	2	0	9	\N	\N
4231	3488	863483	4	10	7	\N	\N
4232	3489	863483	5	18	9	\N	\N
4233	2706	863483	7	28	7	\N	\N
4234	3194	863483	9	37	4	\N	\N
4235	3484	863487	2	0	9	\N	\N
4236	3490	863487	4	10	17	\N	\N
4237	3491	863487	5	28	7	\N	\N
4238	2767	863487	7	36	2	\N	\N
4239	2630	863487	7	39	2	\N	\N
4240	2631	863487	7	42	7	\N	\N
4241	2664	863487	7	52	6	\N	\N
4242	3492	863487	9	60	4	\N	\N
4243	3484	863491	2	0	9	\N	\N
4244	3493	863491	4	10	14	\N	\N
4245	3494	863491	5	25	11	\N	\N
4246	2664	863491	7	37	6	\N	\N
4247	3404	863491	7	46	6	\N	\N
4248	2800	863491	9	54	4	\N	\N
4249	3484	863495	2	0	9	\N	\N
4250	3493	863495	4	10	14	\N	\N
4251	3495	863495	5	25	12	\N	\N
4252	3347	863495	7	38	7	\N	\N
4253	3247	863495	9	47	4	\N	\N
4254	3484	863499	2	0	9	\N	\N
4255	3496	863499	4	10	9	\N	\N
4256	3496	863499	5	20	9	\N	\N
4257	2767	863499	7	30	2	\N	\N
4258	2630	863499	7	33	2	\N	\N
4259	2631	863499	7	36	7	\N	\N
4260	2658	863499	9	45	4	\N	\N
4261	3497	864758	2	0	9	\N	\N
4262	3498	864758	4	10	8	\N	\N
4263	3499	864758	5	19	10	\N	\N
4264	2885	864758	7	30	8	\N	\N
4265	2886	864758	9	40	4	\N	\N
4266	3500	864762	2	0	5	\N	\N
4267	3501	864762	4	6	12	\N	\N
4268	3501	864762	5	19	12	\N	\N
4269	2730	864762	7	32	6	\N	\N
4270	2989	864762	9	40	4	\N	\N
4271	3502	864766	2	0	10	\N	\N
4272	3503	864766	4	11	10	\N	\N
4273	3504	864766	5	22	5	\N	\N
4274	2858	864766	7	29	7	\N	\N
4275	3313	864766	9	38	4	\N	\N
4276	3505	864770	2	0	9	\N	\N
4277	3506	864770	4	10	15	\N	\N
4278	3507	864770	5	26	8	\N	\N
4279	2740	864770	7	36	6	\N	\N
4280	2833	864770	9	44	4	\N	\N
4281	2953	864774	2	0	9	\N	\N
4282	2954	864774	4	10	6	\N	\N
4283	3508	864774	5	17	5	\N	\N
4284	3343	864774	7	23	7	\N	\N
4285	3083	864774	9	32	4	\N	\N
4286	2953	864778	2	0	9	\N	\N
4287	3509	864778	4	10	11	\N	\N
4288	3510	864778	5	22	8	\N	\N
4289	3364	864778	7	32	4	\N	\N
4290	3438	864778	9	38	4	\N	\N
4291	2953	864782	2	0	9	\N	\N
4292	3511	864782	4	10	11	\N	\N
4293	3511	864782	5	22	11	\N	\N
4294	2767	864782	7	35	2	\N	\N
4295	2630	864782	7	38	2	\N	\N
4296	2631	864782	7	41	7	\N	\N
4297	2664	864782	7	51	6	\N	\N
4298	2731	864782	9	59	4	\N	\N
4299	2953	864786	2	0	9	\N	\N
4300	3512	864786	4	10	9	\N	\N
4301	3513	864786	5	20	13	\N	\N
4302	3285	864786	7	35	7	\N	\N
4303	3035	864786	9	44	4	\N	\N
4304	2953	864790	2	0	9	\N	\N
4305	3514	864790	4	10	9	\N	\N
4306	3515	864790	5	20	11	\N	\N
4307	3364	864790	7	33	4	\N	\N
4308	3516	864790	9	39	4	\N	\N
4309	2953	864794	2	0	9	\N	\N
4310	3514	864794	4	10	9	\N	\N
4311	3517	864794	5	20	7	\N	\N
4312	2664	864794	7	29	6	\N	\N
4313	3271	864794	9	37	4	\N	\N
4314	2953	864798	2	0	9	\N	\N
4315	3514	864798	4	10	9	\N	\N
4316	3518	864798	5	20	9	\N	\N
4317	3327	864798	7	30	6	\N	\N
4318	3519	864798	9	38	4	\N	\N
4319	3520	864802	2	0	10	\N	\N
4320	3521	864802	4	11	11	\N	\N
4321	3522	864802	5	23	11	\N	\N
4322	2667	864802	7	36	8	\N	\N
4323	3068	864802	9	46	4	\N	\N
4324	3520	864806	2	0	10	\N	\N
4325	3521	864806	4	11	11	\N	\N
4326	3523	864806	5	23	8	\N	\N
4327	2657	864806	7	32	9	\N	\N
4328	2658	864806	9	43	4	\N	\N
4329	3520	864810	2	0	10	\N	\N
4330	3521	864810	4	11	11	\N	\N
4331	3524	864810	5	23	8	\N	\N
4332	3145	864810	7	32	7	\N	\N
4333	2950	864810	9	41	4	\N	\N
4334	3520	864814	2	0	10	\N	\N
4335	3521	864814	4	11	11	\N	\N
4336	3525	864814	5	23	8	\N	\N
4337	2646	864814	7	32	9	\N	\N
4338	2989	864814	9	43	4	\N	\N
4339	3520	864818	2	0	10	\N	\N
4340	3521	864818	4	11	11	\N	\N
4341	3526	864818	5	23	7	\N	\N
4342	3304	864818	7	31	7	\N	\N
4343	3527	864818	9	40	4	\N	\N
4344	3520	864822	2	0	10	\N	\N
4345	3528	864822	4	11	8	\N	\N
4346	3529	864822	5	20	6	\N	\N
4347	3530	864822	7	27	10	\N	\N
4348	2959	864822	9	39	4	\N	\N
4349	3520	864826	2	0	10	\N	\N
4350	3528	864826	4	11	8	\N	\N
4351	3531	864826	5	20	6	\N	\N
4352	3532	864826	7	27	7	\N	\N
4353	3344	864826	9	36	4	\N	\N
4354	3520	864830	2	0	10	\N	\N
4355	3533	864830	4	11	10	\N	\N
4356	3534	864830	5	22	6	\N	\N
4357	3535	864830	7	29	8	\N	\N
4358	2639	864830	9	39	4	\N	\N
4359	3520	864834	2	0	10	\N	\N
4360	3536	864834	4	11	5	\N	\N
4361	3537	864834	5	17	14	\N	\N
4362	3538	864834	7	32	7	\N	\N
4363	2886	864834	9	41	4	\N	\N
4364	3520	864838	2	0	10	\N	\N
4365	3539	864838	4	11	8	\N	\N
4366	3143	864838	5	20	10	\N	\N
4367	2858	864838	7	31	7	\N	\N
4368	3487	864838	9	40	4	\N	\N
4369	3520	864842	2	0	10	\N	\N
4370	3539	864842	4	11	8	\N	\N
4371	3540	864842	5	20	4	\N	\N
4372	2958	864842	7	25	10	\N	\N
4373	3329	864842	9	37	4	\N	\N
4374	3520	864846	2	0	10	\N	\N
4375	3541	864846	4	11	7	\N	\N
4376	3541	864846	5	19	7	\N	\N
4377	2650	864846	7	28	6	\N	\N
4378	3542	864846	9	36	4	\N	\N
4379	3543	864850	2	0	11	\N	\N
4380	3544	864850	4	12	8	\N	\N
4381	3545	864850	5	21	7	\N	\N
4382	2619	864850	7	29	2	\N	\N
4383	2630	864850	7	32	2	\N	\N
4384	3082	864850	7	35	6	\N	\N
4385	3166	864850	9	43	4	\N	\N
4386	3546	864854	2	0	8	\N	\N
4387	3547	864854	4	9	8	\N	\N
4388	3548	864854	5	18	9	\N	\N
4389	3549	864854	7	28	7	\N	\N
4390	2959	864854	9	37	4	\N	\N
4391	3550	864858	2	0	10	\N	\N
4392	3551	864858	4	11	7	\N	\N
4393	3551	864858	5	19	7	\N	\N
4394	2642	864858	7	27	5	\N	\N
4395	3035	864858	9	34	4	\N	\N
4396	3552	864862	2	0	11	\N	\N
4397	3553	864862	4	12	11	\N	\N
4398	3554	864862	5	24	13	\N	\N
4399	3555	864862	7	39	5	\N	\N
4400	2879	864862	9	46	4	\N	\N
4401	3552	864866	2	0	11	\N	\N
4402	3553	864866	4	12	11	\N	\N
4403	3556	864866	5	24	10	\N	\N
4404	2625	864866	7	36	8	\N	\N
4405	3093	864866	9	46	4	\N	\N
4406	3557	866161	2	0	10	\N	\N
4407	3558	866161	4	11	12	\N	\N
4408	3558	866161	5	24	12	\N	\N
4409	2885	866161	7	38	8	\N	\N
4410	3430	866161	9	48	4	\N	\N
4411	3049	866165	2	0	6	\N	\N
4412	3559	866165	4	7	16	\N	\N
4413	3560	866165	5	24	8	\N	\N
4414	2611	866165	7	33	2	\N	\N
4415	3006	866165	7	36	2	\N	\N
4416	3445	866165	7	39	6	\N	\N
4417	3329	866165	9	47	4	\N	\N
4418	3049	866169	2	0	6	\N	\N
4419	3561	866169	4	7	6	\N	\N
4420	3561	866169	5	14	6	\N	\N
4421	2754	866169	7	21	8	\N	\N
4422	3542	866169	9	31	4	\N	\N
4423	3562	866173	2	0	11	\N	\N
4424	3563	866173	4	12	13	\N	\N
4425	3563	866173	5	26	13	\N	\N
4426	2621	866173	7	41	6	\N	\N
4427	2720	866173	9	49	4	\N	\N
4428	3562	866177	2	0	11	\N	\N
4429	3563	866177	4	12	13	\N	\N
4430	3383	866177	5	26	9	\N	\N
4431	2896	866177	7	37	6	\N	\N
4432	2897	866177	9	45	4	\N	\N
4433	3564	866181	2	0	10	\N	\N
4434	3565	866181	4	11	10	\N	\N
4435	3566	866181	5	22	9	\N	\N
4436	3530	866181	7	32	10	\N	\N
4437	3414	866181	9	44	4	\N	\N
4438	3567	866185	2	0	9	\N	\N
4439	3568	866185	4	10	9	\N	\N
4440	3568	866185	5	20	9	\N	\N
4441	2621	866185	7	31	6	\N	\N
4442	2720	866185	9	39	4	\N	\N
4443	3569	866189	2	0	10	\N	\N
4444	3570	866189	4	11	9	\N	\N
4445	3571	866189	5	21	9	\N	\N
4446	2754	866189	7	31	8	\N	\N
4447	3542	866189	9	41	4	\N	\N
4448	3572	866193	2	0	9	\N	\N
4449	3539	866193	4	10	8	\N	\N
4450	3539	866193	5	19	8	\N	\N
4451	2896	866193	7	29	6	\N	\N
4452	2897	866193	9	37	4	\N	\N
4453	3572	866197	2	0	9	\N	\N
4454	3539	866197	4	10	8	\N	\N
4455	3573	866197	5	19	7	\N	\N
4456	3085	866197	7	27	7	\N	\N
4457	3519	866197	9	36	4	\N	\N
4458	3572	866201	2	0	9	\N	\N
4459	3574	866201	4	10	8	\N	\N
4460	3574	866201	5	19	8	\N	\N
4461	2767	866201	7	29	2	\N	\N
4462	2630	866201	7	32	2	\N	\N
4463	2631	866201	7	35	7	\N	\N
4464	2816	866201	9	44	4	\N	\N
4465	3575	866205	2	0	10	\N	\N
4466	3576	866205	4	11	9	\N	\N
4467	3577	866205	5	21	11	\N	\N
4468	3085	866205	7	33	7	\N	\N
4469	3519	866205	9	42	4	\N	\N
4470	3575	866209	2	0	10	\N	\N
4471	3578	866209	4	11	5	\N	\N
4472	3579	866209	5	17	9	\N	\N
4473	3580	866209	7	27	8	\N	\N
4474	2859	866209	9	37	4	\N	\N
4475	3581	866213	2	0	5	\N	\N
4476	3582	866213	4	6	8	\N	\N
4477	3583	866213	5	15	6	\N	\N
4478	3085	866213	7	22	7	\N	\N
4479	3283	866213	9	31	4	\N	\N
4480	3581	866217	2	0	5	\N	\N
4481	3582	866217	4	6	8	\N	\N
4482	2715	866217	5	15	8	\N	\N
4483	3085	866217	7	24	7	\N	\N
4484	3519	866217	9	33	4	\N	\N
4485	3581	866221	2	0	5	\N	\N
4486	3582	866221	4	6	8	\N	\N
4487	3584	866221	5	15	8	\N	\N
4488	3585	866221	7	24	7	\N	\N
4489	3097	866221	9	33	4	\N	\N
4490	3581	866225	2	0	5	\N	\N
4491	3582	866225	4	6	8	\N	\N
4492	3586	866225	5	15	9	\N	\N
4493	3085	866225	7	25	7	\N	\N
4494	2989	866225	9	34	4	\N	\N
4495	3587	866229	2	0	8	\N	\N
4496	3588	866229	4	9	7	\N	\N
4497	3588	866229	5	17	7	\N	\N
4498	2611	866229	7	26	2	\N	\N
4499	2784	866229	7	29	6	\N	\N
4500	3589	866229	9	37	4	\N	\N
4501	2938	872948	2	0	14	\N	\N
4502	2939	872948	4	15	12	\N	\N
4503	3590	872948	5	28	7	\N	\N
4504	2767	872948	7	37	2	\N	\N
4505	2630	872948	7	40	2	\N	\N
4506	2631	872948	7	43	7	\N	\N
4507	3283	872948	9	52	4	\N	\N
4508	3591	872952	2	0	15	\N	\N
4509	3592	872952	4	16	15	\N	\N
4510	3593	872952	5	32	13	\N	\N
4511	3594	872952	7	46	5	\N	\N
4512	3595	872952	7	54	7	\N	\N
4513	3596	872952	9	63	4	\N	\N
4514	3591	872956	2	0	15	\N	\N
4515	3592	872956	4	16	15	\N	\N
4516	3282	872956	5	32	8	\N	\N
4517	3347	872956	7	41	7	\N	\N
4518	3597	872956	9	50	4	\N	\N
4519	3591	872960	2	0	15	\N	\N
4520	3592	872960	4	16	15	\N	\N
4521	3598	872960	5	32	10	\N	\N
4522	2767	872960	7	44	2	\N	\N
4523	2630	872960	7	47	2	\N	\N
4524	2631	872960	7	50	7	\N	\N
4525	2768	872960	9	59	4	\N	\N
4526	3591	872964	2	0	15	\N	\N
4527	3138	872964	4	16	8	\N	\N
4528	3599	872964	5	25	8	\N	\N
4529	3600	872964	7	34	8	\N	\N
4530	2879	872964	9	44	4	\N	\N
4531	3591	872968	2	0	15	\N	\N
4532	3138	872968	4	16	8	\N	\N
4533	3601	872968	5	25	11	\N	\N
4534	2629	872968	7	37	2	\N	\N
4535	3006	872968	7	40	2	\N	\N
4536	3116	872968	7	43	6	\N	\N
4537	2629	872968	7	52	2	\N	\N
4538	3006	872968	7	55	2	\N	\N
4539	3116	872968	7	58	6	\N	\N
4540	3384	872968	7	65	2	\N	\N
4541	3602	872968	9	69	4	\N	\N
4542	3591	872972	2	0	15	\N	\N
4543	3603	872972	4	16	12	\N	\N
4544	3604	872972	5	29	5	\N	\N
4545	3115	872972	7	35	6	\N	\N
4546	2932	872972	9	43	4	\N	\N
4547	3605	872976	2	0	11	\N	\N
4548	2884	872976	4	12	8	\N	\N
4549	3606	872976	5	21	9	\N	\N
4550	3347	872976	7	31	7	\N	\N
4551	2866	872976	9	40	4	\N	\N
4552	3605	872980	2	0	11	\N	\N
4553	2884	872980	4	12	8	\N	\N
4554	3607	872980	5	21	11	\N	\N
4555	3115	872980	7	33	6	\N	\N
4556	3116	872980	7	42	6	\N	\N
4557	3181	872980	9	50	4	\N	\N
4558	3608	872984	2	0	7	\N	\N
4559	3609	872984	4	8	3	\N	\N
4560	3610	872984	5	12	8	\N	\N
4561	2767	872984	7	22	2	\N	\N
4562	2630	872984	7	25	2	\N	\N
4563	2631	872984	7	28	7	\N	\N
4564	2882	872984	9	37	4	\N	\N
4565	3608	872988	2	0	7	\N	\N
4566	3611	872988	4	8	11	\N	\N
4567	3611	872988	5	20	11	\N	\N
4568	2625	872988	7	32	8	\N	\N
4569	2825	872988	9	42	4	\N	\N
4570	3608	872992	2	0	7	\N	\N
4571	2652	872992	4	8	9	\N	\N
4572	2652	872992	5	18	9	\N	\N
4573	3612	872992	7	28	6	\N	\N
4574	2626	872992	9	36	4	\N	\N
4575	3608	872996	2	0	7	\N	\N
4576	3613	872996	4	8	8	\N	\N
4577	3464	872996	5	17	8	\N	\N
4578	3413	872996	7	26	4	\N	\N
4579	3614	872996	9	32	4	\N	\N
4580	3615	873000	2	0	10	\N	\N
4581	3616	873000	4	11	6	\N	\N
4582	3617	873000	5	18	8	\N	\N
4583	3413	873000	7	27	4	\N	\N
4584	3614	873000	9	33	4	\N	\N
4585	2804	1899660	2	0	7	\N	\N
4586	3618	1899660	4	8	6	\N	\N
4587	2928	1899660	7	15	6	\N	\N
4588	3067	1899660	7	24	9	\N	\N
4589	3542	1899660	9	35	4	\N	\N
4590	3619	1899664	2	0	10	\N	\N
4591	3620	1899664	4	11	10	\N	\N
4592	2642	1899664	7	22	5	\N	\N
4593	2922	1899664	9	29	4	\N	\N
4594	3621	1899668	2	0	5	\N	\N
4595	3622	1899668	4	6	8	\N	\N
4596	3459	1899668	7	15	8	\N	\N
4597	3187	1899668	9	25	4	\N	\N
4598	3623	1899672	2	0	6	\N	\N
4599	3624	1899672	4	7	13	\N	\N
4600	2896	1899672	7	22	6	\N	\N
4601	2745	1899672	9	30	4	\N	\N
4602	3625	1899676	2	0	6	\N	\N
4603	3626	1899676	4	7	9	\N	\N
4604	3134	1899676	7	18	4	\N	\N
4605	2785	1899676	9	24	4	\N	\N
4606	3627	1899680	2	0	8	\N	\N
4607	3628	1899680	4	9	8	\N	\N
4608	2615	1899680	7	19	8	\N	\N
4609	2616	1899680	9	29	4	\N	\N
4610	3629	1899684	2	0	11	\N	\N
4611	3630	1899684	4	12	10	\N	\N
4612	2896	1899684	7	24	6	\N	\N
4613	2737	1899684	9	32	4	\N	\N
4614	3629	1899688	2	0	11	\N	\N
4615	3631	1899688	4	12	12	\N	\N
4616	3017	1899688	7	26	7	\N	\N
4617	2995	1899688	7	36	9	\N	\N
4618	2647	1899688	9	47	4	\N	\N
4619	3632	1899692	2	0	8	\N	\N
4620	3633	1899692	4	9	9	\N	\N
4621	3634	1899692	7	19	6	\N	\N
4622	2800	1899692	9	27	4	\N	\N
4623	2788	1899696	2	0	6	\N	\N
4624	3635	1899696	4	7	9	\N	\N
4625	2646	1899696	7	18	9	\N	\N
4626	3200	1899696	9	29	4	\N	\N
4627	3636	1899700	2	0	8	\N	\N
4628	3637	1899700	4	9	16	\N	\N
4629	2615	1899700	7	27	8	\N	\N
4630	2616	1899700	9	37	4	\N	\N
4631	3638	1899704	2	0	12	\N	\N
4632	3639	1899704	4	13	12	\N	\N
4633	3538	1899704	7	27	7	\N	\N
4634	3640	1899704	9	36	4	\N	\N
4635	3638	1899708	2	0	12	\N	\N
4636	3641	1899708	4	13	9	\N	\N
4637	2653	1899708	7	24	7	\N	\N
4638	2822	1899708	7	34	5	\N	\N
4639	2651	1899708	9	41	4	\N	\N
4640	3638	1899712	2	0	12	\N	\N
4641	3642	1899712	4	13	11	\N	\N
4642	2642	1899712	7	26	5	\N	\N
4643	2968	1899712	9	33	4	\N	\N
4644	3638	1899716	2	0	12	\N	\N
4645	3643	1899716	4	13	7	\N	\N
4646	2806	1899716	7	22	8	\N	\N
4647	2797	1899716	9	32	4	\N	\N
4648	3638	1899720	2	0	12	\N	\N
4649	3644	1899720	4	13	7	\N	\N
4650	2928	1899720	7	22	6	\N	\N
4651	3067	1899720	7	31	9	\N	\N
4652	3542	1899720	9	42	4	\N	\N
4653	3638	1899724	2	0	12	\N	\N
4654	3645	1899724	4	13	10	\N	\N
4655	2730	1899724	7	25	6	\N	\N
4656	2647	1899724	9	33	4	\N	\N
4657	3646	1899728	2	0	9	\N	\N
4658	3647	1899728	4	10	12	\N	\N
4659	2754	1899728	7	24	8	\N	\N
4660	2613	1899728	9	34	4	\N	\N
4661	3648	1899732	2	0	12	\N	\N
4662	3649	1899732	4	13	9	\N	\N
4663	2858	1899732	7	23	7	\N	\N
4664	2704	1899732	9	32	4	\N	\N
4665	3650	1899736	2	0	9	\N	\N
4666	3651	1899736	4	10	9	\N	\N
4667	3652	1899736	7	21	8	\N	\N
4668	3653	1899736	9	31	4	\N	\N
4669	3654	1899740	2	0	14	\N	\N
4670	3655	1899740	4	15	13	\N	\N
4671	3656	1899740	7	30	6	\N	\N
4672	2643	1899740	9	38	4	\N	\N
4673	3654	1899748	2	0	14	\N	\N
4674	3657	1899748	4	15	7	\N	\N
4675	2790	1899748	7	23	6	\N	\N
4676	2780	1899748	9	31	4	\N	\N
4677	3658	1899752	2	0	6	\N	\N
4678	3659	1899752	4	7	12	\N	\N
4679	2748	1899752	7	21	10	\N	\N
4680	2858	1899752	7	34	7	\N	\N
4681	3660	1899752	9	43	4	\N	\N
4682	3661	1899756	2	0	11	\N	\N
4683	3662	1899756	4	12	12	\N	\N
4684	2748	1899756	7	25	10	\N	\N
4685	2812	1899756	9	37	4	\N	\N
4686	3663	1899760	2	0	11	\N	\N
4687	3664	1899760	4	12	8	\N	\N
4688	2928	1899760	7	22	6	\N	\N
4689	3067	1899760	7	31	9	\N	\N
4690	3542	1899760	9	42	4	\N	\N
4691	3665	1899764	2	0	8	\N	\N
4692	3666	1899764	4	9	14	\N	\N
4693	2660	1899764	7	25	7	\N	\N
4694	2661	1899764	7	33	6	\N	\N
4695	2662	1899764	9	41	4	\N	\N
4696	3667	1899768	2	0	10	\N	\N
4697	3668	1899768	4	11	10	\N	\N
4698	2958	1899768	7	23	10	\N	\N
4699	3391	1899768	9	35	4	\N	\N
4700	3669	1902390	2	0	12	\N	\N
4701	3670	1902390	4	13	5	\N	\N
4702	3670	1902390	5	19	5	\N	\N
4703	2615	1902390	7	26	8	\N	\N
4704	2687	1902390	9	36	4	\N	\N
4705	3366	1902394	2	0	13	\N	\N
4706	3671	1902394	4	14	8	\N	\N
4707	3672	1902394	5	23	10	\N	\N
4708	3459	1902394	7	35	8	\N	\N
4709	3142	1902394	9	45	4	\N	\N
4710	3366	1902398	2	0	13	\N	\N
4711	3671	1902398	4	14	8	\N	\N
4712	3673	1902398	5	23	7	\N	\N
4713	2664	1902398	7	32	6	\N	\N
4714	2762	1902398	9	40	4	\N	\N
4715	3674	1903757	2	0	13	\N	\N
4716	3675	1903757	4	14	12	\N	\N
4717	2767	1903757	7	27	2	\N	\N
4718	2630	1903757	7	30	2	\N	\N
4719	2631	1903757	7	33	7	\N	\N
4720	3676	1903757	9	42	4	\N	\N
4721	3677	1903761	2	0	6	\N	\N
4722	3678	1903761	4	7	6	\N	\N
4723	3085	1903761	7	14	7	\N	\N
4724	2856	1903761	9	23	4	\N	\N
4725	3679	1903765	2	0	4	\N	\N
4726	3680	1903765	4	5	12	\N	\N
4727	2621	1903765	7	18	6	\N	\N
4728	2720	1903765	9	26	4	\N	\N
4729	3681	1903769	2	0	9	\N	\N
4730	3682	1903769	4	10	9	\N	\N
4731	2754	1903769	7	21	8	\N	\N
4732	2919	1903769	9	31	4	\N	\N
4733	3665	1903773	2	0	8	\N	\N
4734	3683	1903773	4	9	8	\N	\N
4735	2885	1903773	7	19	8	\N	\N
4736	3492	1903773	9	29	4	\N	\N
4737	3674	1903781	2	0	13	\N	\N
4738	3684	1903781	4	14	10	\N	\N
4739	2621	1903781	7	26	6	\N	\N
4740	2622	1903781	9	34	4	\N	\N
4741	3685	1903785	2	0	9	\N	\N
4742	3686	1903785	4	10	11	\N	\N
4743	2962	1903785	7	22	2	\N	\N
4744	2630	1903785	7	25	2	\N	\N
4745	3687	1903785	7	28	5	\N	\N
4746	2850	1903785	9	35	4	\N	\N
4747	3688	1903789	2	0	8	\N	\N
4748	3689	1903789	4	9	8	\N	\N
4749	3690	1903789	7	18	6	\N	\N
4750	2654	1903789	9	26	4	\N	\N
4751	3691	1903845	2	0	6	\N	\N
4752	3195	1903845	4	7	8	\N	\N
4753	3195	1903845	5	16	8	\N	\N
4754	2679	1903845	7	26	2	\N	\N
4755	2680	1903845	7	29	2	\N	\N
4756	2681	1903845	7	32	4	\N	\N
4757	3019	1903845	9	38	4	\N	\N
4758	3692	1905128	2	0	9	\N	\N
4759	3693	1905128	4	10	7	\N	\N
4760	3694	1905128	5	18	12	\N	\N
4761	3695	1905128	7	31	5	\N	\N
4762	3276	1905128	9	38	4	\N	\N
4763	2752	1905132	2	0	12	\N	\N
4764	3696	1905132	4	13	11	\N	\N
4765	3697	1905132	5	25	12	\N	\N
4766	2754	1905132	7	39	8	\N	\N
4767	2711	1905132	9	49	4	\N	\N
4768	3698	4916986	1	0	12	\N	\N
4769	3699	4916986	7	13	9	\N	\N
4770	3555	4916986	7	25	5	\N	\N
4771	3348	4916986	9	32	4	\N	\N
4772	2847	4919716	1	0	12	\N	\N
4773	3459	4919716	7	13	8	\N	\N
4774	3083	4919716	9	23	4	\N	\N
4775	3700	4921091	2	0	7	\N	\N
4776	3701	4921091	4	8	5	\N	\N
4777	2621	4921091	7	15	6	\N	\N
4778	2720	4921091	9	23	4	\N	\N
4779	3702	4921183	1	0	11	\N	\N
4780	3703	4921183	7	12	6	\N	\N
4781	2902	4921183	9	20	4	\N	\N
4782	3704	4927942	2	0	14	\N	\N
4783	3705	4927942	4	15	6	\N	\N
4784	3706	4927942	7	22	6	\N	\N
4785	2785	4927942	9	30	4	\N	\N
4786	3707	4927954	1	0	14	\N	\N
4787	2642	4927954	7	15	5	\N	\N
4788	3708	4927954	9	22	4	\N	\N
4789	3709	4927958	1	0	4	\N	\N
4790	2615	4927958	7	5	8	\N	\N
4791	2687	4927958	9	15	4	\N	\N
4792	3710	4929281	1	0	11	\N	\N
4793	3017	4929281	7	12	7	\N	\N
4794	2882	4929281	9	21	4	\N	\N
4795	3711	4929321	1	0	11	\N	\N
4796	3712	4929321	7	12	7	\N	\N
4797	2997	4929321	9	21	4	\N	\N
4798	3713	4929357	1	0	9	\N	\N
4799	2646	4929357	7	10	9	\N	\N
4800	2989	4929357	9	21	4	\N	\N
4801	3714	4929381	1	0	10	\N	\N
4802	3715	4929381	7	11	11	\N	\N
4803	2946	4929381	9	24	4	\N	\N
4804	3716	4930640	1	0	10	\N	\N
4805	3017	4930640	7	11	7	\N	\N
4806	2654	4930640	9	20	4	\N	\N
4807	3094	4930644	1	0	11	\N	\N
4808	2625	4930644	7	12	8	\N	\N
4809	2776	4930644	9	22	4	\N	\N
4810	3717	4930648	1	0	6	\N	\N
4811	2726	4930648	7	7	8	\N	\N
4812	2886	4930648	9	17	4	\N	\N
4813	3718	4930656	1	0	15	\N	\N
4814	2958	4930656	7	16	10	\N	\N
4815	2866	4930656	9	28	4	\N	\N
4816	3719	4930660	1	0	10	\N	\N
4817	3028	4930660	7	11	5	\N	\N
4818	2993	4930660	9	18	4	\N	\N
4819	3720	4930664	1	0	5	\N	\N
4820	2657	4930664	7	6	9	\N	\N
4821	2873	4930664	9	17	4	\N	\N
4822	3090	4930668	1	0	8	\N	\N
4823	2667	4930668	7	9	8	\N	\N
4824	3721	4930668	9	19	4	\N	\N
4825	3722	4930676	1	0	9	\N	\N
4826	3017	4930676	7	10	7	\N	\N
4827	2997	4930676	9	19	4	\N	\N
4828	3723	4930680	1	0	8	\N	\N
4829	2671	4930680	7	9	6	\N	\N
4830	2780	4930680	9	17	4	\N	\N
4831	3724	4930704	1	0	10	\N	\N
4832	2657	4930704	7	11	9	\N	\N
4833	2737	4930704	9	22	4	\N	\N
4834	3725	4930708	1	0	12	\N	\N
4835	2638	4930708	7	13	6	\N	\N
4836	3045	4930708	9	21	4	\N	\N
4837	3726	4930712	1	0	9	\N	\N
4838	2638	4930712	7	10	6	\N	\N
4839	3045	4930712	9	18	4	\N	\N
4840	3727	4930716	1	0	11	\N	\N
4841	3728	4930716	7	12	7	\N	\N
4842	3381	4930716	9	21	4	\N	\N
4843	3729	4930720	1	0	10	\N	\N
4844	2736	4930720	7	11	9	\N	\N
4845	3730	4930720	9	22	4	\N	\N
4846	3731	4930736	1	0	9	\N	\N
4847	2638	4930736	7	10	6	\N	\N
4848	3045	4930736	9	18	4	\N	\N
4849	3732	4930744	1	0	13	\N	\N
4850	2638	4930744	7	14	6	\N	\N
4851	2647	4930744	9	22	4	\N	\N
4852	3733	4937471	1	0	11	\N	\N
4853	2703	4937471	7	12	5	\N	\N
4854	2993	4937471	9	19	4	\N	\N
4855	3734	4937491	1	0	11	\N	\N
4856	3017	4937491	7	12	7	\N	\N
4857	3018	4937491	7	22	5	\N	\N
4858	3019	4937491	9	29	4	\N	\N
4859	3735	4937499	1	0	6	\N	\N
4860	2625	4937499	7	7	8	\N	\N
4861	3093	4937499	9	17	4	\N	\N
4862	3736	4937503	1	0	13	\N	\N
4863	3085	4937503	7	14	7	\N	\N
4864	3450	4937503	9	23	4	\N	\N
4865	3737	4937511	1	0	9	\N	\N
4866	3530	4937511	7	10	10	\N	\N
4867	3048	4937511	9	22	4	\N	\N
4868	3738	4937523	1	0	11	\N	\N
4869	3017	4937523	7	12	7	\N	\N
4870	2654	4937523	9	21	4	\N	\N
4871	3739	4951121	1	0	8	\N	\N
4872	3715	4951121	7	9	11	\N	\N
4873	3740	4951121	9	22	4	\N	\N
4874	3741	5093189	2	0	8	\N	\N
4875	3742	5093189	4	9	8	\N	\N
4876	3549	5093189	7	18	7	\N	\N
4877	3743	5093189	7	28	7	\N	\N
4878	3247	5093189	9	37	4	\N	\N
4879	3744	5207817	1	0	11	\N	\N
4880	3745	7851025	2	0	10	\N	\N
4881	3746	7851025	4	11	10	\N	\N
4882	3126	7851025	5	22	12	\N	\N
4883	3145	7851025	7	35	7	\N	\N
4884	3344	7851025	9	44	4	\N	\N
4885	3747	7851029	2	0	10	\N	\N
4886	3748	7851029	4	11	7	\N	\N
4887	3749	7851029	5	19	13	\N	\N
4888	3085	7851029	7	34	7	\N	\N
4889	2665	7851029	9	43	4	\N	\N
4890	3747	7851033	2	0	10	\N	\N
4891	2783	7851033	4	11	8	\N	\N
4892	2783	7851033	5	20	8	\N	\N
4893	3750	7851033	7	29	3	\N	\N
4894	2809	7851033	9	34	4	\N	\N
4895	3747	7851037	2	0	10	\N	\N
4896	3751	7851037	4	11	10	\N	\N
4897	2625	7851037	7	22	8	\N	\N
4898	3093	7851037	9	32	4	\N	\N
4899	3747	7851041	2	0	10	\N	\N
4900	2991	7851041	4	11	8	\N	\N
4901	2619	7851041	7	20	2	\N	\N
4902	3296	7851041	7	23	2	\N	\N
4903	2681	7851041	7	26	4	\N	\N
4904	2679	7851041	7	33	2	\N	\N
4905	2680	7851041	7	36	2	\N	\N
4906	2681	7851041	7	39	4	\N	\N
4907	2946	7851041	9	45	4	\N	\N
4908	3752	7851045	2	0	12	\N	\N
4909	3753	7851045	4	13	8	\N	\N
4910	2679	7851045	7	22	2	\N	\N
4911	2680	7851045	7	25	2	\N	\N
4912	2681	7851045	7	28	4	\N	\N
4913	2940	7851045	9	34	4	\N	\N
4914	3754	7851049	2	0	9	\N	\N
4915	3755	7851049	4	10	9	\N	\N
4916	3756	7851049	5	20	9	\N	\N
4917	2962	7851049	7	31	2	\N	\N
4918	2630	7851049	7	34	2	\N	\N
4919	3687	7851049	7	37	5	\N	\N
4920	2850	7851049	9	44	4	\N	\N
4921	3757	7851053	1	0	12	\N	\N
4922	3758	7851053	7	13	10	\N	\N
4923	2668	7851053	9	25	4	\N	\N
4924	3759	7851057	2	0	7	\N	\N
4925	3760	7851057	4	8	9	\N	\N
4926	3686	7851057	5	18	11	\N	\N
4927	2962	7851057	7	31	2	\N	\N
4928	2630	7851057	7	34	2	\N	\N
4929	3687	7851057	7	37	5	\N	\N
4930	2850	7851057	9	44	4	\N	\N
4931	3761	7851061	2	0	8	\N	\N
4932	3762	7851061	4	9	8	\N	\N
4933	3763	7851061	5	18	10	\N	\N
4934	2962	7851061	7	29	2	\N	\N
4935	2630	7851061	7	32	2	\N	\N
4936	3687	7851061	7	35	5	\N	\N
4937	2850	7851061	9	42	4	\N	\N
4938	3764	7851065	1	0	7	\N	\N
4939	3765	7851065	7	8	7	\N	\N
4940	2785	7851065	9	17	4	\N	\N
4941	3766	7851069	2	0	6	\N	\N
4942	3767	7851069	4	7	10	\N	\N
4943	2615	7851069	7	18	8	\N	\N
4944	2687	7851069	9	28	4	\N	\N
4945	3766	7851073	2	0	6	\N	\N
4946	3768	7851073	4	7	6	\N	\N
4947	2621	7851073	7	15	6	\N	\N
4948	2720	7851073	9	23	4	\N	\N
4949	3769	7851077	2	0	14	\N	\N
4950	3770	7851077	4	15	12	\N	\N
4951	3191	7851077	5	28	9	\N	\N
4952	3771	7851077	7	39	8	\N	\N
4953	3009	7851077	9	49	4	\N	\N
4954	3772	7851081	2	0	8	\N	\N
4955	3773	7851081	4	9	11	\N	\N
4956	3774	7851081	5	21	6	\N	\N
4957	3085	7851081	7	29	7	\N	\N
4958	2800	7851081	9	38	4	\N	\N
4959	3772	7851085	2	0	8	\N	\N
4960	3775	7851085	4	9	7	\N	\N
4961	3315	7851085	7	18	5	\N	\N
4962	2816	7851085	9	25	4	\N	\N
4963	3776	7851089	2	0	11	\N	\N
4964	3777	7851089	4	12	11	\N	\N
4965	2758	7851089	7	25	3	\N	\N
4966	2942	7851089	9	30	4	\N	\N
4967	3760	7851093	2	0	9	\N	\N
4968	3778	7851093	4	10	10	\N	\N
4969	2619	7851093	7	22	2	\N	\N
4970	3296	7851093	7	25	2	\N	\N
4971	2681	7851093	7	28	4	\N	\N
4972	2850	7851093	9	34	4	\N	\N
4973	3779	7851097	1	0	12	\N	\N
4974	2679	7851097	7	13	2	\N	\N
4975	2680	7851097	7	16	2	\N	\N
4976	2681	7851097	7	19	4	\N	\N
4977	2882	7851097	9	25	4	\N	\N
4978	3780	7851101	2	0	10	\N	\N
4979	3781	7851101	4	11	9	\N	\N
4980	2660	7851101	7	22	7	\N	\N
4981	2661	7851101	7	30	6	\N	\N
4982	2662	7851101	9	38	4	\N	\N
4983	3782	7851105	1	0	7	\N	\N
4984	3612	7851105	7	8	6	\N	\N
4985	2825	7851105	9	16	4	\N	\N
4986	3783	7851109	2	0	9	\N	\N
4987	3784	7851109	4	10	9	\N	\N
4988	2667	7851109	7	20	8	\N	\N
4989	3785	7851109	9	30	4	\N	\N
4990	3786	7851113	1	0	9	\N	\N
4991	2638	7851113	7	10	6	\N	\N
4992	3487	7851113	9	18	4	\N	\N
4993	3787	7851117	2	0	8	\N	\N
4994	3310	7851117	4	9	8	\N	\N
4995	2679	7851117	7	18	2	\N	\N
4996	2680	7851117	7	21	2	\N	\N
4997	2681	7851117	7	24	4	\N	\N
4998	3042	7851117	9	30	4	\N	\N
4999	3788	7851121	2	0	10	\N	\N
5000	3789	7851121	4	11	12	\N	\N
5001	3790	7851121	7	24	2	\N	\N
5002	3791	7851121	7	27	8	\N	\N
5003	3792	7851121	7	36	13	\N	\N
5004	2671	7851121	7	52	6	\N	\N
5005	2850	7851121	9	60	4	\N	\N
5006	3793	7851125	2	0	10	\N	\N
5007	3794	7851125	4	11	11	\N	\N
5008	3006	7851125	7	24	2	\N	\N
5009	3795	7851125	7	27	8	\N	\N
5010	2749	7851125	9	37	4	\N	\N
5011	2929	7851129	2	0	5	\N	\N
5012	3796	7851129	4	6	11	\N	\N
5013	2619	7851129	7	18	2	\N	\N
5014	2620	7851129	7	21	2	\N	\N
5015	3797	7851129	7	24	7	\N	\N
5016	2643	7851129	9	33	4	\N	\N
5017	2929	7851133	2	0	5	\N	\N
5018	3561	7851133	4	6	6	\N	\N
5019	3798	7851133	5	13	9	\N	\N
5020	2611	7851133	7	23	2	\N	\N
5021	3296	7851133	7	26	2	\N	\N
5022	3687	7851133	7	29	5	\N	\N
5023	2873	7851133	9	36	4	\N	\N
5024	3799	8079102	1	0	13	\N	\N
5025	3800	8199262	2	0	6	\N	\N
5026	2923	8199262	4	7	7	\N	\N
5027	3801	8199262	7	16	6	\N	\N
5028	2727	8199262	9	24	4	\N	\N
5029	3802	8211469	2	0	7	\N	\N
5030	3803	8211469	4	8	11	\N	\N
5031	3804	8211469	5	20	11	\N	\N
5032	3293	8211469	7	32	4	\N	\N
5033	3300	8211469	9	38	4	\N	\N
5034	3805	8211473	2	0	10	\N	\N
5035	3806	8211473	4	11	8	\N	\N
5036	3807	8211473	5	20	10	\N	\N
5037	3347	8211473	7	32	7	\N	\N
5038	2959	8211473	9	41	4	\N	\N
5039	2601	8211477	2	0	8	\N	\N
5040	3808	8211477	4	9	8	\N	\N
5041	3809	8211477	5	18	9	\N	\N
5042	3810	8211477	7	28	9	\N	\N
5043	3811	8211477	9	39	4	\N	\N
5044	3812	8211481	2	0	8	\N	\N
5045	3813	8211481	4	9	10	\N	\N
5046	3813	8211481	5	20	10	\N	\N
5047	2650	8211481	7	32	6	\N	\N
5048	2613	8211481	9	40	4	\N	\N
5049	3812	8211485	2	0	8	\N	\N
5050	3814	8211485	4	9	8	\N	\N
5051	3814	8211485	5	18	8	\N	\N
5052	2899	8211485	7	28	12	\N	\N
5053	2759	8211485	9	42	4	\N	\N
5054	3812	8211489	2	0	8	\N	\N
5055	3815	8211489	4	9	10	\N	\N
5056	3816	8211489	5	20	10	\N	\N
5057	3817	8211489	7	32	9	\N	\N
5058	3348	8211489	9	43	4	\N	\N
5059	3812	8211493	2	0	8	\N	\N
5060	3815	8211493	4	9	10	\N	\N
5061	3818	8211493	5	20	7	\N	\N
5062	2995	8211493	7	29	9	\N	\N
5063	3232	8211493	9	40	4	\N	\N
5064	3819	8211497	2	0	10	\N	\N
5065	3820	8211497	4	11	11	\N	\N
5066	3820	8211497	5	23	11	\N	\N
5067	2740	8211497	7	36	6	\N	\N
5068	2741	8211497	9	44	4	\N	\N
5069	3821	8211501	2	0	5	\N	\N
5070	3821	8211501	4	6	5	\N	\N
5071	3822	8211501	5	12	10	\N	\N
5072	2949	8211501	7	23	5	\N	\N
5073	3823	8211501	9	30	4	\N	\N
5074	3821	8211505	2	0	5	\N	\N
5075	3821	8211505	4	6	5	\N	\N
5076	3824	8211505	5	12	10	\N	\N
5077	3825	8211505	7	23	8	\N	\N
5078	2639	8211505	9	33	4	\N	\N
5079	3821	8211509	2	0	5	\N	\N
5080	3509	8211509	4	6	11	\N	\N
5081	3826	8211509	5	18	7	\N	\N
5082	3327	8211509	7	26	6	\N	\N
5083	3519	8211509	9	34	4	\N	\N
5084	3821	8211513	2	0	5	\N	\N
5085	3509	8211513	4	6	11	\N	\N
5086	3827	8211513	5	18	11	\N	\N
5087	3081	8211513	7	30	7	\N	\N
5088	3828	8211513	9	39	4	\N	\N
5089	3821	8211517	2	0	5	\N	\N
5090	3829	8211517	4	6	9	\N	\N
5091	3830	8211517	5	16	10	\N	\N
5092	3831	8211517	7	27	8	\N	\N
5093	3083	8211517	9	37	4	\N	\N
5094	3821	8211521	2	0	5	\N	\N
5095	3832	8211521	4	6	7	\N	\N
5096	3833	8211521	5	14	9	\N	\N
5097	3265	8211521	7	25	8	\N	\N
5098	3640	8211521	9	35	4	\N	\N
5099	3821	8211525	2	0	5	\N	\N
5100	3834	8211525	4	6	11	\N	\N
5101	3835	8211525	5	18	10	\N	\N
5102	3695	8211525	7	29	5	\N	\N
5103	3206	8211525	9	36	4	\N	\N
5104	3821	8211529	2	0	5	\N	\N
5105	3836	8211529	4	6	7	\N	\N
5106	3837	8211529	5	14	9	\N	\N
5107	2619	8211529	7	25	2	\N	\N
5108	3838	8211529	7	28	10	\N	\N
5109	2737	8211529	9	40	4	\N	\N
5110	3839	8211533	2	0	11	\N	\N
5111	3840	8211533	4	12	11	\N	\N
5112	3841	8211533	5	24	8	\N	\N
5113	3842	8211533	7	34	6	\N	\N
5114	3063	8211533	7	43	5	\N	\N
5115	2859	8211533	9	50	4	\N	\N
5116	3843	8211537	2	0	9	\N	\N
5117	2770	8211537	4	10	7	\N	\N
5118	3844	8211537	5	18	9	\N	\N
5119	3530	8211537	7	28	10	\N	\N
5120	2959	8211537	9	40	4	\N	\N
5121	3843	8211541	2	0	9	\N	\N
5122	2770	8211541	4	10	7	\N	\N
5123	3683	8211541	5	18	8	\N	\N
5124	3845	8211541	7	28	8	\N	\N
5125	2921	8211541	7	39	9	\N	\N
5126	2922	8211541	9	50	4	\N	\N
5127	3843	8211545	2	0	9	\N	\N
5128	2770	8211545	4	10	7	\N	\N
5129	3846	8211545	5	18	9	\N	\N
5130	3299	8211545	7	28	4	\N	\N
5131	3847	8211545	9	34	4	\N	\N
5132	3843	8211549	2	0	9	\N	\N
5133	2770	8211549	4	10	7	\N	\N
5134	3298	8211549	5	18	9	\N	\N
5135	3293	8211549	7	28	4	\N	\N
5136	3300	8211549	9	34	4	\N	\N
5137	3843	8211553	2	0	9	\N	\N
5138	2770	8211553	4	10	7	\N	\N
5139	3848	8211553	5	18	12	\N	\N
5140	3293	8211553	7	31	4	\N	\N
5141	3300	8211553	9	37	4	\N	\N
5142	3843	8211557	2	0	9	\N	\N
5143	2979	8211557	4	10	9	\N	\N
5144	3849	8211557	5	20	8	\N	\N
5145	2806	8211557	7	30	8	\N	\N
5146	2797	8211557	9	40	4	\N	\N
5147	3772	8211561	2	0	8	\N	\N
5148	3850	8211561	4	9	6	\N	\N
5149	3851	8211561	5	16	9	\N	\N
5150	3413	8211561	7	27	4	\N	\N
5151	3852	8211561	9	33	4	\N	\N
5152	3772	8211565	2	0	8	\N	\N
5153	3850	8211565	4	9	6	\N	\N
5154	3853	8211565	5	16	9	\N	\N
5155	2625	8211565	7	27	8	\N	\N
5156	2626	8211565	9	37	4	\N	\N
5157	3772	8211569	2	0	8	\N	\N
5158	3854	8211569	4	9	7	\N	\N
5159	3855	8211569	5	17	9	\N	\N
5160	3856	8211569	7	27	9	\N	\N
5161	3481	8211569	9	38	4	\N	\N
5162	3857	8211573	2	0	9	\N	\N
5163	3858	8211573	4	10	4	\N	\N
5164	3859	8211573	5	15	4	\N	\N
5165	3860	8211573	7	21	6	\N	\N
5166	3861	8211573	9	29	4	\N	\N
